/* 由 tools/embed_web.c 自动生成，请勿手改 */
#ifndef WEB_EMBEDDED_H
#define WEB_EMBEDDED_H

static const unsigned char EMB_INDEX_HTML[] = {
0x3c,0x21,0x44,0x4f,0x43,0x54,0x59,0x50,0x45,0x20,0x68,0x74,0x6d,0x6c,0x3e,0x0a,
0x3c,0x68,0x74,0x6d,0x6c,0x20,0x6c,0x61,0x6e,0x67,0x3d,0x22,0x7a,0x68,0x2d,0x43,
0x4e,0x22,0x3e,0x0a,0x3c,0x68,0x65,0x61,0x64,0x3e,0x0a,0x3c,0x6d,0x65,0x74,0x61,
0x20,0x63,0x68,0x61,0x72,0x73,0x65,0x74,0x3d,0x22,0x75,0x74,0x66,0x2d,0x38,0x22,
0x3e,0x0a,0x3c,0x6d,0x65,0x74,0x61,0x20,0x6e,0x61,0x6d,0x65,0x3d,0x22,0x76,0x69,
0x65,0x77,0x70,0x6f,0x72,0x74,0x22,0x20,0x63,0x6f,0x6e,0x74,0x65,0x6e,0x74,0x3d,
0x22,0x77,0x69,0x64,0x74,0x68,0x3d,0x64,0x65,0x76,0x69,0x63,0x65,0x2d,0x77,0x69,
0x64,0x74,0x68,0x2c,0x20,0x69,0x6e,0x69,0x74,0x69,0x61,0x6c,0x2d,0x73,0x63,0x61,
0x6c,0x65,0x3d,0x31,0x22,0x3e,0x0a,0x3c,0x74,0x69,0x74,0x6c,0x65,0x3e,0xe6,0x96,
0x87,0xe4,0xbb,0xb6,0xe5,0x8d,0xa0,0xe7,0x94,0xa8,0xe8,0xaf,0x8a,0xe6,0x96,0xad,
0xe5,0x99,0xa8,0x3c,0x2f,0x74,0x69,0x74,0x6c,0x65,0x3e,0x0a,0x3c,0x6c,0x69,0x6e,
0x6b,0x20,0x72,0x65,0x6c,0x3d,0x22,0x73,0x74,0x79,0x6c,0x65,0x73,0x68,0x65,0x65,
0x74,0x22,0x20,0x68,0x72,0x65,0x66,0x3d,0x22,0x73,0x74,0x79,0x6c,0x65,0x2e,0x63,
0x73,0x73,0x22,0x3e,0x0a,0x3c,0x2f,0x68,0x65,0x61,0x64,0x3e,0x0a,0x3c,0x62,0x6f,
0x64,0x79,0x3e,0x0a,0x0a,0x3c,0x68,0x65,0x61,0x64,0x65,0x72,0x3e,0x0a,0x20,0x20,
0x3c,0x64,0x69,0x76,0x20,0x63,0x6c,0x61,0x73,0x73,0x3d,0x22,0x62,0x72,0x61,0x6e,
0x64,0x22,0x3e,0x0a,0x20,0x20,0x20,0x20,0x3c,0x64,0x69,0x76,0x20,0x63,0x6c,0x61,
0x73,0x73,0x3d,0x22,0x6c,0x6f,0x67,0x6f,0x22,0x3e,0xf0,0x9f,0x94,0x92,0x3c,0x2f,
0x64,0x69,0x76,0x3e,0x0a,0x20,0x20,0x20,0x20,0x3c,0x64,0x69,0x76,0x3e,0x0a,0x20,
0x20,0x20,0x20,0x20,0x20,0x3c,0x68,0x31,0x3e,0xe6,0x96,0x87,0xe4,0xbb,0xb6,0xe5,
0x8d,0xa0,0xe7,0x94,0xa8,0xe8,0xaf,0x8a,0xe6,0x96,0xad,0xe5,0x99,0xa8,0x3c,0x2f,
0x68,0x31,0x3e,0x0a,0x20,0x20,0x20,0x20,0x20,0x20,0x3c,0x70,0x3e,0xe6,0x9f,0xa5,
0xe6,0x98,0x8e,0xe6,0x96,0x87,0xe4,0xbb,0xb6,0xe4,0xb8,0xba,0xe4,0xbb,0x80,0xe4,
0xb9,0x88,0xe8,0xa2,0xab,0xe5,0x8d,0xa0,0xe7,0x94,0xa8,0x20,0xc2,0xb7,0x20,0xe7,
0x9b,0xb4,0xe6,0x8e,0xa5,0xe7,0xbb,0x99,0xe5,0x87,0xba,0xe8,0xa7,0xa3,0xe5,0x86,
0xb3,0xe5,0x8a,0x9e,0xe6,0xb3,0x95,0x3c,0x2f,0x70,0x3e,0x0a,0x20,0x20,0x20,0x20,
0x3c,0x2f,0x64,0x69,0x76,0x3e,0x0a,0x20,0x20,0x3c,0x2f,0x64,0x69,0x76,0x3e,0x0a,
0x20,0x20,0x3c,0x64,0x69,0x76,0x20,0x63,0x6c,0x61,0x73,0x73,0x3d,0x22,0x62,0x61,
0x64,0x67,0x65,0x20,0x70,0x6c,0x61,0x74,0x66,0x6f,0x72,0x6d,0x22,0x20,0x69,0x64,
0x3d,0x22,0x70,0x6c,0x61,0x74,0x66,0x6f,0x72,0x6d,0x22,0x3e,0xe6,0xa3,0x80,0xe6,
0xb5,0x8b,0xe4,0xb8,0xad,0xe2,0x80,0xa6,0x3c,0x2f,0x64,0x69,0x76,0x3e,0x0a,0x3c,
0x2f,0x68,0x65,0x61,0x64,0x65,0x72,0x3e,0x0a,0x0a,0x3c,0x6d,0x61,0x69,0x6e,0x3e,
0x0a,0x0a,0x20,0x20,0x3c,0x73,0x65,0x63,0x74,0x69,0x6f,0x6e,0x20,0x63,0x6c,0x61,
0x73,0x73,0x3d,0x22,0x63,0x61,0x72,0x64,0x22,0x3e,0x0a,0x20,0x20,0x20,0x20,0x3c,
0x64,0x69,0x76,0x20,0x63,0x6c,0x61,0x73,0x73,0x3d,0x22,0x74,0x61,0x62,0x73,0x22,
0x3e,0x0a,0x20,0x20,0x20,0x20,0x20,0x20,0x3c,0x62,0x75,0x74,0x74,0x6f,0x6e,0x20,
0x63,0x6c,0x61,0x73,0x73,0x3d,0x22,0x74,0x61,0x62,0x20,0x61,0x63,0x74,0x69,0x76,
0x65,0x22,0x20,0x64,0x61,0x74,0x61,0x2d,0x74,0x61,0x62,0x3d,0x22,0x73,0x63,0x61,
0x6e,0x22,0x3e,0xf0,0x9f,0x93,0x81,0x20,0xe6,0x96,0x87,0xe4,0xbb,0xb6,0x20,0x2f,
0x20,0xe6,0x96,0x87,0xe4,0xbb,0xb6,0xe5,0xa4,0xb9,0xe6,0xa3,0x80,0xe6,0xb5,0x8b,
0x3c,0x2f,0x62,0x75,0x74,0x74,0x6f,0x6e,0x3e,0x0a,0x20,0x20,0x20,0x20,0x20,0x20,
0x3c,0x62,0x75,0x74,0x74,0x6f,0x6e,0x20,0x63,0x6c,0x61,0x73,0x73,0x3d,0x22,0x74,
0x61,0x62,0x22,0x20,0x64,0x61,0x74,0x61,0x2d,0x74,0x61,0x62,0x3d,0x22,0x70,0x61,
0x73,0x74,0x65,0x22,0x3e,0xf0,0x9f,0x93,0x8b,0x20,0xe6,0x8a,0xa5,0xe9,0x94,0x99,
0xe6,0x8f,0x90,0xe7,0xa4,0xba,0xe5,0x88,0x86,0xe6,0x9e,0x90,0x3c,0x2f,0x62,0x75,
0x74,0x74,0x6f,0x6e,0x3e,0x0a,0x20,0x20,0x20,0x20,0x3c,0x2f,0x64,0x69,0x76,0x3e,
0x0a,0x0a,0x20,0x20,0x20,0x20,0x3c,0x64,0x69,0x76,0x20,0x63,0x6c,0x61,0x73,0x73,
0x3d,0x22,0x70,0x61,0x6e,0x65,0x6c,0x20,0x61,0x63,0x74,0x69,0x76,0x65,0x22,0x20,
0x69,0x64,0x3d,0x22,0x70,0x61,0x6e,0x65,0x6c,0x2d,0x73,0x63,0x61,0x6e,0x22,0x3e,
0x0a,0x20,0x20,0x20,0x20,0x20,0x20,0x3c,0x64,0x69,0x76,0x20,0x63,0x6c,0x61,0x73,
0x73,0x3d,0x22,0x72,0x6f,0x77,0x22,0x3e,0x0a,0x20,0x20,0x20,0x20,0x20,0x20,0x20,
0x20,0x3c,0x69,0x6e,0x70,0x75,0x74,0x20,0x69,0x64,0x3d,0x22,0x70,0x61,0x74,0x68,
0x49,0x6e,0x70,0x75,0x74,0x22,0x20,0x74,0x79,0x70,0x65,0x3d,0x22,0x74,0x65,0x78,
0x74,0x22,0x20,0x73,0x70,0x65,0x6c,0x6c,0x63,0x68,0x65,0x63,0x6b,0x3d,0x22,0x66,
0x61,0x6c,0x73,0x65,0x22,0x0a,0x20,0x20,0x20,0x20,0x20,0x20,0x20,0x20,0x20,0x20,
0x20,0x20,0x20,0x20,0x20,0x70,0x6c,0x61,0x63,0x65,0x68,0x6f,0x6c,0x64,0x65,0x72,
0x3d,0x22,0xe8,0xbe,0x93,0xe5,0x85,0xa5,0xe6,0x88,0x96,0xe7,0xb2,0x98,0xe8,0xb4,
0xb4,0xe6,0x96,0x87,0xe4,0xbb,0xb6,0x20,0x2f,0x20,0xe6,0x96,0x87,0xe4,0xbb,0xb6,
0xe5,0xa4,0xb9,0xe8,0xb7,0xaf,0xe5,0xbe,0x84,0xef,0xbc,0x8c,0xe4,0xbe,0x8b,0xe5,
0xa6,0x82,0x20,0x43,0x3a,0x5c,0x55,0x73,0x65,0x72,0x73,0x5c,0x6d,0x65,0x5c,0x44,
0x65,0x73,0x6b,0x74,0x6f,0x70,0x5c,0xe6,0x8a,0xa5,0xe8,0xa1,0xa8,0x2e,0x78,0x6c,
0x73,0x78,0x22,0x3e,0x0a,0x20,0x20,0x20,0x20,0x20,0x20,0x3c,0x2f,0x64,0x69,0x76,
0x3e,0x0a,0x20,0x20,0x20,0x20,0x20,0x20,0x3c,0x64,0x69,0x76,0x20,0x63,0x6c,0x61,
0x73,0x73,0x3d,0x22,0x72,0x6f,0x77,0x20,0x62,0x74,0x6e,0x73,0x22,0x3e,0x0a,0x20,
0x20,0x20,0x20,0x20,0x20,0x20,0x20,0x3c,0x62,0x75,0x74,0x74,0x6f,0x6e,0x20,0x63,
0x6c,0x61,0x73,0x73,0x3d,0x22,0x62,0x74,0x6e,0x20,0x67,0x68,0x6f,0x73,0x74,0x22,
0x20,0x69,0x64,0x3d,0x22,0x62,0x72,0x6f,0x77,0x73,0x65,0x46,0x69,0x6c,0x65,0x22,
0x3e,0xf0,0x9f,0x97,0x82,0x20,0xe9,0x80,0x89,0xe6,0x8b,0xa9,0xe6,0x96,0x87,0xe4,
0xbb,0xb6,0x3c,0x2f,0x62,0x75,0x74,0x74,0x6f,0x6e,0x3e,0x0a,0x20,0x20,0x20,0x20,
0x20,0x20,0x20,0x20,0x3c,0x62,0x75,0x74,0x74,0x6f,0x6e,0x20,0x63,0x6c,0x61,0x73,
0x73,0x3d,0x22,0x62,0x74,0x6e,0x20,0x67,0x68,0x6f,0x73,0x74,0x22,0x20,0x69,0x64,
0x3d,0x22,0x62,0x72,0x6f,0x77,0x73,0x65,0x44,0x69,0x72,0x22,0x3e,0xf0,0x9f,0x93,
0x82,0x20,0xe9,0x80,0x89,0xe6,0x8b,0xa9,0xe6,0x96,0x87,0xe4,0xbb,0xb6,0xe5,0xa4,
0xb9,0x3c,0x2f,0x62,0x75,0x74,0x74,0x6f,0x6e,0x3e,0x0a,0x20,0x20,0x20,0x20,0x20,
0x20,0x20,0x20,0x3c,0x62,0x75,0x74,0x74,0x6f,0x6e,0x20,0x63,0x6c,0x61,0x73,0x73,
0x3d,0x22,0x62,0x74,0x6e,0x20,0x70,0x72,0x69,0x6d,0x61,0x72,0x79,0x22,0x20,0x69,
0x64,0x3d,0x22,0x73,0x63,0x61,0x6e,0x42,0x74,0x6e,0x22,0x3e,0xf0,0x9f,0x94,0x8d,
0x20,0xe5,0xbc,0x80,0xe5,0xa7,0x8b,0xe6,0xa3,0x80,0xe6,0xb5,0x8b,0x3c,0x2f,0x62,
0x75,0x74,0x74,0x6f,0x6e,0x3e,0x0a,0x20,0x20,0x20,0x20,0x20,0x20,0x3c,0x2f,0x64,
0x69,0x76,0x3e,0x0a,0x20,0x20,0x20,0x20,0x20,0x20,0x3c,0x64,0x69,0x76,0x20,0x63,
0x6c,0x61,0x73,0x73,0x3d,0x22,0x64,0x72,0x6f,0x70,0x2d,0x68,0x69,0x6e,0x74,0x22,
0x3e,0xf0,0x9f,0x92,0xa1,0x20,0xe4,0xb9,0x9f,0xe5,0x8f,0xaf,0xe4,0xbb,0xa5,0xe7,
0x9b,0xb4,0xe6,0x8e,0xa5,0xe6,0x8a,0x8a,0xe6,0x96,0x87,0xe4,0xbb,0xb6,0x20,0x2f,
0x20,0xe6,0x96,0x87,0xe4,0xbb,0xb6,0xe5,0xa4,0xb9,0xe6,0x8b,0x96,0xe8,0xbf,0x9b,
0xe9,0xa1,0xb5,0xe9,0x9d,0xa2,0x3c,0x2f,0x64,0x69,0x76,0x3e,0x0a,0x20,0x20,0x20,
0x20,0x20,0x20,0x3c,0x6c,0x61,0x62,0x65,0x6c,0x20,0x63,0x6c,0x61,0x73,0x73,0x3d,
0x22,0x63,0x68,0x65,0x63,0x6b,0x22,0x3e,0x0a,0x20,0x20,0x20,0x20,0x20,0x20,0x20,
0x20,0x3c,0x69,0x6e,0x70,0x75,0x74,0x20,0x74,0x79,0x70,0x65,0x3d,0x22,0x63,0x68,
0x65,0x63,0x6b,0x62,0x6f,0x78,0x22,0x20,0x69,0x64,0x3d,0x22,0x64,0x65,0x65,0x70,
0x53,0x63,0x61,0x6e,0x22,0x3e,0x0a,0x20,0x20,0x20,0x20,0x20,0x20,0x20,0x20,0xe9,
0x80,0x92,0xe5,0xbd,0x92,0xe6,0x89,0xab,0xe6,0x8f,0x8f,0xe7,0x9b,0xae,0xe5,0xbd,
0x95,0xe9,0x87,0x8c,0xe8,0xa2,0xab,0xe6,0x89,0x93,0xe5,0xbc,0x80,0xe7,0x9a,0x84,
0xe6,0x96,0x87,0xe4,0xbb,0xb6,0xef,0xbc,0x88,0xe6,0x9b,0xb4,0xe5,0xbd,0xbb,0xe5,
0xba,0x95,0xef,0xbc,0x8c,0xe9,0x80,0x9f,0xe5,0xba,0xa6,0xe8,0xbe,0x83,0xe6,0x85,
0xa2,0xef,0xbc,0x89,0x0a,0x20,0x20,0x20,0x20,0x20,0x20,0x3c,0x2f,0x6c,0x61,0x62,
0x65,0x6c,0x3e,0x0a,0x20,0x20,0x20,0x20,0x3c,0x2f,0x64,0x69,0x76,0x3e,0x0a,0x0a,
0x20,0x20,0x20,0x20,0x3c,0x64,0x69,0x76,0x20,0x63,0x6c,0x61,0x73,0x73,0x3d,0x22,
0x70,0x61,0x6e,0x65,0x6c,0x22,0x20,0x69,0x64,0x3d,0x22,0x70,0x61,0x6e,0x65,0x6c,
0x2d,0x70,0x61,0x73,0x74,0x65,0x22,0x3e,0x0a,0x20,0x20,0x20,0x20,0x20,0x20,0x3c,
0x74,0x65,0x78,0x74,0x61,0x72,0x65,0x61,0x20,0x69,0x64,0x3d,0x22,0x70,0x61,0x73,
0x74,0x65,0x49,0x6e,0x70,0x75,0x74,0x22,0x20,0x72,0x6f,0x77,0x73,0x3d,0x22,0x36,
0x22,0x20,0x73,0x70,0x65,0x6c,0x6c,0x63,0x68,0x65,0x63,0x6b,0x3d,0x22,0x66,0x61,
0x6c,0x73,0x65,0x22,0x0a,0x20,0x20,0x20,0x20,0x20,0x20,0x20,0x20,0x70,0x6c,0x61,
0x63,0x65,0x68,0x6f,0x6c,0x64,0x65,0x72,0x3d,0x22,0xe6,0x8a,0x8a,0xe7,0xb3,0xbb,
0xe7,0xbb,0x9f,0xe5,0xbc,0xb9,0xe5,0x87,0xba,0xe7,0x9a,0x84,0xe6,0x8a,0xa5,0xe9,
0x94,0x99,0xe6,0x8f,0x90,0xe7,0xa4,0xba,0xe7,0xb2,0x98,0xe8,0xb4,0xb4,0xe5,0x88,
0xb0,0xe8,0xbf,0x99,0xe9,0x87,0x8c,0xef,0xbc,0x8c,0xe4,0xbe,0x8b,0xe5,0xa6,0x82,
0xef,0xbc,0x9a,0x26,0x23,0x31,0x30,0x3b,0xe2,0x80,0x9c,0xe6,0x93,0x8d,0xe4,0xbd,
0x9c,0xe6,0x97,0xa0,0xe6,0xb3,0x95,0xe5,0xae,0x8c,0xe6,0x88,0x90,0xef,0xbc,0x8c,
0xe5,0x9b,0xa0,0xe4,0xb8,0xba,0xe6,0x96,0x87,0xe4,0xbb,0xb6,0xe5,0xb7,0xb2,0xe5,
0x9c,0xa8,0xe5,0x8f,0xa6,0xe4,0xb8,0x80,0xe7,0xa8,0x8b,0xe5,0xba,0x8f,0xe4,0xb8,
0xad,0xe6,0x89,0x93,0xe5,0xbc,0x80,0xe3,0x80,0x82,0xe2,0x80,0x9d,0x26,0x23,0x31,
0x30,0x3b,0xe2,0x80,0x9c,0xe5,0x8f,0xa6,0xe4,0xb8,0x80,0xe4,0xb8,0xaa,0xe7,0xa8,
0x8b,0xe5,0xba,0x8f,0xe6,0xad,0xa3,0xe5,0x9c,0xa8,0xe4,0xbd,0xbf,0xe7,0x94,0xa8,
0xe6,0xad,0xa4,0xe6,0x96,0x87,0xe4,0xbb,0xb6,0xef,0xbc,0x8c,0xe8,0xbf,0x9b,0xe7,
0xa8,0x8b,0xe6,0x97,0xa0,0xe6,0xb3,0x95,0xe8,0xae,0xbf,0xe9,0x97,0xae,0xe3,0x80,
0x82,0xe2,0x80,0x9d,0x22,0x3e,0x3c,0x2f,0x74,0x65,0x78,0x74,0x61,0x72,0x65,0x61,
0x3e,0x0a,0x20,0x20,0x20,0x20,0x20,0x20,0x3c,0x64,0x69,0x76,0x20,0x63,0x6c,0x61,
0x73,0x73,0x3d,0x22,0x63,0x68,0x69,0x70,0x73,0x22,0x3e,0x0a,0x20,0x20,0x20,0x20,
0x20,0x20,0x20,0x20,0x3c,0x73,0x70,0x61,0x6e,0x20,0x63,0x6c,0x61,0x73,0x73,0x3d,
0x22,0x63,0x68,0x69,0x70,0x2d,0x6c,0x61,0x62,0x65,0x6c,0x22,0x3e,0xe8,0xaf,0x95,
0xe8,0xaf,0x95,0xe7,0xa4,0xba,0xe4,0xbe,0x8b,0xef,0xbc,0x9a,0x3c,0x2f,0x73,0x70,
0x61,0x6e,0x3e,0x0a,0x20,0x20,0x20,0x20,0x20,0x20,0x20,0x20,0x3c,0x62,0x75,0x74,
0x74,0x6f,0x6e,0x20,0x63,0x6c,0x61,0x73,0x73,0x3d,0x22,0x63,0x68,0x69,0x70,0x22,
0x20,0x64,0x61,0x74,0x61,0x2d,0x64,0x65,0x6d,0x6f,0x3d,0x22,0xe6,0x93,0x8d,0xe4,
0xbd,0x9c,0xe6,0x97,0xa0,0xe6,0xb3,0x95,0xe5,0xae,0x8c,0xe6,0x88,0x90,0xef,0xbc,
0x8c,0xe5,0x9b,0xa0,0xe4,0xb8,0xba,0xe6,0x96,0x87,0xe4,0xbb,0xb6,0xe5,0xb7,0xb2,
0xe5,0x9c,0xa8,0xe5,0x8f,0xa6,0xe4,0xb8,0x80,0xe7,0xa8,0x8b,0xe5,0xba,0x8f,0xe4,
0xb8,0xad,0xe6,0x89,0x93,0xe5,0xbc,0x80,0xe3,0x80,0x82,0x22,0x3e,0xe6,0x96,0x87,
0xe4,0xbb,0xb6,0xe8,0xa2,0xab,0xe5,0x8d,0xa0,0xe7,0x94,0xa8,0x3c,0x2f,0x62,0x75,
0x74,0x74,0x6f,0x6e,0x3e,0x0a,0x20,0x20,0x20,0x20,0x20,0x20,0x20,0x20,0x3c,0x62,
0x75,0x74,0x74,0x6f,0x6e,0x20,0x63,0x6c,0x61,0x73,0x73,0x3d,0x22,0x63,0x68,0x69,
0x70,0x22,0x20,0x64,0x61,0x74,0x61,0x2d,0x64,0x65,0x6d,0x6f,0x3d,0x22,0xe6,0x8b,
0x92,0xe7,0xbb,0x9d,0xe8,0xae,0xbf,0xe9,0x97,0xae,0xe3,0x80,0x82,0xe4,0xbd,0xa0,
0xe9,0x9c,0x80,0xe8,0xa6,0x81,0xe6,0x9d,0x83,0xe9,0x99,0x90,0xe6,0x89,0x8d,0xe8,
0x83,0xbd,0xe6,0x89,0xa7,0xe8,0xa1,0x8c,0xe6,0xad,0xa4,0xe6,0x93,0x8d,0xe4,0xbd,
0x9c,0xe3,0x80,0x82,0x22,0x3e,0xe6,0x8b,0x92,0xe7,0xbb,0x9d,0xe8,0xae,0xbf,0xe9,
0x97,0xae,0x3c,0x2f,0x62,0x75,0x74,0x74,0x6f,0x6e,0x3e,0x0a,0x20,0x20,0x20,0x20,
0x20,0x20,0x20,0x20,0x3c,0x62,0x75,0x74,0x74,0x6f,0x6e,0x20,0x63,0x6c,0x61,0x73,
0x73,0x3d,0x22,0x63,0x68,0x69,0x70,0x22,0x20,0x64,0x61,0x74,0x61,0x2d,0x64,0x65,
0x6d,0x6f,0x3d,0x22,0xe6,0x93,0x8d,0xe4,0xbd,0x9c,0xe6,0x97,0xa0,0xe6,0xb3,0x95,
0xe5,0xae,0x8c,0xe6,0x88,0x90,0xef,0xbc,0x8c,0xe5,0x9b,0xa0,0xe4,0xb8,0xba,0xe5,
0x85,0xb6,0xe4,0xb8,0xad,0xe7,0x9a,0x84,0xe6,0x96,0x87,0xe4,0xbb,0xb6,0xe5,0xa4,
0xb9,0xe6,0x88,0x96,0xe6,0x96,0x87,0xe4,0xbb,0xb6,0xe5,0xb7,0xb2,0xe5,0x9c,0xa8,
0xe5,0x8f,0xa6,0xe4,0xb8,0x80,0xe7,0xa8,0x8b,0xe5,0xba,0x8f,0xe4,0xb8,0xad,0xe6,
0x89,0x93,0xe5,0xbc,0x80,0xe3,0x80,0x82,0xe8,0xaf,0xb7,0xe5,0x85,0xb3,0xe9,0x97,
0xad,0xe8,0xaf,0xa5,0xe6,0x96,0x87,0xe4,0xbb,0xb6,0xe6,0x88,0x96,0xe6,0x96,0x87,
0xe4,0xbb,0xb6,0xe5,0xa4,0xb9,0xef,0xbc,0x8c,0xe7,0x84,0xb6,0xe5,0x90,0x8e,0xe9,
0x87,0x8d,0xe8,0xaf,0x95,0xe3,0x80,0x82,0x22,0x3e,0xe6,0x96,0x87,0xe4,0xbb,0xb6,
0xe5,0xa4,0xb9,0xe8,0xa2,0xab,0xe5,0x8d,0xa0,0xe7,0x94,0xa8,0x3c,0x2f,0x62,0x75,
0x74,0x74,0x6f,0x6e,0x3e,0x0a,0x20,0x20,0x20,0x20,0x20,0x20,0x20,0x20,0x3c,0x62,
0x75,0x74,0x74,0x6f,0x6e,0x20,0x63,0x6c,0x61,0x73,0x73,0x3d,0x22,0x63,0x68,0x69,
0x70,0x22,0x20,0x64,0x61,0x74,0x61,0x2d,0x64,0x65,0x6d,0x6f,0x3d,0x22,0xe6,0x97,
0xa0,0xe6,0xb3,0x95,0xe5,0x88,0xa0,0xe9,0x99,0xa4,0xe6,0x96,0x87,0xe4,0xbb,0xb6,
0xef,0xbc,0x9a,0xe7,0xa3,0x81,0xe7,0x9b,0x98,0xe8,0xa2,0xab,0xe5,0x86,0x99,0xe4,
0xbf,0x9d,0xe6,0x8a,0xa4,0xe3,0x80,0x82,0x22,0x3e,0xe5,0x86,0x99,0xe4,0xbf,0x9d,
0xe6,0x8a,0xa4,0x3c,0x2f,0x62,0x75,0x74,0x74,0x6f,0x6e,0x3e,0x0a,0x20,0x20,0x20,
0x20,0x20,0x20,0x3c,0x2f,0x64,0x69,0x76,0x3e,0x0a,0x20,0x20,0x20,0x20,0x20,0x20,
0x3c,0x64,0x69,0x76,0x20,0x63,0x6c,0x61,0x73,0x73,0x3d,0x22,0x72,0x6f,0x77,0x20,
0x62,0x74,0x6e,0x73,0x22,0x3e,0x0a,0x20,0x20,0x20,0x20,0x20,0x20,0x20,0x20,0x3c,
0x62,0x75,0x74,0x74,0x6f,0x6e,0x20,0x63,0x6c,0x61,0x73,0x73,0x3d,0x22,0x62,0x74,
0x6e,0x20,0x70,0x72,0x69,0x6d,0x61,0x72,0x79,0x22,0x20,0x69,0x64,0x3d,0x22,0x61,
0x6e,0x61,0x6c,0x79,0x7a,0x65,0x42,0x74,0x6e,0x22,0x3e,0xe2,0x9c,0xa8,0x20,0xe5,
0x88,0x86,0xe6,0x9e,0x90,0xe5,0xb9,0xb6,0xe7,0xbb,0x99,0xe5,0x87,0xba,0xe5,0xaf,
0xb9,0xe7,0xad,0x96,0x3c,0x2f,0x62,0x75,0x74,0x74,0x6f,0x6e,0x3e,0x0a,0x20,0x20,
0x20,0x20,0x20,0x20,0x3c,0x2f,0x64,0x69,0x76,0x3e,0x0a,0x20,0x20,0x20,0x20,0x3c,
0x2f,0x64,0x69,0x76,0x3e,0x0a,0x20,0x20,0x3c,0x2f,0x73,0x65,0x63,0x74,0x69,0x6f,
0x6e,0x3e,0x0a,0x0a,0x20,0x20,0x3c,0x73,0x65,0x63,0x74,0x69,0x6f,0x6e,0x20,0x63,
0x6c,0x61,0x73,0x73,0x3d,0x22,0x63,0x61,0x72,0x64,0x20,0x68,0x69,0x64,0x64,0x65,
0x6e,0x22,0x20,0x69,0x64,0x3d,0x22,0x72,0x65,0x73,0x75,0x6c,0x74,0x43,0x61,0x72,
0x64,0x22,0x3e,0x0a,0x20,0x20,0x20,0x20,0x3c,0x64,0x69,0x76,0x20,0x63,0x6c,0x61,
0x73,0x73,0x3d,0x22,0x72,0x65,0x73,0x75,0x6c,0x74,0x2d,0x68,0x65,0x61,0x64,0x22,
0x3e,0x0a,0x20,0x20,0x20,0x20,0x20,0x20,0x3c,0x68,0x32,0x20,0x69,0x64,0x3d,0x22,
0x72,0x65,0x73,0x75,0x6c,0x74,0x54,0x69,0x74,0x6c,0x65,0x22,0x3e,0xe8,0xaf,0x8a,
0xe6,0x96,0xad,0xe7,0xbb,0x93,0xe6,0x9e,0x9c,0x3c,0x2f,0x68,0x32,0x3e,0x0a,0x20,
0x20,0x20,0x20,0x20,0x20,0x3c,0x64,0x69,0x76,0x20,0x63,0x6c,0x61,0x73,0x73,0x3d,
0x22,0x68,0x65,0x61,0x64,0x2d,0x72,0x69,0x67,0x68,0x74,0x22,0x3e,0x0a,0x20,0x20,
0x20,0x20,0x20,0x20,0x20,0x20,0x3c,0x62,0x75,0x74,0x74,0x6f,0x6e,0x20,0x63,0x6c,
0x61,0x73,0x73,0x3d,0x22,0x62,0x74,0x6e,0x20,0x70,0x72,0x69,0x6d,0x61,0x72,0x79,
0x22,0x20,0x69,0x64,0x3d,0x22,0x66,0x6f,0x72,0x63,0x65,0x43,0x6c,0x65,0x61,0x6e,
0x42,0x74,0x6e,0x22,0x3e,0xe2,0x9a,0xa1,0x20,0xe5,0xbc,0xba,0xe5,0x8a,0x9b,0xe6,
0xb8,0x85,0xe9,0x99,0xa4,0x3c,0x2f,0x62,0x75,0x74,0x74,0x6f,0x6e,0x3e,0x0a,0x20,
0x20,0x20,0x20,0x20,0x20,0x20,0x20,0x3c,0x62,0x75,0x74,0x74,0x6f,0x6e,0x20,0x63,
0x6c,0x61,0x73,0x73,0x3d,0x22,0x62,0x74,0x6e,0x20,0x67,0x68,0x6f,0x73,0x74,0x22,
0x20,0x69,0x64,0x3d,0x22,0x75,0x6e,0x6c,0x6f,0x63,0x6b,0x42,0x74,0x6e,0x22,0x3e,
0xf0,0x9f,0x94,0x93,0x20,0xe9,0x87,0x8a,0xe6,0x94,0xbe,0xe5,0x8d,0xa0,0xe7,0x94,
0xa8,0x3c,0x2f,0x62,0x75,0x74,0x74,0x6f,0x6e,0x3e,0x0a,0x20,0x20,0x20,0x20,0x20,
0x20,0x20,0x20,0x3c,0x62,0x75,0x74,0x74,0x6f,0x6e,0x20,0x63,0x6c,0x61,0x73,0x73,
0x3d,0x22,0x62,0x74,0x6e,0x20,0x64,0x61,0x6e,0x67,0x65,0x72,0x22,0x20,0x69,0x64,
0x3d,0x22,0x64,0x65,0x6c,0x65,0x74,0x65,0x42,0x74,0x6e,0x22,0x3e,0xf0,0x9f,0x97,
0x91,0x20,0xe5,0x88,0xa0,0xe9,0x99,0xa4,0x3c,0x2f,0x62,0x75,0x74,0x74,0x6f,0x6e,
0x3e,0x0a,0x20,0x20,0x20,0x20,0x20,0x20,0x20,0x20,0x3c,0x62,0x75,0x74,0x74,0x6f,
0x6e,0x20,0x63,0x6c,0x61,0x73,0x73,0x3d,0x22,0x62,0x74,0x6e,0x20,0x67,0x68,0x6f,
0x73,0x74,0x22,0x20,0x69,0x64,0x3d,0x22,0x63,0x6f,0x70,0x79,0x52,0x65,0x70,0x6f,
0x72,0x74,0x22,0x3e,0xf0,0x9f,0x93,0x8b,0x20,0xe5,0xa4,0x8d,0xe5,0x88,0xb6,0xe6,
0x8a,0xa5,0xe5,0x91,0x8a,0x3c,0x2f,0x62,0x75,0x74,0x74,0x6f,0x6e,0x3e,0x0a,0x20,
0x20,0x20,0x20,0x20,0x20,0x20,0x20,0x3c,0x62,0x75,0x74,0x74,0x6f,0x6e,0x20,0x63,
0x6c,0x61,0x73,0x73,0x3d,0x22,0x62,0x74,0x6e,0x20,0x67,0x68,0x6f,0x73,0x74,0x22,
0x20,0x69,0x64,0x3d,0x22,0x65,0x78,0x70,0x6f,0x72,0x74,0x4d,0x64,0x22,0x3e,0xf0,
0x9f,0x93,0xa5,0x20,0xe5,0xaf,0xbc,0xe5,0x87,0xba,0xe6,0x8a,0xa5,0xe5,0x91,0x8a,
0x3c,0x2f,0x62,0x75,0x74,0x74,0x6f,0x6e,0x3e,0x0a,0x20,0x20,0x20,0x20,0x20,0x20,
0x20,0x20,0x3c,0x64,0x69,0x76,0x20,0x63,0x6c,0x61,0x73,0x73,0x3d,0x22,0x63,0x6f,
0x6e,0x63,0x6c,0x75,0x73,0x69,0x6f,0x6e,0x22,0x20,0x69,0x64,0x3d,0x22,0x63,0x6f,
0x6e,0x63,0x6c,0x75,0x73,0x69,0x6f,0x6e,0x22,0x3e,0x3c,0x2f,0x64,0x69,0x76,0x3e,
0x0a,0x20,0x20,0x20,0x20,0x20,0x20,0x3c,0x2f,0x64,0x69,0x76,0x3e,0x0a,0x20,0x20,
0x20,0x20,0x3c,0x2f,0x64,0x69,0x76,0x3e,0x0a,0x0a,0x20,0x20,0x20,0x20,0x3c,0x64,
0x69,0x76,0x20,0x63,0x6c,0x61,0x73,0x73,0x3d,0x22,0x73,0x74,0x61,0x74,0x75,0x73,
0x2d,0x72,0x6f,0x77,0x22,0x20,0x69,0x64,0x3d,0x22,0x73,0x74,0x61,0x74,0x75,0x73,
0x52,0x6f,0x77,0x22,0x3e,0x3c,0x2f,0x64,0x69,0x76,0x3e,0x0a,0x0a,0x20,0x20,0x20,
0x20,0x3c,0x64,0x69,0x76,0x20,0x63,0x6c,0x61,0x73,0x73,0x3d,0x22,0x62,0x6c,0x6f,
0x63,0x6b,0x20,0x68,0x69,0x64,0x64,0x65,0x6e,0x22,0x20,0x69,0x64,0x3d,0x22,0x62,
0x61,0x74,0x63,0x68,0x42,0x6c,0x6f,0x63,0x6b,0x22,0x3e,0x0a,0x20,0x20,0x20,0x20,
0x20,0x20,0x3c,0x68,0x33,0x3e,0xf0,0x9f,0x93,0x8b,0x20,0xe6,0x89,0xb9,0xe9,0x87,
0x8f,0xe6,0xa3,0x80,0xe6,0xb5,0x8b,0xe7,0xbb,0x93,0xe6,0x9e,0x9c,0x3c,0x2f,0x68,
0x33,0x3e,0x0a,0x20,0x20,0x20,0x20,0x20,0x20,0x3c,0x74,0x61,0x62,0x6c,0x65,0x20,
0x63,0x6c,0x61,0x73,0x73,0x3d,0x22,0x6c,0x6f,0x63,0x6b,0x65,0x72,0x2d,0x74,0x61,
0x62,0x6c,0x65,0x22,0x3e,0x0a,0x20,0x20,0x20,0x20,0x20,0x20,0x20,0x20,0x3c,0x74,
0x68,0x65,0x61,0x64,0x3e,0x0a,0x20,0x20,0x20,0x20,0x20,0x20,0x20,0x20,0x20,0x20,
0x3c,0x74,0x72,0x3e,0x3c,0x74,0x68,0x3e,0xe8,0xb7,0xaf,0xe5,0xbe,0x84,0x3c,0x2f,
0x74,0x68,0x3e,0x3c,0x74,0x68,0x3e,0xe7,0xb1,0xbb,0xe5,0x9e,0x8b,0x3c,0x2f,0x74,
0x68,0x3e,0x3c,0x74,0x68,0x3e,0xe5,0x8d,0xa0,0xe7,0x94,0xa8,0x3c,0x2f,0x74,0x68,
0x3e,0x3c,0x74,0x68,0x3e,0xe7,0xbb,0x93,0xe8,0xae,0xba,0x3c,0x2f,0x74,0x68,0x3e,
0x3c,0x74,0x68,0x3e,0x3c,0x2f,0x74,0x68,0x3e,0x3c,0x2f,0x74,0x72,0x3e,0x0a,0x20,
0x20,0x20,0x20,0x20,0x20,0x20,0x20,0x3c,0x2f,0x74,0x68,0x65,0x61,0x64,0x3e,0x0a,
0x20,0x20,0x20,0x20,0x20,0x20,0x20,0x20,0x3c,0x74,0x62,0x6f,0x64,0x79,0x20,0x69,
0x64,0x3d,0x22,0x62,0x61,0x74,0x63,0x68,0x42,0x6f,0x64,0x79,0x22,0x3e,0x3c,0x2f,
0x74,0x62,0x6f,0x64,0x79,0x3e,0x0a,0x20,0x20,0x20,0x20,0x20,0x20,0x3c,0x2f,0x74,
0x61,0x62,0x6c,0x65,0x3e,0x0a,0x20,0x20,0x20,0x20,0x3c,0x2f,0x64,0x69,0x76,0x3e,
0x0a,0x0a,0x20,0x20,0x20,0x20,0x3c,0x64,0x69,0x76,0x20,0x63,0x6c,0x61,0x73,0x73,
0x3d,0x22,0x62,0x6c,0x6f,0x63,0x6b,0x20,0x68,0x69,0x64,0x64,0x65,0x6e,0x22,0x20,
0x69,0x64,0x3d,0x22,0x6c,0x6f,0x63,0x6b,0x65,0x72,0x42,0x6c,0x6f,0x63,0x6b,0x22,
0x3e,0x0a,0x20,0x20,0x20,0x20,0x20,0x20,0x3c,0x68,0x33,0x3e,0xf0,0x9f,0xa7,0xa9,
0x20,0xe5,0x8d,0xa0,0xe7,0x94,0xa8,0xe8,0xbf,0x9b,0xe7,0xa8,0x8b,0x3c,0x2f,0x68,
0x33,0x3e,0x0a,0x20,0x20,0x20,0x20,0x20,0x20,0x3c,0x74,0x61,0x62,0x6c,0x65,0x20,
0x63,0x6c,0x61,0x73,0x73,0x3d,0x22,0x6c,0x6f,0x63,0x6b,0x65,0x72,0x2d,0x74,0x61,
0x62,0x6c,0x65,0x22,0x3e,0x0a,0x20,0x20,0x20,0x20,0x20,0x20,0x20,0x20,0x3c,0x74,
0x68,0x65,0x61,0x64,0x3e,0x0a,0x20,0x20,0x20,0x20,0x20,0x20,0x20,0x20,0x20,0x20,
0x3c,0x74,0x72,0x3e,0x3c,0x74,0x68,0x3e,0x50,0x49,0x44,0x3c,0x2f,0x74,0x68,0x3e,
0x3c,0x74,0x68,0x3e,0xe8,0xbf,0x9b,0xe7,0xa8,0x8b,0xe5,0x90,0x8d,0x3c,0x2f,0x74,
0x68,0x3e,0x3c,0x74,0x68,0x3e,0xe8,0xb7,0xaf,0xe5,0xbe,0x84,0x20,0x2f,0x20,0xe8,
0xaf,0xb4,0xe6,0x98,0x8e,0x3c,0x2f,0x74,0x68,0x3e,0x3c,0x74,0x68,0x3e,0x3c,0x2f,
0x74,0x68,0x3e,0x3c,0x2f,0x74,0x72,0x3e,0x0a,0x20,0x20,0x20,0x20,0x20,0x20,0x20,
0x20,0x3c,0x2f,0x74,0x68,0x65,0x61,0x64,0x3e,0x0a,0x20,0x20,0x20,0x20,0x20,0x20,
0x20,0x20,0x3c,0x74,0x62,0x6f,0x64,0x79,0x20,0x69,0x64,0x3d,0x22,0x6c,0x6f,0x63,
0x6b,0x65,0x72,0x42,0x6f,0x64,0x79,0x22,0x3e,0x3c,0x2f,0x74,0x62,0x6f,0x64,0x79,
0x3e,0x0a,0x20,0x20,0x20,0x20,0x20,0x20,0x3c,0x2f,0x74,0x61,0x62,0x6c,0x65,0x3e,
0x0a,0x20,0x20,0x20,0x20,0x3c,0x2f,0x64,0x69,0x76,0x3e,0x0a,0x0a,0x20,0x20,0x20,
0x20,0x3c,0x64,0x69,0x76,0x20,0x63,0x6c,0x61,0x73,0x73,0x3d,0x22,0x62,0x6c,0x6f,
0x63,0x6b,0x20,0x68,0x69,0x64,0x64,0x65,0x6e,0x22,0x20,0x69,0x64,0x3d,0x22,0x72,
0x65,0x61,0x73,0x6f,0x6e,0x42,0x6c,0x6f,0x63,0x6b,0x22,0x3e,0x0a,0x20,0x20,0x20,
0x20,0x20,0x20,0x3c,0x68,0x33,0x3e,0xf0,0x9f,0x94,0x8e,0x20,0xe5,0x8e,0x9f,0xe5,
0x9b,0xa0,0xe5,0x88,0x86,0xe6,0x9e,0x90,0x3c,0x2f,0x68,0x33,0x3e,0x0a,0x20,0x20,
0x20,0x20,0x20,0x20,0x3c,0x6f,0x6c,0x20,0x63,0x6c,0x61,0x73,0x73,0x3d,0x22,0x69,
0x74,0x65,0x6d,0x73,0x22,0x20,0x69,0x64,0x3d,0x22,0x72,0x65,0x61,0x73,0x6f,0x6e,
0x4c,0x69,0x73,0x74,0x22,0x3e,0x3c,0x2f,0x6f,0x6c,0x3e,0x0a,0x20,0x20,0x20,0x20,
0x3c,0x2f,0x64,0x69,0x76,0x3e,0x0a,0x0a,0x20,0x20,0x20,0x20,0x3c,0x64,0x69,0x76,
0x20,0x63,0x6c,0x61,0x73,0x73,0x3d,0x22,0x62,0x6c,0x6f,0x63,0x6b,0x20,0x68,0x69,
0x64,0x64,0x65,0x6e,0x22,0x20,0x69,0x64,0x3d,0x22,0x66,0x69,0x78,0x42,0x6c,0x6f,
0x63,0x6b,0x22,0x3e,0x0a,0x20,0x20,0x20,0x20,0x20,0x20,0x3c,0x68,0x33,0x3e,0xf0,
0x9f,0x9b,0xa0,0x20,0xe8,0xa7,0xa3,0xe5,0x86,0xb3,0xe5,0x8a,0x9e,0xe6,0xb3,0x95,
0x3c,0x2f,0x68,0x33,0x3e,0x0a,0x20,0x20,0x20,0x20,0x20,0x20,0x3c,0x6f,0x6c,0x20,
0x63,0x6c,0x61,0x73,0x73,0x3d,0x22,0x69,0x74,0x65,0x6d,0x73,0x20,0x66,0x69,0x78,
0x65,0x73,0x22,0x20,0x69,0x64,0x3d,0x22,0x66,0x69,0x78,0x4c,0x69,0x73,0x74,0x22,
0x3e,0x3c,0x2f,0x6f,0x6c,0x3e,0x0a,0x20,0x20,0x20,0x20,0x3c,0x2f,0x64,0x69,0x76,
0x3e,0x0a,0x0a,0x20,0x20,0x20,0x20,0x3c,0x64,0x69,0x76,0x20,0x63,0x6c,0x61,0x73,
0x73,0x3d,0x22,0x62,0x6c,0x6f,0x63,0x6b,0x20,0x68,0x69,0x64,0x64,0x65,0x6e,0x22,
0x20,0x69,0x64,0x3d,0x22,0x70,0x61,0x74,0x68,0x42,0x6c,0x6f,0x63,0x6b,0x22,0x3e,
0x0a,0x20,0x20,0x20,0x20,0x20,0x20,0x3c,0x68,0x33,0x3e,0xf0,0x9f,0x93,0x8e,0x20,
0xe6,0x8f,0x90,0xe7,0xa4,0xba,0xe4,0xb8,0xad,0xe6,0xa3,0x80,0xe6,0xb5,0x8b,0xe5,
0x88,0xb0,0xe7,0x9a,0x84,0xe8,0xb7,0xaf,0xe5,0xbe,0x84,0x3c,0x2f,0x68,0x33,0x3e,
0x0a,0x20,0x20,0x20,0x20,0x20,0x20,0x3c,0x64,0x69,0x76,0x20,0x63,0x6c,0x61,0x73,
0x73,0x3d,0x22,0x70,0x61,0x74,0x68,0x2d,0x6c,0x69,0x6e,0x6b,0x73,0x22,0x20,0x69,
0x64,0x3d,0x22,0x70,0x61,0x74,0x68,0x4c,0x69,0x6e,0x6b,0x73,0x22,0x3e,0x3c,0x2f,
0x64,0x69,0x76,0x3e,0x0a,0x20,0x20,0x20,0x20,0x3c,0x2f,0x64,0x69,0x76,0x3e,0x0a,
0x20,0x20,0x3c,0x2f,0x73,0x65,0x63,0x74,0x69,0x6f,0x6e,0x3e,0x0a,0x0a,0x20,0x20,
0x3c,0x73,0x65,0x63,0x74,0x69,0x6f,0x6e,0x20,0x63,0x6c,0x61,0x73,0x73,0x3d,0x22,
0x63,0x61,0x72,0x64,0x20,0x68,0x69,0x64,0x64,0x65,0x6e,0x22,0x20,0x69,0x64,0x3d,
0x22,0x68,0x69,0x73,0x74,0x6f,0x72,0x79,0x43,0x61,0x72,0x64,0x22,0x3e,0x0a,0x20,
0x20,0x20,0x20,0x3c,0x64,0x69,0x76,0x20,0x63,0x6c,0x61,0x73,0x73,0x3d,0x22,0x74,
0x69,0x70,0x73,0x2d,0x68,0x65,0x61,0x64,0x22,0x3e,0x0a,0x20,0x20,0x20,0x20,0x20,
0x20,0x3c,0x68,0x33,0x3e,0xf0,0x9f,0x95,0x98,0x20,0xe6,0xa3,0x80,0xe6,0xb5,0x8b,
0xe5,0x8e,0x86,0xe5,0x8f,0xb2,0x3c,0x2f,0x68,0x33,0x3e,0x0a,0x20,0x20,0x20,0x20,
0x20,0x20,0x3c,0x62,0x75,0x74,0x74,0x6f,0x6e,0x20,0x63,0x6c,0x61,0x73,0x73,0x3d,
0x22,0x62,0x74,0x6e,0x20,0x64,0x61,0x6e,0x67,0x65,0x72,0x22,0x20,0x69,0x64,0x3d,
0x22,0x63,0x6c,0x65,0x61,0x72,0x48,0x69,0x73,0x74,0x6f,0x72,0x79,0x22,0x3e,0xe6,
0xb8,0x85,0xe7,0xa9,0xba,0xe5,0x8e,0x86,0xe5,0x8f,0xb2,0x3c,0x2f,0x62,0x75,0x74,
0x74,0x6f,0x6e,0x3e,0x0a,0x20,0x20,0x20,0x20,0x3c,0x2f,0x64,0x69,0x76,0x3e,0x0a,
0x20,0x20,0x20,0x20,0x3c,0x64,0x69,0x76,0x20,0x63,0x6c,0x61,0x73,0x73,0x3d,0x22,
0x68,0x69,0x73,0x74,0x6f,0x72,0x79,0x2d,0x6c,0x69,0x73,0x74,0x22,0x20,0x69,0x64,
0x3d,0x22,0x68,0x69,0x73,0x74,0x6f,0x72,0x79,0x4c,0x69,0x73,0x74,0x22,0x3e,0x3c,
0x2f,0x64,0x69,0x76,0x3e,0x0a,0x20,0x20,0x3c,0x2f,0x73,0x65,0x63,0x74,0x69,0x6f,
0x6e,0x3e,0x0a,0x0a,0x20,0x20,0x3c,0x73,0x65,0x63,0x74,0x69,0x6f,0x6e,0x20,0x63,
0x6c,0x61,0x73,0x73,0x3d,0x22,0x63,0x61,0x72,0x64,0x20,0x74,0x69,0x70,0x73,0x22,
0x3e,0x0a,0x20,0x20,0x20,0x20,0x3c,0x64,0x69,0x76,0x20,0x63,0x6c,0x61,0x73,0x73,
0x3d,0x22,0x74,0x69,0x70,0x73,0x2d,0x68,0x65,0x61,0x64,0x22,0x3e,0x0a,0x20,0x20,
0x20,0x20,0x20,0x20,0x3c,0x68,0x33,0x3e,0xf0,0x9f,0x92,0xa1,0x20,0xe5,0xb0,0x8f,
0xe6,0x8f,0x90,0xe7,0xa4,0xba,0x3c,0x2f,0x68,0x33,0x3e,0x0a,0x20,0x20,0x20,0x20,
0x20,0x20,0x3c,0x6c,0x61,0x62,0x65,0x6c,0x20,0x63,0x6c,0x61,0x73,0x73,0x3d,0x22,
0x63,0x68,0x65,0x63,0x6b,0x22,0x3e,0x0a,0x20,0x20,0x20,0x20,0x20,0x20,0x20,0x20,
0x3c,0x69,0x6e,0x70,0x75,0x74,0x20,0x74,0x79,0x70,0x65,0x3d,0x22,0x63,0x68,0x65,
0x63,0x6b,0x62,0x6f,0x78,0x22,0x20,0x69,0x64,0x3d,0x22,0x63,0x6c,0x69,0x70,0x57,
0x61,0x74,0x63,0x68,0x22,0x20,0x63,0x68,0x65,0x63,0x6b,0x65,0x64,0x3e,0x0a,0x20,
0x20,0x20,0x20,0x20,0x20,0x20,0x20,0xe8,0x87,0xaa,0xe5,0x8a,0xa8,0xe6,0x84,0x9f,
0xe7,0x9f,0xa5,0xe5,0x89,0xaa,0xe8,0xb4,0xb4,0xe6,0x9d,0xbf,0xe9,0x87,0x8c,0xe7,
0x9a,0x84,0xe6,0x8a,0xa5,0xe9,0x94,0x99,0xe6,0x8f,0x90,0xe7,0xa4,0xba,0x0a,0x20,
0x20,0x20,0x20,0x20,0x20,0x3c,0x2f,0x6c,0x61,0x62,0x65,0x6c,0x3e,0x0a,0x20,0x20,
0x20,0x20,0x3c,0x2f,0x64,0x69,0x76,0x3e,0x0a,0x20,0x20,0x20,0x20,0x3c,0x75,0x6c,
0x3e,0x0a,0x20,0x20,0x20,0x20,0x20,0x20,0x3c,0x6c,0x69,0x3e,0xe7,0x9b,0xb4,0xe6,
0x8e,0xa5,0xe6,0x8a,0x8a,0x3c,0x62,0x3e,0xe6,0x96,0x87,0xe4,0xbb,0xb6,0x2f,0xe6,
0x96,0x87,0xe4,0xbb,0xb6,0xe5,0xa4,0xb9,0xe6,0x8b,0x96,0xe8,0xbf,0x9b,0xe6,0x9c,
0xac,0xe9,0xa1,0xb5,0xe9,0x9d,0xa2,0x3c,0x2f,0x62,0x3e,0xe5,0x8d,0xb3,0xe5,0x8f,
0xaf,0xe6,0xa3,0x80,0xe6,0xb5,0x8b,0xef,0xbc,0x88,0xe8,0x87,0xaa,0xe5,0x8a,0xa8,
0xe5,0xae,0x9a,0xe4,0xbd,0x8d,0xe7,0x9c,0x9f,0xe5,0xae,0x9e,0xe8,0xb7,0xaf,0xe5,
0xbe,0x84,0xef,0xbc,0x89,0x3c,0x2f,0x6c,0x69,0x3e,0x0a,0x20,0x20,0x20,0x20,0x20,
0x20,0x3c,0x6c,0x69,0x3e,0xe5,0xa4,0x8d,0xe5,0x88,0xb6,0xe6,0x8a,0xa5,0xe9,0x94,
0x99,0xe6,0x8f,0x90,0xe7,0xa4,0xba,0xe5,0x90,0x8e,0xef,0xbc,0x8c,0xe9,0xa1,0xb5,
0xe9,0x9d,0xa2,0xe4,0xbc,0x9a,0xe8,0x87,0xaa,0xe5,0x8a,0xa8,0xe5,0xbc,0xb9,0xe5,
0x87,0xba,0xe2,0x80,0x9c,0xe7,0xab,0x8b,0xe5,0x8d,0xb3,0xe5,0x88,0x86,0xe6,0x9e,
0x90,0xe2,0x80,0x9d,0xe5,0xbb,0xba,0xe8,0xae,0xae,0x3c,0x2f,0x6c,0x69,0x3e,0x0a,
0x20,0x20,0x20,0x20,0x20,0x20,0x3c,0x6c,0x69,0x3e,0x57,0x69,0x6e,0x64,0x6f,0x77,
0x73,0x20,0xe4,0xb8,0x8a,0xe9,0xa1,0xbd,0xe5,0x9b,0xba,0xe5,0x8d,0xa0,0xe7,0x94,
0xa8,0xef,0xbc,0x8c,0xe5,0x8f,0xaf,0xe8,0xaf,0x95,0xe8,0xaf,0x95,0xe9,0x87,0x8d,
0xe5,0x90,0xaf,0xe8,0xb5,0x84,0xe6,0xba,0x90,0xe7,0xae,0xa1,0xe7,0x90,0x86,0xe5,
0x99,0xa8,0xef,0xbc,0x88,0xe6,0x9c,0xac,0xe5,0xb7,0xa5,0xe5,0x85,0xb7,0xe4,0xbc,
0x9a,0xe7,0xbb,0x99,0xe5,0x87,0xba,0xe5,0x85,0xb7,0xe4,0xbd,0x93,0xe5,0x91,0xbd,
0xe4,0xbb,0xa4,0xef,0xbc,0x89,0x3c,0x2f,0x6c,0x69,0x3e,0x0a,0x20,0x20,0x20,0x20,
0x20,0x20,0x3c,0x6c,0x69,0x3e,0x6d,0x61,0x63,0x4f,0x53,0x20,0xe6,0x8f,0x90,0xe7,
0xa4,0xba,0xe2,0x80,0x9c,0xe6,0xb2,0xa1,0xe6,0x9c,0x89,0xe6,0x9d,0x83,0xe9,0x99,
0x90,0xe2,0x80,0x9d,0xe6,0x97,0xb6,0xef,0xbc,0x8c,0xe8,0xae,0xb0,0xe5,0xbe,0x97,
0xe7,0xbb,0x99,0x20,0x41,0x70,0x70,0x20,0xe6,0x8e,0x88,0xe4,0xba,0x88,0xe3,0x80,
0x8c,0xe5,0xae,0x8c,0xe5,0x85,0xa8,0xe7,0xa3,0x81,0xe7,0x9b,0x98,0xe8,0xae,0xbf,
0xe9,0x97,0xae,0xe6,0x9d,0x83,0xe9,0x99,0x90,0xe3,0x80,0x8d,0x3c,0x2f,0x6c,0x69,
0x3e,0x0a,0x20,0x20,0x20,0x20,0x20,0x20,0x3c,0x6c,0x69,0x3e,0xe6,0x9c,0xac,0xe5,
0xb7,0xa5,0xe5,0x85,0xb7,0xe5,0x8f,0xaa,0xe7,0x9b,0x91,0xe5,0x90,0xac,0xe6,0x9c,
0xac,0xe6,0x9c,0xba,0x20,0x31,0x32,0x37,0x2e,0x30,0x2e,0x30,0x2e,0x31,0xef,0xbc,
0x8c,0xe4,0xb8,0x8d,0xe4,0xb8,0x8a,0xe4,0xbc,0xa0,0xe4,0xbb,0xbb,0xe4,0xbd,0x95,
0xe6,0x95,0xb0,0xe6,0x8d,0xae,0x3c,0x2f,0x6c,0x69,0x3e,0x0a,0x20,0x20,0x20,0x20,
0x3c,0x2f,0x75,0x6c,0x3e,0x0a,0x20,0x20,0x3c,0x2f,0x73,0x65,0x63,0x74,0x69,0x6f,
0x6e,0x3e,0x0a,0x0a,0x3c,0x2f,0x6d,0x61,0x69,0x6e,0x3e,0x0a,0x0a,0x3c,0x64,0x69,
0x76,0x20,0x69,0x64,0x3d,0x22,0x64,0x72,0x6f,0x70,0x4f,0x76,0x65,0x72,0x6c,0x61,
0x79,0x22,0x20,0x63,0x6c,0x61,0x73,0x73,0x3d,0x22,0x64,0x72,0x6f,0x70,0x2d,0x6f,
0x76,0x65,0x72,0x6c,0x61,0x79,0x20,0x68,0x69,0x64,0x64,0x65,0x6e,0x22,0x3e,0x0a,
0x20,0x20,0x3c,0x64,0x69,0x76,0x20,0x63,0x6c,0x61,0x73,0x73,0x3d,0x22,0x64,0x72,
0x6f,0x70,0x2d,0x69,0x6e,0x6e,0x65,0x72,0x22,0x3e,0xf0,0x9f,0x93,0xa5,0x20,0xe6,
0x9d,0xbe,0xe5,0xbc,0x80,0xe9,0xbc,0xa0,0xe6,0xa0,0x87,0xef,0xbc,0x8c,0xe7,0xab,
0x8b,0xe5,0x8d,0xb3,0xe6,0xa3,0x80,0xe6,0xb5,0x8b,0xe8,0xaf,0xa5,0xe6,0x96,0x87,
0xe4,0xbb,0xb6,0x20,0x2f,0x20,0xe6,0x96,0x87,0xe4,0xbb,0xb6,0xe5,0xa4,0xb9,0x3c,
0x2f,0x64,0x69,0x76,0x3e,0x0a,0x3c,0x2f,0x64,0x69,0x76,0x3e,0x0a,0x3c,0x64,0x69,
0x76,0x20,0x69,0x64,0x3d,0x22,0x74,0x6f,0x61,0x73,0x74,0x57,0x72,0x61,0x70,0x22,
0x3e,0x3c,0x2f,0x64,0x69,0x76,0x3e,0x0a,0x0a,0x3c,0x66,0x6f,0x6f,0x74,0x65,0x72,
0x3e,0x66,0x69,0x6c,0x65,0x6c,0x6f,0x63,0x6b,0x20,0xc2,0xb7,0x20,0xe6,0x9c,0xac,
0xe5,0x9c,0xb0,0xe8,0xbf,0x90,0xe8,0xa1,0x8c,0x20,0xc2,0xb7,0x20,0xe6,0x95,0xb0,
0xe6,0x8d,0xae,0xe4,0xb8,0x8d,0xe5,0x87,0xba,0xe6,0x9c,0xac,0xe6,0x9c,0xba,0x3c,
0x2f,0x66,0x6f,0x6f,0x74,0x65,0x72,0x3e,0x0a,0x3c,0x73,0x63,0x72,0x69,0x70,0x74,
0x20,0x73,0x72,0x63,0x3d,0x22,0x61,0x70,0x70,0x2e,0x6a,0x73,0x22,0x3e,0x3c,0x2f,
0x73,0x63,0x72,0x69,0x70,0x74,0x3e,0x0a,0x3c,0x2f,0x62,0x6f,0x64,0x79,0x3e,0x0a,
0x3c,0x2f,0x68,0x74,0x6d,0x6c,0x3e,0x0a,
};
static const unsigned int EMB_INDEX_HTML_LEN = 5704;

static const unsigned char EMB_APP_JS[] = {
0x2f,0x2a,0x20,0x66,0x69,0x6c,0x65,0x6c,0x6f,0x63,0x6b,0x20,0xe2,0x80,0x94,0x20,
0xe7,0x95,0x8c,0xe9,0x9d,0xa2,0xe9,0x80,0xbb,0xe8,0xbe,0x91,0x20,0x2a,0x2f,0x0a,
0x28,0x66,0x75,0x6e,0x63,0x74,0x69,0x6f,0x6e,0x20,0x28,0x29,0x20,0x7b,0x0a,0x20,
0x20,0x22,0x75,0x73,0x65,0x20,0x73,0x74,0x72,0x69,0x63,0x74,0x22,0x3b,0x0a,0x0a,
0x20,0x20,0x63,0x6f,0x6e,0x73,0x74,0x20,0x24,0x20,0x3d,0x20,0x28,0x69,0x64,0x29,
0x20,0x3d,0x3e,0x20,0x64,0x6f,0x63,0x75,0x6d,0x65,0x6e,0x74,0x2e,0x67,0x65,0x74,
0x45,0x6c,0x65,0x6d,0x65,0x6e,0x74,0x42,0x79,0x49,0x64,0x28,0x69,0x64,0x29,0x3b,
0x0a,0x0a,0x20,0x20,0x2f,0x2a,0x20,0x2d,0x2d,0x2d,0x2d,0x2d,0x2d,0x2d,0x2d,0x2d,
0x2d,0x20,0xe5,0xb9,0xb3,0xe5,0x8f,0xb0,0xe6,0xa0,0x87,0xe8,0xaf,0x86,0x20,0x2d,
0x2d,0x2d,0x2d,0x2d,0x2d,0x2d,0x2d,0x2d,0x2d,0x20,0x2a,0x2f,0x0a,0x20,0x20,0x28,
0x66,0x75,0x6e,0x63,0x74,0x69,0x6f,0x6e,0x20,0x70,0x6c,0x61,0x74,0x66,0x6f,0x72,
0x6d,0x28,0x29,0x20,0x7b,0x0a,0x20,0x20,0x20,0x20,0x63,0x6f,0x6e,0x73,0x74,0x20,
0x75,0x61,0x20,0x3d,0x20,0x6e,0x61,0x76,0x69,0x67,0x61,0x74,0x6f,0x72,0x2e,0x75,
0x73,0x65,0x72,0x41,0x67,0x65,0x6e,0x74,0x3b,0x0a,0x20,0x20,0x20,0x20,0x6c,0x65,
0x74,0x20,0x70,0x20,0x3d,0x20,0x22,0xe6,0x9c,0xaa,0xe7,0x9f,0xa5,0xe7,0xb3,0xbb,
0xe7,0xbb,0x9f,0x22,0x3b,0x0a,0x20,0x20,0x20,0x20,0x69,0x66,0x20,0x28,0x75,0x61,
0x2e,0x69,0x6e,0x63,0x6c,0x75,0x64,0x65,0x73,0x28,0x22,0x57,0x69,0x6e,0x64,0x6f,
0x77,0x73,0x22,0x29,0x29,0x20,0x70,0x20,0x3d,0x20,0x22,0x57,0x69,0x6e,0x64,0x6f,
0x77,0x73,0x22,0x3b,0x0a,0x20,0x20,0x20,0x20,0x65,0x6c,0x73,0x65,0x20,0x69,0x66,
0x20,0x28,0x75,0x61,0x2e,0x69,0x6e,0x63,0x6c,0x75,0x64,0x65,0x73,0x28,0x22,0x4d,
0x61,0x63,0x20,0x4f,0x53,0x22,0x29,0x20,0x7c,0x7c,0x20,0x75,0x61,0x2e,0x69,0x6e,
0x63,0x6c,0x75,0x64,0x65,0x73,0x28,0x22,0x4d,0x61,0x63,0x69,0x6e,0x74,0x6f,0x73,
0x68,0x22,0x29,0x29,0x20,0x70,0x20,0x3d,0x20,0x22,0x6d,0x61,0x63,0x4f,0x53,0x22,
0x3b,0x0a,0x20,0x20,0x20,0x20,0x65,0x6c,0x73,0x65,0x20,0x69,0x66,0x20,0x28,0x75,
0x61,0x2e,0x69,0x6e,0x63,0x6c,0x75,0x64,0x65,0x73,0x28,0x22,0x4c,0x69,0x6e,0x75,
0x78,0x22,0x29,0x29,0x20,0x70,0x20,0x3d,0x20,0x22,0x4c,0x69,0x6e,0x75,0x78,0x22,
0x3b,0x0a,0x20,0x20,0x20,0x20,0x24,0x28,0x22,0x70,0x6c,0x61,0x74,0x66,0x6f,0x72,
0x6d,0x22,0x29,0x2e,0x74,0x65,0x78,0x74,0x43,0x6f,0x6e,0x74,0x65,0x6e,0x74,0x20,
0x3d,0x20,0x22,0xe2,0x97,0x8f,0x20,0xe8,0xbf,0x90,0xe8,0xa1,0x8c,0xe5,0xb9,0xb3,
0xe5,0x8f,0xb0,0xef,0xbc,0x9a,0x22,0x20,0x2b,0x20,0x70,0x3b,0x0a,0x20,0x20,0x7d,
0x29,0x28,0x29,0x3b,0x0a,0x0a,0x20,0x20,0x2f,0x2a,0x20,0x2d,0x2d,0x2d,0x2d,0x2d,
0x2d,0x2d,0x2d,0x2d,0x2d,0x20,0xe9,0x80,0x9a,0xe7,0x94,0xa8,0x20,0x2d,0x2d,0x2d,
0x2d,0x2d,0x2d,0x2d,0x2d,0x2d,0x2d,0x20,0x2a,0x2f,0x0a,0x20,0x20,0x66,0x75,0x6e,
0x63,0x74,0x69,0x6f,0x6e,0x20,0x65,0x73,0x63,0x28,0x73,0x29,0x20,0x7b,0x0a,0x20,
0x20,0x20,0x20,0x72,0x65,0x74,0x75,0x72,0x6e,0x20,0x53,0x74,0x72,0x69,0x6e,0x67,
0x28,0x73,0x20,0x3d,0x3d,0x20,0x6e,0x75,0x6c,0x6c,0x20,0x3f,0x20,0x22,0x22,0x20,
0x3a,0x20,0x73,0x29,0x0a,0x20,0x20,0x20,0x20,0x20,0x20,0x2e,0x72,0x65,0x70,0x6c,
0x61,0x63,0x65,0x28,0x2f,0x26,0x2f,0x67,0x2c,0x20,0x22,0x26,0x61,0x6d,0x70,0x3b,
0x22,0x29,0x2e,0x72,0x65,0x70,0x6c,0x61,0x63,0x65,0x28,0x2f,0x3c,0x2f,0x67,0x2c,
0x20,0x22,0x26,0x6c,0x74,0x3b,0x22,0x29,0x2e,0x72,0x65,0x70,0x6c,0x61,0x63,0x65,
0x28,0x2f,0x3e,0x2f,0x67,0x2c,0x20,0x22,0x26,0x67,0x74,0x3b,0x22,0x29,0x0a,0x20,
0x20,0x20,0x20,0x20,0x20,0x2e,0x72,0x65,0x70,0x6c,0x61,0x63,0x65,0x28,0x2f,0x22,
0x2f,0x67,0x2c,0x20,0x22,0x26,0x71,0x75,0x6f,0x74,0x3b,0x22,0x29,0x2e,0x72,0x65,
0x70,0x6c,0x61,0x63,0x65,0x28,0x2f,0x27,0x2f,0x67,0x2c,0x20,0x22,0x26,0x23,0x33,
0x39,0x3b,0x22,0x29,0x3b,0x0a,0x20,0x20,0x7d,0x0a,0x0a,0x20,0x20,0x2f,0x2a,0x20,
0x2d,0x2d,0x2d,0x2d,0x2d,0x2d,0x2d,0x2d,0x2d,0x2d,0x20,0x43,0x53,0x52,0x46,0x20,
0xe4,0xbc,0x9a,0xe8,0xaf,0x9d,0xe4,0xbb,0xa4,0xe7,0x89,0x8c,0x20,0x2d,0x2d,0x2d,
0x2d,0x2d,0x2d,0x2d,0x2d,0x2d,0x2d,0x0a,0x20,0x20,0x20,0x2a,0x20,0xe5,0x90,0x8e,
0xe7,0xab,0xaf,0xe5,0x8f,0xaa,0xe7,0x9b,0x91,0xe5,0x90,0xac,0x20,0x31,0x32,0x37,
0x2e,0x30,0x2e,0x30,0x2e,0x31,0xef,0xbc,0x8c,0xe4,0xbd,0x86,0xe6,0x9c,0xac,0xe6,
0x9c,0xba,0xe4,0xbb,0xbb,0xe6,0x84,0x8f,0xe7,0xbd,0x91,0xe9,0xa1,0xb5,0xe4,0xbb,
0x8d,0xe5,0x8f,0xaf,0xe5,0x90,0x91,0xe8,0xaf,0xa5,0xe7,0xab,0xaf,0xe5,0x8f,0xa3,
0xe5,0x8f,0x91,0xe8,0xaf,0xb7,0xe6,0xb1,0x82,0xef,0xbc,0x88,0x43,0x53,0x52,0x46,
0x20,0x2f,0x20,0x44,0x4e,0x53,0x20,0x72,0x65,0x62,0x69,0x6e,0x64,0x69,0x6e,0x67,
0xef,0xbc,0x89,0xef,0xbc,0x8c,0x0a,0x20,0x20,0x20,0x2a,0x20,0xe5,0x9c,0xa8,0xe7,
0x94,0xa8,0xe6,0x88,0xb7,0xe4,0xb8,0x8d,0xe7,0x9f,0xa5,0xe6,0x83,0x85,0xe6,0x97,
0xb6,0xe7,0xbb,0x93,0xe6,0x9d,0x9f,0xe8,0xbf,0x9b,0xe7,0xa8,0x8b,0xe3,0x80,0x81,
0xe5,0x88,0xa0,0xe9,0x99,0xa4,0xe6,0x96,0x87,0xe4,0xbb,0xb6,0xe3,0x80,0x82,0xe9,
0xa1,0xb5,0xe9,0x9d,0xa2,0xe5,0x8a,0xa0,0xe8,0xbd,0xbd,0xe6,0x97,0xb6,0xe5,0x85,
0x88,0xe5,0x8f,0x96,0xe5,0x9b,0x9e,0xe9,0x9a,0x8f,0xe6,0x9c,0xba,0xe4,0xbb,0xa4,
0xe7,0x89,0x8c,0xef,0xbc,0x8c,0x0a,0x20,0x20,0x20,0x2a,0x20,0xe6,0x89,0x80,0xe6,
0x9c,0x89,0xe5,0x8d,0xb1,0xe9,0x99,0xa9,0x20,0x41,0x50,0x49,0xef,0xbc,0x88,0x50,
0x4f,0x53,0x54,0xef,0xbc,0x89,0xe5,0xbf,0x85,0xe9,0xa1,0xbb,0xe6,0x90,0xba,0xe5,
0xb8,0xa6,0x20,0x58,0x2d,0x46,0x69,0x6c,0x65,0x6c,0x6f,0x63,0x6b,0x2d,0x54,0x6f,
0x6b,0x65,0x6e,0x20,0xe8,0xaf,0xb7,0xe6,0xb1,0x82,0xe5,0xa4,0xb4,0xe3,0x80,0x82,
0x20,0x2a,0x2f,0x0a,0x20,0x20,0x6c,0x65,0x74,0x20,0x53,0x45,0x53,0x53,0x49,0x4f,
0x4e,0x5f,0x54,0x4f,0x4b,0x45,0x4e,0x20,0x3d,0x20,0x22,0x22,0x3b,0x0a,0x20,0x20,
0x6c,0x65,0x74,0x20,0x54,0x4f,0x4b,0x45,0x4e,0x5f,0x52,0x45,0x41,0x44,0x59,0x20,
0x3d,0x20,0x6e,0x75,0x6c,0x6c,0x3b,0x0a,0x0a,0x20,0x20,0x61,0x73,0x79,0x6e,0x63,
0x20,0x66,0x75,0x6e,0x63,0x74,0x69,0x6f,0x6e,0x20,0x69,0x6e,0x69,0x74,0x53,0x65,
0x63,0x75,0x72,0x69,0x74,0x79,0x28,0x29,0x20,0x7b,0x0a,0x20,0x20,0x20,0x20,0x74,
0x72,0x79,0x20,0x7b,0x0a,0x20,0x20,0x20,0x20,0x20,0x20,0x63,0x6f,0x6e,0x73,0x74,
0x20,0x72,0x65,0x73,0x20,0x3d,0x20,0x61,0x77,0x61,0x69,0x74,0x20,0x66,0x65,0x74,
0x63,0x68,0x28,0x22,0x2f,0x61,0x70,0x69,0x2f,0x69,0x6e,0x69,0x74,0x22,0x29,0x3b,
0x0a,0x20,0x20,0x20,0x20,0x20,0x20,0x63,0x6f,0x6e,0x73,0x74,0x20,0x64,0x61,0x74,
0x61,0x20,0x3d,0x20,0x61,0x77,0x61,0x69,0x74,0x20,0x72,0x65,0x73,0x2e,0x6a,0x73,
0x6f,0x6e,0x28,0x29,0x3b,0x0a,0x20,0x20,0x20,0x20,0x20,0x20,0x53,0x45,0x53,0x53,
0x49,0x4f,0x4e,0x5f,0x54,0x4f,0x4b,0x45,0x4e,0x20,0x3d,0x20,0x64,0x61,0x74,0x61,
0x2e,0x74,0x6f,0x6b,0x65,0x6e,0x20,0x7c,0x7c,0x20,0x22,0x22,0x3b,0x0a,0x20,0x20,
0x20,0x20,0x7d,0x20,0x63,0x61,0x74,0x63,0x68,0x20,0x28,0x65,0x29,0x20,0x7b,0x0a,
0x20,0x20,0x20,0x20,0x20,0x20,0x63,0x6f,0x6e,0x73,0x6f,0x6c,0x65,0x2e,0x65,0x72,
0x72,0x6f,0x72,0x28,0x22,0xe5,0xae,0x89,0xe5,0x85,0xa8,0xe4,0xbc,0x9a,0xe8,0xaf,
0x9d,0xe5,0x88,0x9d,0xe5,0xa7,0x8b,0xe5,0x8c,0x96,0xe5,0xa4,0xb1,0xe8,0xb4,0xa5,
0xef,0xbc,0x9a,0xe6,0x97,0xa0,0xe6,0xb3,0x95,0xe8,0xbf,0x9e,0xe6,0x8e,0xa5,0xe6,
0x9c,0xac,0xe5,0x9c,0xb0,0xe6,0x9c,0x8d,0xe5,0x8a,0xa1,0x22,0x2c,0x20,0x65,0x29,
0x3b,0x0a,0x20,0x20,0x20,0x20,0x7d,0x0a,0x20,0x20,0x7d,0x0a,0x20,0x20,0x54,0x4f,
0x4b,0x45,0x4e,0x5f,0x52,0x45,0x41,0x44,0x59,0x20,0x3d,0x20,0x69,0x6e,0x69,0x74,
0x53,0x65,0x63,0x75,0x72,0x69,0x74,0x79,0x28,0x29,0x3b,0x0a,0x0a,0x20,0x20,0x61,
0x73,0x79,0x6e,0x63,0x20,0x66,0x75,0x6e,0x63,0x74,0x69,0x6f,0x6e,0x20,0x61,0x70,
0x69,0x28,0x75,0x72,0x6c,0x2c,0x20,0x70,0x61,0x79,0x6c,0x6f,0x61,0x64,0x29,0x20,
0x7b,0x0a,0x20,0x20,0x20,0x20,0x69,0x66,0x20,0x28,0x21,0x54,0x4f,0x4b,0x45,0x4e,
0x5f,0x52,0x45,0x41,0x44,0x59,0x29,0x20,0x54,0x4f,0x4b,0x45,0x4e,0x5f,0x52,0x45,
0x41,0x44,0x59,0x20,0x3d,0x20,0x69,0x6e,0x69,0x74,0x53,0x65,0x63,0x75,0x72,0x69,
0x74,0x79,0x28,0x29,0x3b,0x0a,0x20,0x20,0x20,0x20,0x61,0x77,0x61,0x69,0x74,0x20,
0x54,0x4f,0x4b,0x45,0x4e,0x5f,0x52,0x45,0x41,0x44,0x59,0x3b,0x0a,0x20,0x20,0x20,
0x20,0x63,0x6f,0x6e,0x73,0x74,0x20,0x72,0x65,0x73,0x20,0x3d,0x20,0x61,0x77,0x61,
0x69,0x74,0x20,0x66,0x65,0x74,0x63,0x68,0x28,0x75,0x72,0x6c,0x2c,0x20,0x7b,0x0a,
0x20,0x20,0x20,0x20,0x20,0x20,0x6d,0x65,0x74,0x68,0x6f,0x64,0x3a,0x20,0x22,0x50,
0x4f,0x53,0x54,0x22,0x2c,0x0a,0x20,0x20,0x20,0x20,0x20,0x20,0x68,0x65,0x61,0x64,
0x65,0x72,0x73,0x3a,0x20,0x7b,0x0a,0x20,0x20,0x20,0x20,0x20,0x20,0x20,0x20,0x22,
0x43,0x6f,0x6e,0x74,0x65,0x6e,0x74,0x2d,0x54,0x79,0x70,0x65,0x22,0x3a,0x20,0x22,
0x61,0x70,0x70,0x6c,0x69,0x63,0x61,0x74,0x69,0x6f,0x6e,0x2f,0x6a,0x73,0x6f,0x6e,
0x22,0x2c,0x0a,0x20,0x20,0x20,0x20,0x20,0x20,0x20,0x20,0x22,0x58,0x2d,0x46,0x69,
0x6c,0x65,0x6c,0x6f,0x63,0x6b,0x2d,0x54,0x6f,0x6b,0x65,0x6e,0x22,0x3a,0x20,0x53,
0x45,0x53,0x53,0x49,0x4f,0x4e,0x5f,0x54,0x4f,0x4b,0x45,0x4e,0x0a,0x20,0x20,0x20,
0x20,0x20,0x20,0x7d,0x2c,0x0a,0x20,0x20,0x20,0x20,0x20,0x20,0x62,0x6f,0x64,0x79,
0x3a,0x20,0x4a,0x53,0x4f,0x4e,0x2e,0x73,0x74,0x72,0x69,0x6e,0x67,0x69,0x66,0x79,
0x28,0x70,0x61,0x79,0x6c,0x6f,0x61,0x64,0x20,0x7c,0x7c,0x20,0x7b,0x7d,0x29,0x0a,
0x20,0x20,0x20,0x20,0x7d,0x29,0x3b,0x0a,0x20,0x20,0x20,0x20,0x69,0x66,0x20,0x28,
0x72,0x65,0x73,0x2e,0x73,0x74,0x61,0x74,0x75,0x73,0x20,0x3d,0x3d,0x3d,0x20,0x34,
0x30,0x33,0x29,0x20,0x74,0x68,0x72,0x6f,0x77,0x20,0x6e,0x65,0x77,0x20,0x45,0x72,
0x72,0x6f,0x72,0x28,0x22,0xe5,0xae,0x89,0xe5,0x85,0xa8,0xe6,0xa0,0xa1,0xe9,0xaa,
0x8c,0xe5,0xa4,0xb1,0xe8,0xb4,0xa5,0xef,0xbc,0x8c,0xe8,0xaf,0xb7,0xe5,0x88,0xb7,
0xe6,0x96,0xb0,0xe9,0xa1,0xb5,0xe9,0x9d,0xa2,0xe9,0x87,0x8d,0xe8,0xaf,0x95,0x22,
0x29,0x3b,0x0a,0x20,0x20,0x20,0x20,0x72,0x65,0x74,0x75,0x72,0x6e,0x20,0x72,0x65,
0x73,0x2e,0x6a,0x73,0x6f,0x6e,0x28,0x29,0x3b,0x0a,0x20,0x20,0x7d,0x0a,0x0a,0x20,
0x20,0x66,0x75,0x6e,0x63,0x74,0x69,0x6f,0x6e,0x20,0x73,0x65,0x74,0x42,0x75,0x73,
0x79,0x28,0x62,0x74,0x6e,0x2c,0x20,0x62,0x75,0x73,0x79,0x2c,0x20,0x74,0x65,0x78,
0x74,0x29,0x20,0x7b,0x0a,0x20,0x20,0x20,0x20,0x69,0x66,0x20,0x28,0x62,0x75,0x73,
0x79,0x29,0x20,0x7b,0x0a,0x20,0x20,0x20,0x20,0x20,0x20,0x62,0x74,0x6e,0x2e,0x64,
0x61,0x74,0x61,0x73,0x65,0x74,0x2e,0x6c,0x61,0x62,0x65,0x6c,0x20,0x3d,0x20,0x62,
0x74,0x6e,0x2e,0x74,0x65,0x78,0x74,0x43,0x6f,0x6e,0x74,0x65,0x6e,0x74,0x3b,0x0a,
0x20,0x20,0x20,0x20,0x20,0x20,0x62,0x74,0x6e,0x2e,0x64,0x69,0x73,0x61,0x62,0x6c,
0x65,0x64,0x20,0x3d,0x20,0x74,0x72,0x75,0x65,0x3b,0x0a,0x20,0x20,0x20,0x20,0x20,
0x20,0x62,0x74,0x6e,0x2e,0x69,0x6e,0x6e,0x65,0x72,0x48,0x54,0x4d,0x4c,0x20,0x3d,
0x20,0x27,0x3c,0x73,0x70,0x61,0x6e,0x20,0x63,0x6c,0x61,0x73,0x73,0x3d,0x22,0x6c,
0x6f,0x61,0x64,0x69,0x6e,0x67,0x22,0x3e,0x3c,0x2f,0x73,0x70,0x61,0x6e,0x3e,0x27,
0x20,0x2b,0x20,0x65,0x73,0x63,0x28,0x74,0x65,0x78,0x74,0x20,0x7c,0x7c,0x20,0x22,
0xe5,0xa4,0x84,0xe7,0x90,0x86,0xe4,0xb8,0xad,0xe2,0x80,0xa6,0x22,0x29,0x3b,0x0a,
0x20,0x20,0x20,0x20,0x7d,0x20,0x65,0x6c,0x73,0x65,0x20,0x7b,0x0a,0x20,0x20,0x20,
0x20,0x20,0x20,0x62,0x74,0x6e,0x2e,0x64,0x69,0x73,0x61,0x62,0x6c,0x65,0x64,0x20,
0x3d,0x20,0x66,0x61,0x6c,0x73,0x65,0x3b,0x0a,0x20,0x20,0x20,0x20,0x20,0x20,0x62,
0x74,0x6e,0x2e,0x74,0x65,0x78,0x74,0x43,0x6f,0x6e,0x74,0x65,0x6e,0x74,0x20,0x3d,
0x20,0x62,0x74,0x6e,0x2e,0x64,0x61,0x74,0x61,0x73,0x65,0x74,0x2e,0x6c,0x61,0x62,
0x65,0x6c,0x20,0x7c,0x7c,0x20,0x74,0x65,0x78,0x74,0x20,0x7c,0x7c,0x20,0x22,0xe7,
0xa1,0xae,0xe5,0xae,0x9a,0x22,0x3b,0x0a,0x20,0x20,0x20,0x20,0x7d,0x0a,0x20,0x20,
0x7d,0x0a,0x0a,0x20,0x20,0x66,0x75,0x6e,0x63,0x74,0x69,0x6f,0x6e,0x20,0x73,0x68,
0x6f,0x77,0x45,0x72,0x72,0x6f,0x72,0x28,0x6d,0x73,0x67,0x29,0x20,0x7b,0x0a,0x20,
0x20,0x20,0x20,0x63,0x6f,0x6e,0x73,0x74,0x20,0x63,0x61,0x72,0x64,0x20,0x3d,0x20,
0x24,0x28,0x22,0x72,0x65,0x73,0x75,0x6c,0x74,0x43,0x61,0x72,0x64,0x22,0x29,0x3b,
0x0a,0x20,0x20,0x20,0x20,0x63,0x61,0x72,0x64,0x2e,0x63,0x6c,0x61,0x73,0x73,0x4c,
0x69,0x73,0x74,0x2e,0x72,0x65,0x6d,0x6f,0x76,0x65,0x28,0x22,0x68,0x69,0x64,0x64,
0x65,0x6e,0x22,0x29,0x3b,0x0a,0x20,0x20,0x20,0x20,0x24,0x28,0x22,0x72,0x65,0x73,
0x75,0x6c,0x74,0x54,0x69,0x74,0x6c,0x65,0x22,0x29,0x2e,0x74,0x65,0x78,0x74,0x43,
0x6f,0x6e,0x74,0x65,0x6e,0x74,0x20,0x3d,0x20,0x22,0xe5,0x87,0xba,0xe9,0x94,0x99,
0xe4,0xba,0x86,0x22,0x3b,0x0a,0x20,0x20,0x20,0x20,0x24,0x28,0x22,0x63,0x6f,0x6e,
0x63,0x6c,0x75,0x73,0x69,0x6f,0x6e,0x22,0x29,0x2e,0x74,0x65,0x78,0x74,0x43,0x6f,
0x6e,0x74,0x65,0x6e,0x74,0x20,0x3d,0x20,0x6d,0x73,0x67,0x3b,0x0a,0x20,0x20,0x20,
0x20,0x24,0x28,0x22,0x63,0x6f,0x6e,0x63,0x6c,0x75,0x73,0x69,0x6f,0x6e,0x22,0x29,
0x2e,0x63,0x6c,0x61,0x73,0x73,0x4e,0x61,0x6d,0x65,0x20,0x3d,0x20,0x22,0x63,0x6f,
0x6e,0x63,0x6c,0x75,0x73,0x69,0x6f,0x6e,0x20,0x62,0x61,0x64,0x22,0x3b,0x0a,0x20,
0x20,0x20,0x20,0x24,0x28,0x22,0x73,0x74,0x61,0x74,0x75,0x73,0x52,0x6f,0x77,0x22,
0x29,0x2e,0x69,0x6e,0x6e,0x65,0x72,0x48,0x54,0x4d,0x4c,0x20,0x3d,0x20,0x22,0x22,
0x3b,0x0a,0x20,0x20,0x20,0x20,0x5b,0x22,0x6c,0x6f,0x63,0x6b,0x65,0x72,0x42,0x6c,
0x6f,0x63,0x6b,0x22,0x2c,0x20,0x22,0x72,0x65,0x61,0x73,0x6f,0x6e,0x42,0x6c,0x6f,
0x63,0x6b,0x22,0x2c,0x20,0x22,0x66,0x69,0x78,0x42,0x6c,0x6f,0x63,0x6b,0x22,0x2c,
0x20,0x22,0x70,0x61,0x74,0x68,0x42,0x6c,0x6f,0x63,0x6b,0x22,0x5d,0x2e,0x66,0x6f,
0x72,0x45,0x61,0x63,0x68,0x28,0x28,0x69,0x64,0x29,0x20,0x3d,0x3e,0x20,0x24,0x28,
0x69,0x64,0x29,0x2e,0x63,0x6c,0x61,0x73,0x73,0x4c,0x69,0x73,0x74,0x2e,0x61,0x64,
0x64,0x28,0x22,0x68,0x69,0x64,0x64,0x65,0x6e,0x22,0x29,0x29,0x3b,0x0a,0x20,0x20,
0x20,0x20,0x63,0x61,0x72,0x64,0x2e,0x73,0x63,0x72,0x6f,0x6c,0x6c,0x49,0x6e,0x74,
0x6f,0x56,0x69,0x65,0x77,0x28,0x7b,0x20,0x62,0x65,0x68,0x61,0x76,0x69,0x6f,0x72,
0x3a,0x20,0x22,0x73,0x6d,0x6f,0x6f,0x74,0x68,0x22,0x2c,0x20,0x62,0x6c,0x6f,0x63,
0x6b,0x3a,0x20,0x22,0x73,0x74,0x61,0x72,0x74,0x22,0x20,0x7d,0x29,0x3b,0x0a,0x20,
0x20,0x7d,0x0a,0x0a,0x20,0x20,0x2f,0x2a,0x20,0x2d,0x2d,0x2d,0x2d,0x2d,0x2d,0x2d,
0x2d,0x2d,0x2d,0x20,0x54,0x61,0x62,0x20,0xe5,0x88,0x87,0xe6,0x8d,0xa2,0x20,0x2d,
0x2d,0x2d,0x2d,0x2d,0x2d,0x2d,0x2d,0x2d,0x2d,0x20,0x2a,0x2f,0x0a,0x20,0x20,0x64,
0x6f,0x63,0x75,0x6d,0x65,0x6e,0x74,0x2e,0x71,0x75,0x65,0x72,0x79,0x53,0x65,0x6c,
0x65,0x63,0x74,0x6f,0x72,0x41,0x6c,0x6c,0x28,0x22,0x2e,0x74,0x61,0x62,0x22,0x29,
0x2e,0x66,0x6f,0x72,0x45,0x61,0x63,0x68,0x28,0x28,0x74,0x61,0x62,0x29,0x20,0x3d,
0x3e,0x20,0x7b,0x0a,0x20,0x20,0x20,0x20,0x74,0x61,0x62,0x2e,0x61,0x64,0x64,0x45,
0x76,0x65,0x6e,0x74,0x4c,0x69,0x73,0x74,0x65,0x6e,0x65,0x72,0x28,0x22,0x63,0x6c,
0x69,0x63,0x6b,0x22,0x2c,0x20,0x28,0x29,0x20,0x3d,0x3e,0x20,0x7b,0x0a,0x20,0x20,
0x20,0x20,0x20,0x20,0x64,0x6f,0x63,0x75,0x6d,0x65,0x6e,0x74,0x2e,0x71,0x75,0x65,
0x72,0x79,0x53,0x65,0x6c,0x65,0x63,0x74,0x6f,0x72,0x41,0x6c,0x6c,0x28,0x22,0x2e,
0x74,0x61,0x62,0x22,0x29,0x2e,0x66,0x6f,0x72,0x45,0x61,0x63,0x68,0x28,0x28,0x74,
0x29,0x20,0x3d,0x3e,0x20,0x74,0x2e,0x63,0x6c,0x61,0x73,0x73,0x4c,0x69,0x73,0x74,
0x2e,0x72,0x65,0x6d,0x6f,0x76,0x65,0x28,0x22,0x61,0x63,0x74,0x69,0x76,0x65,0x22,
0x29,0x29,0x3b,0x0a,0x20,0x20,0x20,0x20,0x20,0x20,0x64,0x6f,0x63,0x75,0x6d,0x65,
0x6e,0x74,0x2e,0x71,0x75,0x65,0x72,0x79,0x53,0x65,0x6c,0x65,0x63,0x74,0x6f,0x72,
0x41,0x6c,0x6c,0x28,0x22,0x2e,0x70,0x61,0x6e,0x65,0x6c,0x22,0x29,0x2e,0x66,0x6f,
0x72,0x45,0x61,0x63,0x68,0x28,0x28,0x70,0x29,0x20,0x3d,0x3e,0x20,0x70,0x2e,0x63,
0x6c,0x61,0x73,0x73,0x4c,0x69,0x73,0x74,0x2e,0x72,0x65,0x6d,0x6f,0x76,0x65,0x28,
0x22,0x61,0x63,0x74,0x69,0x76,0x65,0x22,0x29,0x29,0x3b,0x0a,0x20,0x20,0x20,0x20,
0x20,0x20,0x74,0x61,0x62,0x2e,0x63,0x6c,0x61,0x73,0x73,0x4c,0x69,0x73,0x74,0x2e,
0x61,0x64,0x64,0x28,0x22,0x61,0x63,0x74,0x69,0x76,0x65,0x22,0x29,0x3b,0x0a,0x20,
0x20,0x20,0x20,0x20,0x20,0x24,0x28,0x22,0x70,0x61,0x6e,0x65,0x6c,0x2d,0x22,0x20,
0x2b,0x20,0x74,0x61,0x62,0x2e,0x64,0x61,0x74,0x61,0x73,0x65,0x74,0x2e,0x74,0x61,
0x62,0x29,0x2e,0x63,0x6c,0x61,0x73,0x73,0x4c,0x69,0x73,0x74,0x2e,0x61,0x64,0x64,
0x28,0x22,0x61,0x63,0x74,0x69,0x76,0x65,0x22,0x29,0x3b,0x0a,0x20,0x20,0x20,0x20,
0x7d,0x29,0x3b,0x0a,0x20,0x20,0x7d,0x29,0x3b,0x0a,0x0a,0x20,0x20,0x2f,0x2a,0x20,
0x2d,0x2d,0x2d,0x2d,0x2d,0x2d,0x2d,0x2d,0x2d,0x2d,0x20,0xe6,0x96,0x87,0xe4,0xbb,
0xb6,0x2f,0xe6,0x96,0x87,0xe4,0xbb,0xb6,0xe5,0xa4,0xb9,0xe6,0xa3,0x80,0xe6,0xb5,
0x8b,0x20,0x2d,0x2d,0x2d,0x2d,0x2d,0x2d,0x2d,0x2d,0x2d,0x2d,0x20,0x2a,0x2f,0x0a,
0x20,0x20,0x61,0x73,0x79,0x6e,0x63,0x20,0x66,0x75,0x6e,0x63,0x74,0x69,0x6f,0x6e,
0x20,0x72,0x75,0x6e,0x53,0x63,0x61,0x6e,0x28,0x70,0x61,0x74,0x68,0x4f,0x76,0x65,
0x72,0x72,0x69,0x64,0x65,0x29,0x20,0x7b,0x0a,0x20,0x20,0x20,0x20,0x63,0x6f,0x6e,
0x73,0x74,0x20,0x70,0x61,0x74,0x68,0x20,0x3d,0x20,0x28,0x70,0x61,0x74,0x68,0x4f,
0x76,0x65,0x72,0x72,0x69,0x64,0x65,0x20,0x7c,0x7c,0x20,0x24,0x28,0x22,0x70,0x61,
0x74,0x68,0x49,0x6e,0x70,0x75,0x74,0x22,0x29,0x2e,0x76,0x61,0x6c,0x75,0x65,0x29,
0x2e,0x74,0x72,0x69,0x6d,0x28,0x29,0x3b,0x0a,0x20,0x20,0x20,0x20,0x69,0x66,0x20,
0x28,0x21,0x70,0x61,0x74,0x68,0x29,0x20,0x7b,0x20,0x73,0x68,0x6f,0x77,0x45,0x72,
0x72,0x6f,0x72,0x28,0x22,0xe8,0xaf,0xb7,0xe5,0x85,0x88,0xe8,0xbe,0x93,0xe5,0x85,
0xa5,0xe6,0x88,0x96,0xe9,0x80,0x89,0xe6,0x8b,0xa9,0xe4,0xb8,0x80,0xe4,0xb8,0xaa,
0xe8,0xb7,0xaf,0xe5,0xbe,0x84,0x22,0x29,0x3b,0x20,0x72,0x65,0x74,0x75,0x72,0x6e,
0x3b,0x20,0x7d,0x0a,0x0a,0x20,0x20,0x20,0x20,0x63,0x6f,0x6e,0x73,0x74,0x20,0x62,
0x74,0x6e,0x20,0x3d,0x20,0x24,0x28,0x22,0x73,0x63,0x61,0x6e,0x42,0x74,0x6e,0x22,
0x29,0x3b,0x0a,0x20,0x20,0x20,0x20,0x73,0x65,0x74,0x42,0x75,0x73,0x79,0x28,0x62,
0x74,0x6e,0x2c,0x20,0x74,0x72,0x75,0x65,0x2c,0x20,0x22,0xe6,0xad,0xa3,0xe5,0x9c,
0xa8,0xe6,0xa3,0x80,0xe6,0xb5,0x8b,0xe2,0x80,0xa6,0x22,0x29,0x3b,0x0a,0x20,0x20,
0x20,0x20,0x74,0x72,0x79,0x20,0x7b,0x0a,0x20,0x20,0x20,0x20,0x20,0x20,0x63,0x6f,
0x6e,0x73,0x74,0x20,0x64,0x61,0x74,0x61,0x20,0x3d,0x20,0x61,0x77,0x61,0x69,0x74,
0x20,0x61,0x70,0x69,0x28,0x22,0x2f,0x61,0x70,0x69,0x2f,0x73,0x63,0x61,0x6e,0x22,
0x2c,0x20,0x7b,0x20,0x70,0x61,0x74,0x68,0x3a,0x20,0x70,0x61,0x74,0x68,0x2c,0x20,
0x64,0x65,0x65,0x70,0x3a,0x20,0x24,0x28,0x22,0x64,0x65,0x65,0x70,0x53,0x63,0x61,
0x6e,0x22,0x29,0x2e,0x63,0x68,0x65,0x63,0x6b,0x65,0x64,0x20,0x3f,0x20,0x31,0x20,
0x3a,0x20,0x30,0x20,0x7d,0x29,0x3b,0x0a,0x20,0x20,0x20,0x20,0x20,0x20,0x69,0x66,
0x20,0x28,0x21,0x64,0x61,0x74,0x61,0x2e,0x6f,0x6b,0x29,0x20,0x73,0x68,0x6f,0x77,
0x45,0x72,0x72,0x6f,0x72,0x28,0x64,0x61,0x74,0x61,0x2e,0x65,0x72,0x72,0x6f,0x72,
0x20,0x7c,0x7c,0x20,0x22,0xe6,0xa3,0x80,0xe6,0xb5,0x8b,0xe5,0xa4,0xb1,0xe8,0xb4,
0xa5,0x22,0x29,0x3b,0x0a,0x20,0x20,0x20,0x20,0x20,0x20,0x65,0x6c,0x73,0x65,0x20,
0x7b,0x20,0x72,0x65,0x6e,0x64,0x65,0x72,0x53,0x63,0x61,0x6e,0x28,0x64,0x61,0x74,
0x61,0x29,0x3b,0x20,0x6c,0x6f,0x61,0x64,0x48,0x69,0x73,0x74,0x6f,0x72,0x79,0x28,
0x29,0x3b,0x20,0x7d,0x0a,0x20,0x20,0x20,0x20,0x7d,0x20,0x63,0x61,0x74,0x63,0x68,
0x20,0x28,0x65,0x29,0x20,0x7b,0x0a,0x20,0x20,0x20,0x20,0x20,0x20,0x73,0x68,0x6f,
0x77,0x45,0x72,0x72,0x6f,0x72,0x28,0x22,0xe6,0x97,0xa0,0xe6,0xb3,0x95,0xe8,0xbf,
0x9e,0xe6,0x8e,0xa5,0xe6,0x9c,0xac,0xe5,0x9c,0xb0,0xe6,0x9c,0x8d,0xe5,0x8a,0xa1,
0xef,0xbc,0x9a,0x22,0x20,0x2b,0x20,0x65,0x2e,0x6d,0x65,0x73,0x73,0x61,0x67,0x65,
0x29,0x3b,0x0a,0x20,0x20,0x20,0x20,0x7d,0x20,0x66,0x69,0x6e,0x61,0x6c,0x6c,0x79,
0x20,0x7b,0x0a,0x20,0x20,0x20,0x20,0x20,0x20,0x73,0x65,0x74,0x42,0x75,0x73,0x79,
0x28,0x62,0x74,0x6e,0x2c,0x20,0x66,0x61,0x6c,0x73,0x65,0x29,0x3b,0x0a,0x20,0x20,
0x20,0x20,0x7d,0x0a,0x20,0x20,0x7d,0x0a,0x0a,0x20,0x20,0x66,0x75,0x6e,0x63,0x74,
0x69,0x6f,0x6e,0x20,0x72,0x65,0x6e,0x64,0x65,0x72,0x53,0x63,0x61,0x6e,0x28,0x64,
0x29,0x20,0x7b,0x0a,0x20,0x20,0x20,0x20,0x24,0x28,0x22,0x72,0x65,0x73,0x75,0x6c,
0x74,0x43,0x61,0x72,0x64,0x22,0x29,0x2e,0x63,0x6c,0x61,0x73,0x73,0x4c,0x69,0x73,
0x74,0x2e,0x72,0x65,0x6d,0x6f,0x76,0x65,0x28,0x22,0x68,0x69,0x64,0x64,0x65,0x6e,
0x22,0x29,0x3b,0x0a,0x20,0x20,0x20,0x20,0x24,0x28,0x22,0x72,0x65,0x73,0x75,0x6c,
0x74,0x54,0x69,0x74,0x6c,0x65,0x22,0x29,0x2e,0x74,0x65,0x78,0x74,0x43,0x6f,0x6e,
0x74,0x65,0x6e,0x74,0x20,0x3d,0x20,0x22,0xe8,0xaf,0x8a,0xe6,0x96,0xad,0xe7,0xbb,
0x93,0xe6,0x9e,0x9c,0x22,0x3b,0x0a,0x20,0x20,0x20,0x20,0x24,0x28,0x22,0x70,0x61,
0x74,0x68,0x42,0x6c,0x6f,0x63,0x6b,0x22,0x29,0x2e,0x63,0x6c,0x61,0x73,0x73,0x4c,
0x69,0x73,0x74,0x2e,0x61,0x64,0x64,0x28,0x22,0x68,0x69,0x64,0x64,0x65,0x6e,0x22,
0x29,0x3b,0x0a,0x20,0x20,0x20,0x20,0x24,0x28,0x22,0x62,0x61,0x74,0x63,0x68,0x42,
0x6c,0x6f,0x63,0x6b,0x22,0x29,0x2e,0x63,0x6c,0x61,0x73,0x73,0x4c,0x69,0x73,0x74,
0x2e,0x61,0x64,0x64,0x28,0x22,0x68,0x69,0x64,0x64,0x65,0x6e,0x22,0x29,0x3b,0x0a,
0x0a,0x20,0x20,0x20,0x20,0x63,0x6f,0x6e,0x73,0x74,0x20,0x63,0x6f,0x6e,0x63,0x6c,
0x20,0x3d,0x20,0x24,0x28,0x22,0x63,0x6f,0x6e,0x63,0x6c,0x75,0x73,0x69,0x6f,0x6e,
0x22,0x29,0x3b,0x0a,0x20,0x20,0x20,0x20,0x69,0x66,0x20,0x28,0x21,0x64,0x2e,0x65,
0x78,0x69,0x73,0x74,0x73,0x29,0x20,0x7b,0x0a,0x20,0x20,0x20,0x20,0x20,0x20,0x63,
0x6f,0x6e,0x63,0x6c,0x2e,0x74,0x65,0x78,0x74,0x43,0x6f,0x6e,0x74,0x65,0x6e,0x74,
0x20,0x3d,0x20,0x22,0xe2,0x9a,0xa0,0x20,0xe8,0xb7,0xaf,0xe5,0xbe,0x84,0xe4,0xb8,
0x8d,0xe5,0xad,0x98,0xe5,0x9c,0xa8,0x22,0x3b,0x0a,0x20,0x20,0x20,0x20,0x20,0x20,
0x63,0x6f,0x6e,0x63,0x6c,0x2e,0x63,0x6c,0x61,0x73,0x73,0x4e,0x61,0x6d,0x65,0x20,
0x3d,0x20,0x22,0x63,0x6f,0x6e,0x63,0x6c,0x75,0x73,0x69,0x6f,0x6e,0x20,0x62,0x61,
0x64,0x22,0x3b,0x0a,0x20,0x20,0x20,0x20,0x7d,0x20,0x65,0x6c,0x73,0x65,0x20,0x69,
0x66,0x20,0x28,0x28,0x64,0x2e,0x6c,0x6f,0x63,0x6b,0x65,0x72,0x73,0x20,0x7c,0x7c,
0x20,0x5b,0x5d,0x29,0x2e,0x6c,0x65,0x6e,0x67,0x74,0x68,0x20,0x3e,0x20,0x30,0x29,
0x20,0x7b,0x0a,0x20,0x20,0x20,0x20,0x20,0x20,0x63,0x6f,0x6e,0x63,0x6c,0x2e,0x74,
0x65,0x78,0x74,0x43,0x6f,0x6e,0x74,0x65,0x6e,0x74,0x20,0x3d,0x20,0x22,0xf0,0x9f,
0x94,0x92,0x20,0xe5,0x8f,0x91,0xe7,0x8e,0xb0,0x20,0x22,0x20,0x2b,0x20,0x64,0x2e,
0x6c,0x6f,0x63,0x6b,0x65,0x72,0x73,0x2e,0x6c,0x65,0x6e,0x67,0x74,0x68,0x20,0x2b,
0x20,0x22,0x20,0xe4,0xb8,0xaa,0xe5,0x8d,0xa0,0xe7,0x94,0xa8,0xe8,0xbf,0x9b,0xe7,
0xa8,0x8b,0x22,0x3b,0x0a,0x20,0x20,0x20,0x20,0x20,0x20,0x63,0x6f,0x6e,0x63,0x6c,
0x2e,0x63,0x6c,0x61,0x73,0x73,0x4e,0x61,0x6d,0x65,0x20,0x3d,0x20,0x22,0x63,0x6f,
0x6e,0x63,0x6c,0x75,0x73,0x69,0x6f,0x6e,0x20,0x62,0x61,0x64,0x22,0x3b,0x0a,0x20,
0x20,0x20,0x20,0x7d,0x20,0x65,0x6c,0x73,0x65,0x20,0x69,0x66,0x20,0x28,0x64,0x2e,
0x72,0x65,0x61,0x73,0x6f,0x6e,0x73,0x20,0x26,0x26,0x20,0x64,0x2e,0x72,0x65,0x61,
0x73,0x6f,0x6e,0x73,0x2e,0x6c,0x65,0x6e,0x67,0x74,0x68,0x20,0x3e,0x20,0x30,0x29,
0x20,0x7b,0x0a,0x20,0x20,0x20,0x20,0x20,0x20,0x63,0x6f,0x6e,0x63,0x6c,0x2e,0x74,
0x65,0x78,0x74,0x43,0x6f,0x6e,0x74,0x65,0x6e,0x74,0x20,0x3d,0x20,0x22,0xe2,0x9a,
0xa0,0x20,0xe6,0x89,0xbe,0xe5,0x88,0xb0,0xe5,0x8f,0x97,0xe9,0x99,0x90,0xe5,0x8e,
0x9f,0xe5,0x9b,0xa0,0x22,0x3b,0x0a,0x20,0x20,0x20,0x20,0x20,0x20,0x63,0x6f,0x6e,
0x63,0x6c,0x2e,0x63,0x6c,0x61,0x73,0x73,0x4e,0x61,0x6d,0x65,0x20,0x3d,0x20,0x22,
0x63,0x6f,0x6e,0x63,0x6c,0x75,0x73,0x69,0x6f,0x6e,0x20,0x77,0x61,0x72,0x6e,0x22,
0x3b,0x0a,0x20,0x20,0x20,0x20,0x7d,0x20,0x65,0x6c,0x73,0x65,0x20,0x7b,0x0a,0x20,
0x20,0x20,0x20,0x20,0x20,0x63,0x6f,0x6e,0x63,0x6c,0x2e,0x74,0x65,0x78,0x74,0x43,
0x6f,0x6e,0x74,0x65,0x6e,0x74,0x20,0x3d,0x20,0x22,0xe2,0x9c,0x85,0x20,0xe6,0xb2,
0xa1,0xe6,0x9c,0x89,0xe8,0xa2,0xab,0xe5,0x8d,0xa0,0xe7,0x94,0xa8,0xef,0xbc,0x8c,
0xe5,0x8f,0xaf,0xe6,0xad,0xa3,0xe5,0xb8,0xb8,0xe6,0x93,0x8d,0xe4,0xbd,0x9c,0x22,
0x3b,0x0a,0x20,0x20,0x20,0x20,0x20,0x20,0x63,0x6f,0x6e,0x63,0x6c,0x2e,0x63,0x6c,
0x61,0x73,0x73,0x4e,0x61,0x6d,0x65,0x20,0x3d,0x20,0x22,0x63,0x6f,0x6e,0x63,0x6c,
0x75,0x73,0x69,0x6f,0x6e,0x20,0x6f,0x6b,0x22,0x3b,0x0a,0x20,0x20,0x20,0x20,0x7d,
0x0a,0x0a,0x20,0x20,0x20,0x20,0x63,0x6f,0x6e,0x73,0x74,0x20,0x62,0x61,0x64,0x67,
0x65,0x73,0x20,0x3d,0x20,0x5b,0x5d,0x3b,0x0a,0x20,0x20,0x20,0x20,0x69,0x66,0x20,
0x28,0x64,0x2e,0x65,0x78,0x69,0x73,0x74,0x73,0x29,0x20,0x7b,0x0a,0x20,0x20,0x20,
0x20,0x20,0x20,0x62,0x61,0x64,0x67,0x65,0x73,0x2e,0x70,0x75,0x73,0x68,0x28,0x62,
0x61,0x64,0x67,0x65,0x28,0x64,0x2e,0x69,0x73,0x44,0x69,0x72,0x20,0x3f,0x20,0x22,
0xe7,0x9b,0xae,0xe5,0xbd,0x95,0x22,0x20,0x3a,0x20,0x22,0xe6,0x96,0x87,0xe4,0xbb,
0xb6,0x22,0x2c,0x20,0x22,0x6e,0x65,0x75,0x74,0x72,0x61,0x6c,0x22,0x2c,0x20,0x22,
0xe7,0xb1,0xbb,0xe5,0x9e,0x8b,0x22,0x29,0x29,0x3b,0x0a,0x20,0x20,0x20,0x20,0x20,
0x20,0x69,0x66,0x20,0x28,0x21,0x64,0x2e,0x69,0x73,0x44,0x69,0x72,0x29,0x20,0x62,
0x61,0x64,0x67,0x65,0x73,0x2e,0x70,0x75,0x73,0x68,0x28,0x62,0x61,0x64,0x67,0x65,
0x28,0x66,0x6d,0x74,0x53,0x69,0x7a,0x65,0x28,0x64,0x2e,0x73,0x69,0x7a,0x65,0x29,
0x2c,0x20,0x22,0x6e,0x65,0x75,0x74,0x72,0x61,0x6c,0x22,0x2c,0x20,0x22,0xe5,0xa4,
0xa7,0xe5,0xb0,0x8f,0x22,0x29,0x29,0x3b,0x0a,0x20,0x20,0x20,0x20,0x20,0x20,0x62,
0x61,0x64,0x67,0x65,0x73,0x2e,0x70,0x75,0x73,0x68,0x28,0x62,0x61,0x64,0x67,0x65,
0x28,0x64,0x2e,0x63,0x61,0x6e,0x52,0x65,0x61,0x64,0x20,0x3f,0x20,0x22,0xe5,0x8f,
0xaf,0xe8,0xaf,0xbb,0x22,0x20,0x3a,0x20,0x22,0xe4,0xb8,0x8d,0xe5,0x8f,0xaf,0xe8,
0xaf,0xbb,0x22,0x2c,0x20,0x64,0x2e,0x63,0x61,0x6e,0x52,0x65,0x61,0x64,0x20,0x3f,
0x20,0x22,0x6f,0x6b,0x22,0x20,0x3a,0x20,0x22,0x62,0x61,0x64,0x22,0x2c,0x20,0x22,
0xe8,0xaf,0xbb,0xe5,0x8f,0x96,0x22,0x29,0x29,0x3b,0x0a,0x20,0x20,0x20,0x20,0x20,
0x20,0x62,0x61,0x64,0x67,0x65,0x73,0x2e,0x70,0x75,0x73,0x68,0x28,0x62,0x61,0x64,
0x67,0x65,0x28,0x64,0x2e,0x63,0x61,0x6e,0x57,0x72,0x69,0x74,0x65,0x20,0x3f,0x20,
0x22,0xe5,0x8f,0xaf,0xe5,0x86,0x99,0x22,0x20,0x3a,0x20,0x22,0xe4,0xb8,0x8d,0xe5,
0x8f,0xaf,0xe5,0x86,0x99,0x22,0x2c,0x20,0x64,0x2e,0x63,0x61,0x6e,0x57,0x72,0x69,
0x74,0x65,0x20,0x3f,0x20,0x22,0x6f,0x6b,0x22,0x20,0x3a,0x20,0x22,0x62,0x61,0x64,
0x22,0x2c,0x20,0x22,0xe5,0x86,0x99,0xe5,0x85,0xa5,0x22,0x29,0x29,0x3b,0x0a,0x20,
0x20,0x20,0x20,0x20,0x20,0x62,0x61,0x64,0x67,0x65,0x73,0x2e,0x70,0x75,0x73,0x68,
0x28,0x62,0x61,0x64,0x67,0x65,0x28,0x64,0x2e,0x63,0x61,0x6e,0x44,0x65,0x6c,0x65,
0x74,0x65,0x20,0x3f,0x20,0x22,0xe5,0x8f,0xaf,0xe5,0x88,0xa0,0xe9,0x99,0xa4,0x2f,
0xe6,0x94,0xb9,0xe5,0x90,0x8d,0x22,0x20,0x3a,0x20,0x22,0xe6,0x97,0xa0,0xe6,0xb3,
0x95,0xe5,0x88,0xa0,0xe9,0x99,0xa4,0x22,0x2c,0x20,0x64,0x2e,0x63,0x61,0x6e,0x44,
0x65,0x6c,0x65,0x74,0x65,0x20,0x3f,0x20,0x22,0x6f,0x6b,0x22,0x20,0x3a,0x20,0x22,
0x62,0x61,0x64,0x22,0x2c,0x20,0x22,0xe5,0x88,0xa0,0xe9,0x99,0xa4,0x22,0x29,0x29,
0x3b,0x0a,0x20,0x20,0x20,0x20,0x20,0x20,0x69,0x66,0x20,0x28,0x64,0x2e,0x69,0x73,
0x4c,0x69,0x6e,0x6b,0x29,0x20,0x62,0x61,0x64,0x67,0x65,0x73,0x2e,0x70,0x75,0x73,
0x68,0x28,0x62,0x61,0x64,0x67,0x65,0x28,0x22,0xe7,0xac,0xa6,0xe5,0x8f,0xb7,0xe9,
0x93,0xbe,0xe6,0x8e,0xa5,0x22,0x2c,0x20,0x22,0x6e,0x65,0x75,0x74,0x72,0x61,0x6c,
0x22,0x2c,0x20,0x22,0xe5,0xa4,0x87,0xe6,0xb3,0xa8,0x22,0x29,0x29,0x3b,0x0a,0x20,
0x20,0x20,0x20,0x7d,0x0a,0x20,0x20,0x20,0x20,0x24,0x28,0x22,0x73,0x74,0x61,0x74,
0x75,0x73,0x52,0x6f,0x77,0x22,0x29,0x2e,0x69,0x6e,0x6e,0x65,0x72,0x48,0x54,0x4d,
0x4c,0x20,0x3d,0x20,0x62,0x61,0x64,0x67,0x65,0x73,0x2e,0x6a,0x6f,0x69,0x6e,0x28,
0x22,0x22,0x29,0x3b,0x0a,0x0a,0x20,0x20,0x20,0x20,0x72,0x65,0x6e,0x64,0x65,0x72,
0x4c,0x6f,0x63,0x6b,0x65,0x72,0x73,0x28,0x64,0x2e,0x6c,0x6f,0x63,0x6b,0x65,0x72,
0x73,0x20,0x7c,0x7c,0x20,0x5b,0x5d,0x29,0x3b,0x0a,0x20,0x20,0x20,0x20,0x72,0x65,
0x6e,0x64,0x65,0x72,0x4c,0x69,0x73,0x74,0x28,0x22,0x72,0x65,0x61,0x73,0x6f,0x6e,
0x42,0x6c,0x6f,0x63,0x6b,0x22,0x2c,0x20,0x22,0x72,0x65,0x61,0x73,0x6f,0x6e,0x4c,
0x69,0x73,0x74,0x22,0x2c,0x20,0x64,0x2e,0x72,0x65,0x61,0x73,0x6f,0x6e,0x73,0x20,
0x7c,0x7c,0x20,0x5b,0x5d,0x2c,0x20,0x22,0xe6,0xb2,0xa1,0xe6,0x9c,0x89,0xe5,0x8f,
0x91,0xe7,0x8e,0xb0,0xe5,0xbc,0x82,0xe5,0xb8,0xb8,0xe5,0x8e,0x9f,0xe5,0x9b,0xa0,
0x22,0x29,0x3b,0x0a,0x20,0x20,0x20,0x20,0x72,0x65,0x6e,0x64,0x65,0x72,0x4c,0x69,
0x73,0x74,0x28,0x22,0x66,0x69,0x78,0x42,0x6c,0x6f,0x63,0x6b,0x22,0x2c,0x20,0x22,
0x66,0x69,0x78,0x4c,0x69,0x73,0x74,0x22,0x2c,0x20,0x64,0x2e,0x66,0x69,0x78,0x65,
0x73,0x20,0x7c,0x7c,0x20,0x5b,0x5d,0x2c,0x20,0x22,0xe6,0x97,0xa0,0xe9,0x9c,0x80,
0xe5,0xa4,0x84,0xe7,0x90,0x86,0x22,0x29,0x3b,0x0a,0x0a,0x20,0x20,0x20,0x20,0x24,
0x28,0x22,0x72,0x65,0x73,0x75,0x6c,0x74,0x43,0x61,0x72,0x64,0x22,0x29,0x2e,0x73,
0x63,0x72,0x6f,0x6c,0x6c,0x49,0x6e,0x74,0x6f,0x56,0x69,0x65,0x77,0x28,0x7b,0x20,
0x62,0x65,0x68,0x61,0x76,0x69,0x6f,0x72,0x3a,0x20,0x22,0x73,0x6d,0x6f,0x6f,0x74,
0x68,0x22,0x2c,0x20,0x62,0x6c,0x6f,0x63,0x6b,0x3a,0x20,0x22,0x73,0x74,0x61,0x72,
0x74,0x22,0x20,0x7d,0x29,0x3b,0x0a,0x20,0x20,0x7d,0x0a,0x0a,0x20,0x20,0x66,0x75,
0x6e,0x63,0x74,0x69,0x6f,0x6e,0x20,0x62,0x61,0x64,0x67,0x65,0x28,0x74,0x65,0x78,
0x74,0x2c,0x20,0x63,0x6c,0x73,0x2c,0x20,0x6b,0x65,0x79,0x29,0x20,0x7b,0x0a,0x20,
0x20,0x20,0x20,0x72,0x65,0x74,0x75,0x72,0x6e,0x20,0x27,0x3c,0x73,0x70,0x61,0x6e,
0x20,0x63,0x6c,0x61,0x73,0x73,0x3d,0x22,0x62,0x61,0x64,0x67,0x65,0x20,0x27,0x20,
0x2b,0x20,0x63,0x6c,0x73,0x20,0x2b,0x20,0x27,0x22,0x3e,0x27,0x20,0x2b,0x20,0x28,
0x6b,0x65,0x79,0x20,0x3f,0x20,0x27,0x3c,0x73,0x70,0x61,0x6e,0x20,0x63,0x6c,0x61,
0x73,0x73,0x3d,0x22,0x6b,0x22,0x3e,0x27,0x20,0x2b,0x20,0x65,0x73,0x63,0x28,0x6b,
0x65,0x79,0x29,0x20,0x2b,0x20,0x22,0x3c,0x2f,0x73,0x70,0x61,0x6e,0x3e,0x20,0x22,
0x20,0x3a,0x20,0x22,0x22,0x29,0x20,0x2b,0x20,0x65,0x73,0x63,0x28,0x74,0x65,0x78,
0x74,0x29,0x20,0x2b,0x20,0x22,0x3c,0x2f,0x73,0x70,0x61,0x6e,0x3e,0x22,0x3b,0x0a,
0x20,0x20,0x7d,0x0a,0x0a,0x20,0x20,0x66,0x75,0x6e,0x63,0x74,0x69,0x6f,0x6e,0x20,
0x66,0x6d,0x74,0x53,0x69,0x7a,0x65,0x28,0x62,0x29,0x20,0x7b,0x0a,0x20,0x20,0x20,
0x20,0x69,0x66,0x20,0x28,0x62,0x20,0x3e,0x3d,0x20,0x31,0x30,0x37,0x33,0x37,0x34,
0x31,0x38,0x32,0x34,0x29,0x20,0x72,0x65,0x74,0x75,0x72,0x6e,0x20,0x28,0x62,0x20,
0x2f,0x20,0x31,0x30,0x37,0x33,0x37,0x34,0x31,0x38,0x32,0x34,0x29,0x2e,0x74,0x6f,
0x46,0x69,0x78,0x65,0x64,0x28,0x32,0x29,0x20,0x2b,0x20,0x22,0x20,0x47,0x42,0x22,
0x3b,0x0a,0x20,0x20,0x20,0x20,0x69,0x66,0x20,0x28,0x62,0x20,0x3e,0x3d,0x20,0x31,
0x30,0x34,0x38,0x35,0x37,0x36,0x29,0x20,0x72,0x65,0x74,0x75,0x72,0x6e,0x20,0x28,
0x62,0x20,0x2f,0x20,0x31,0x30,0x34,0x38,0x35,0x37,0x36,0x29,0x2e,0x74,0x6f,0x46,
0x69,0x78,0x65,0x64,0x28,0x32,0x29,0x20,0x2b,0x20,0x22,0x20,0x4d,0x42,0x22,0x3b,
0x0a,0x20,0x20,0x20,0x20,0x69,0x66,0x20,0x28,0x62,0x20,0x3e,0x3d,0x20,0x31,0x30,
0x32,0x34,0x29,0x20,0x72,0x65,0x74,0x75,0x72,0x6e,0x20,0x28,0x62,0x20,0x2f,0x20,
0x31,0x30,0x32,0x34,0x29,0x2e,0x74,0x6f,0x46,0x69,0x78,0x65,0x64,0x28,0x31,0x29,
0x20,0x2b,0x20,0x22,0x20,0x4b,0x42,0x22,0x3b,0x0a,0x20,0x20,0x20,0x20,0x72,0x65,
0x74,0x75,0x72,0x6e,0x20,0x62,0x20,0x2b,0x20,0x22,0x20,0x42,0x22,0x3b,0x0a,0x20,
0x20,0x7d,0x0a,0x0a,0x20,0x20,0x66,0x75,0x6e,0x63,0x74,0x69,0x6f,0x6e,0x20,0x72,
0x65,0x6e,0x64,0x65,0x72,0x4c,0x69,0x73,0x74,0x28,0x62,0x6c,0x6f,0x63,0x6b,0x49,
0x64,0x2c,0x20,0x6c,0x69,0x73,0x74,0x49,0x64,0x2c,0x20,0x61,0x72,0x72,0x2c,0x20,
0x65,0x6d,0x70,0x74,0x79,0x54,0x65,0x78,0x74,0x29,0x20,0x7b,0x0a,0x20,0x20,0x20,
0x20,0x63,0x6f,0x6e,0x73,0x74,0x20,0x62,0x6c,0x6f,0x63,0x6b,0x20,0x3d,0x20,0x24,
0x28,0x62,0x6c,0x6f,0x63,0x6b,0x49,0x64,0x29,0x2c,0x20,0x6c,0x69,0x73,0x74,0x20,
0x3d,0x20,0x24,0x28,0x6c,0x69,0x73,0x74,0x49,0x64,0x29,0x3b,0x0a,0x20,0x20,0x20,
0x20,0x69,0x66,0x20,0x28,0x21,0x61,0x72,0x72,0x2e,0x6c,0x65,0x6e,0x67,0x74,0x68,
0x29,0x20,0x7b,0x0a,0x20,0x20,0x20,0x20,0x20,0x20,0x62,0x6c,0x6f,0x63,0x6b,0x2e,
0x63,0x6c,0x61,0x73,0x73,0x4c,0x69,0x73,0x74,0x2e,0x72,0x65,0x6d,0x6f,0x76,0x65,
0x28,0x22,0x68,0x69,0x64,0x64,0x65,0x6e,0x22,0x29,0x3b,0x0a,0x20,0x20,0x20,0x20,
0x20,0x20,0x6c,0x69,0x73,0x74,0x2e,0x69,0x6e,0x6e,0x65,0x72,0x48,0x54,0x4d,0x4c,
0x20,0x3d,0x20,0x22,0x3c,0x6c,0x69,0x3e,0x22,0x20,0x2b,0x20,0x65,0x73,0x63,0x28,
0x65,0x6d,0x70,0x74,0x79,0x54,0x65,0x78,0x74,0x29,0x20,0x2b,0x20,0x22,0x3c,0x2f,
0x6c,0x69,0x3e,0x22,0x3b,0x0a,0x20,0x20,0x20,0x20,0x20,0x20,0x72,0x65,0x74,0x75,
0x72,0x6e,0x3b,0x0a,0x20,0x20,0x20,0x20,0x7d,0x0a,0x20,0x20,0x20,0x20,0x62,0x6c,
0x6f,0x63,0x6b,0x2e,0x63,0x6c,0x61,0x73,0x73,0x4c,0x69,0x73,0x74,0x2e,0x72,0x65,
0x6d,0x6f,0x76,0x65,0x28,0x22,0x68,0x69,0x64,0x64,0x65,0x6e,0x22,0x29,0x3b,0x0a,
0x20,0x20,0x20,0x20,0x6c,0x69,0x73,0x74,0x2e,0x69,0x6e,0x6e,0x65,0x72,0x48,0x54,
0x4d,0x4c,0x20,0x3d,0x20,0x61,0x72,0x72,0x2e,0x6d,0x61,0x70,0x28,0x28,0x73,0x29,
0x20,0x3d,0x3e,0x20,0x22,0x3c,0x6c,0x69,0x3e,0x22,0x20,0x2b,0x20,0x65,0x73,0x63,
0x28,0x73,0x29,0x20,0x2b,0x20,0x22,0x3c,0x2f,0x6c,0x69,0x3e,0x22,0x29,0x2e,0x6a,
0x6f,0x69,0x6e,0x28,0x22,0x22,0x29,0x3b,0x0a,0x20,0x20,0x7d,0x0a,0x0a,0x20,0x20,
0x2f,0x2a,0x20,0x2d,0x2d,0x2d,0x2d,0x2d,0x2d,0x2d,0x2d,0x2d,0x2d,0x20,0xe8,0xbf,
0x9b,0xe7,0xa8,0x8b,0xe6,0xa0,0x91,0xe5,0x8f,0xaf,0xe8,0xa7,0x86,0xe5,0x8c,0x96,
0x20,0x2d,0x2d,0x2d,0x2d,0x2d,0x2d,0x2d,0x2d,0x2d,0x2d,0x0a,0x20,0x20,0x20,0x2a,
0x20,0xe5,0x88,0xa9,0xe7,0x94,0xa8,0xe5,0x90,0x8e,0xe7,0xab,0xaf,0xe8,0xbf,0x94,
0xe5,0x9b,0x9e,0xe7,0x9a,0x84,0x20,0x70,0x70,0x69,0x64,0x20,0xe6,0x8a,0x8a,0xe6,
0x89,0x81,0xe5,0xb9,0xb3,0xe5,0x8d,0xa0,0xe7,0x94,0xa8,0xe5,0x88,0x97,0xe8,0xa1,
0xa8,0xe7,0xbb,0x84,0xe7,0xbb,0x87,0xe6,0x88,0x90,0xe7,0x88,0xb6,0xe5,0xad,0x90,
0xe5,0xb1,0x82,0xe7,0xba,0xa7,0xef,0xbc,0x9b,0x0a,0x20,0x20,0x20,0x2a,0x20,0xe7,
0x88,0xb6,0xe8,0xbf,0x9b,0xe7,0xa8,0x8b,0xe4,0xb8,0x8d,0xe5,0x9c,0xa8,0xe5,0x88,
0x97,0xe8,0xa1,0xa8,0xe4,0xb8,0xad,0xe6,0x88,0x96,0xe6,0x97,0xa0,0x20,0x70,0x70,
0x69,0x64,0x20,0xe4,0xbf,0xa1,0xe6,0x81,0xaf,0xe6,0x97,0xb6,0xe8,0x87,0xaa,0xe5,
0x8a,0xa8,0xe9,0x80,0x80,0xe5,0x8c,0x96,0xe4,0xb8,0xba,0xe6,0x89,0x81,0xe5,0xb9,
0xb3,0xe5,0xb1,0x95,0xe7,0xa4,0xba,0xe3,0x80,0x82,0x20,0x2a,0x2f,0x0a,0x20,0x20,
0x66,0x75,0x6e,0x63,0x74,0x69,0x6f,0x6e,0x20,0x62,0x75,0x69,0x6c,0x64,0x50,0x72,
0x6f,0x63,0x65,0x73,0x73,0x54,0x72,0x65,0x65,0x28,0x6c,0x6f,0x63,0x6b,0x65,0x72,
0x73,0x29,0x20,0x7b,0x0a,0x20,0x20,0x20,0x20,0x63,0x6f,0x6e,0x73,0x74,0x20,0x6d,
0x61,0x70,0x20,0x3d,0x20,0x7b,0x7d,0x2c,0x20,0x72,0x6f,0x6f,0x74,0x73,0x20,0x3d,
0x20,0x5b,0x5d,0x3b,0x0a,0x20,0x20,0x20,0x20,0x6c,0x6f,0x63,0x6b,0x65,0x72,0x73,
0x2e,0x66,0x6f,0x72,0x45,0x61,0x63,0x68,0x28,0x28,0x6c,0x29,0x20,0x3d,0x3e,0x20,
0x7b,0x20,0x6d,0x61,0x70,0x5b,0x6c,0x2e,0x70,0x69,0x64,0x5d,0x20,0x3d,0x20,0x4f,
0x62,0x6a,0x65,0x63,0x74,0x2e,0x61,0x73,0x73,0x69,0x67,0x6e,0x28,0x7b,0x7d,0x2c,
0x20,0x6c,0x2c,0x20,0x7b,0x20,0x63,0x68,0x69,0x6c,0x64,0x72,0x65,0x6e,0x3a,0x20,
0x5b,0x5d,0x20,0x7d,0x29,0x3b,0x20,0x7d,0x29,0x3b,0x0a,0x20,0x20,0x20,0x20,0x6c,
0x6f,0x63,0x6b,0x65,0x72,0x73,0x2e,0x66,0x6f,0x72,0x45,0x61,0x63,0x68,0x28,0x28,
0x6c,0x29,0x20,0x3d,0x3e,0x20,0x7b,0x0a,0x20,0x20,0x20,0x20,0x20,0x20,0x63,0x6f,
0x6e,0x73,0x74,0x20,0x6e,0x6f,0x64,0x65,0x20,0x3d,0x20,0x6d,0x61,0x70,0x5b,0x6c,
0x2e,0x70,0x69,0x64,0x5d,0x3b,0x0a,0x20,0x20,0x20,0x20,0x20,0x20,0x69,0x66,0x20,
0x28,0x6e,0x6f,0x64,0x65,0x2e,0x70,0x70,0x69,0x64,0x20,0x26,0x26,0x20,0x6d,0x61,
0x70,0x5b,0x6e,0x6f,0x64,0x65,0x2e,0x70,0x70,0x69,0x64,0x5d,0x20,0x26,0x26,0x20,
0x6e,0x6f,0x64,0x65,0x2e,0x70,0x70,0x69,0x64,0x20,0x21,0x3d,0x3d,0x20,0x6e,0x6f,
0x64,0x65,0x2e,0x70,0x69,0x64,0x29,0x20,0x6d,0x61,0x70,0x5b,0x6e,0x6f,0x64,0x65,
0x2e,0x70,0x70,0x69,0x64,0x5d,0x2e,0x63,0x68,0x69,0x6c,0x64,0x72,0x65,0x6e,0x2e,
0x70,0x75,0x73,0x68,0x28,0x6e,0x6f,0x64,0x65,0x29,0x3b,0x0a,0x20,0x20,0x20,0x20,
0x20,0x20,0x65,0x6c,0x73,0x65,0x20,0x72,0x6f,0x6f,0x74,0x73,0x2e,0x70,0x75,0x73,
0x68,0x28,0x6e,0x6f,0x64,0x65,0x29,0x3b,0x0a,0x20,0x20,0x20,0x20,0x7d,0x29,0x3b,
0x0a,0x20,0x20,0x20,0x20,0x2f,0x2a,0x20,0xe9,0x98,0xb2,0xe5,0xbe,0xa1,0xe5,0xbc,
0x82,0xe5,0xb8,0xb8,0xe6,0x95,0xb0,0xe6,0x8d,0xae,0xe5,0xaf,0xbc,0xe8,0x87,0xb4,
0xe7,0x9a,0x84,0xe7,0x8e,0xaf,0xef,0xbc,0x9a,0xe4,0xbb,0x8e,0xe6,0xa0,0xb9,0xe5,
0x87,0xba,0xe5,0x8f,0x91,0xe9,0x81,0x8d,0xe5,0x8e,0x86,0xe4,0xb8,0x8d,0xe5,0x88,
0xb0,0xe7,0x9a,0x84,0xe8,0x8a,0x82,0xe7,0x82,0xb9,0xe8,0xa1,0xa5,0xe6,0x8c,0x82,
0xe5,0x88,0xb0,0xe9,0xa1,0xb6,0xe5,0xb1,0x82,0x20,0x2a,0x2f,0x0a,0x20,0x20,0x20,
0x20,0x63,0x6f,0x6e,0x73,0x74,0x20,0x73,0x65,0x65,0x6e,0x20,0x3d,0x20,0x6e,0x65,
0x77,0x20,0x53,0x65,0x74,0x28,0x29,0x3b,0x0a,0x20,0x20,0x20,0x20,0x28,0x66,0x75,
0x6e,0x63,0x74,0x69,0x6f,0x6e,0x20,0x6d,0x61,0x72,0x6b,0x28,0x6e,0x73,0x29,0x20,
0x7b,0x20,0x6e,0x73,0x2e,0x66,0x6f,0x72,0x45,0x61,0x63,0x68,0x28,0x28,0x6e,0x29,
0x20,0x3d,0x3e,0x20,0x7b,0x20,0x69,0x66,0x20,0x28,0x21,0x73,0x65,0x65,0x6e,0x2e,
0x68,0x61,0x73,0x28,0x6e,0x2e,0x70,0x69,0x64,0x29,0x29,0x20,0x7b,0x20,0x73,0x65,
0x65,0x6e,0x2e,0x61,0x64,0x64,0x28,0x6e,0x2e,0x70,0x69,0x64,0x29,0x3b,0x20,0x6d,
0x61,0x72,0x6b,0x28,0x6e,0x2e,0x63,0x68,0x69,0x6c,0x64,0x72,0x65,0x6e,0x29,0x3b,
0x20,0x7d,0x20,0x7d,0x29,0x3b,0x20,0x7d,0x29,0x28,0x72,0x6f,0x6f,0x74,0x73,0x29,
0x3b,0x0a,0x20,0x20,0x20,0x20,0x6c,0x6f,0x63,0x6b,0x65,0x72,0x73,0x2e,0x66,0x6f,
0x72,0x45,0x61,0x63,0x68,0x28,0x28,0x6c,0x29,0x20,0x3d,0x3e,0x20,0x7b,0x20,0x69,
0x66,0x20,0x28,0x21,0x73,0x65,0x65,0x6e,0x2e,0x68,0x61,0x73,0x28,0x6c,0x2e,0x70,
0x69,0x64,0x29,0x29,0x20,0x7b,0x20,0x73,0x65,0x65,0x6e,0x2e,0x61,0x64,0x64,0x28,
0x6c,0x2e,0x70,0x69,0x64,0x29,0x3b,0x20,0x72,0x6f,0x6f,0x74,0x73,0x2e,0x70,0x75,
0x73,0x68,0x28,0x6d,0x61,0x70,0x5b,0x6c,0x2e,0x70,0x69,0x64,0x5d,0x29,0x3b,0x20,
0x7d,0x20,0x7d,0x29,0x3b,0x0a,0x20,0x20,0x20,0x20,0x72,0x65,0x74,0x75,0x72,0x6e,
0x20,0x72,0x6f,0x6f,0x74,0x73,0x3b,0x0a,0x20,0x20,0x7d,0x0a,0x0a,0x20,0x20,0x66,
0x75,0x6e,0x63,0x74,0x69,0x6f,0x6e,0x20,0x72,0x65,0x6e,0x64,0x65,0x72,0x54,0x72,
0x65,0x65,0x52,0x6f,0x77,0x73,0x28,0x6e,0x6f,0x64,0x65,0x73,0x2c,0x20,0x6c,0x65,
0x76,0x65,0x6c,0x2c,0x20,0x6f,0x75,0x74,0x29,0x20,0x7b,0x0a,0x20,0x20,0x20,0x20,
0x6e,0x6f,0x64,0x65,0x73,0x2e,0x66,0x6f,0x72,0x45,0x61,0x63,0x68,0x28,0x28,0x6e,
0x6f,0x64,0x65,0x29,0x20,0x3d,0x3e,0x20,0x7b,0x0a,0x20,0x20,0x20,0x20,0x20,0x20,
0x63,0x6f,0x6e,0x73,0x74,0x20,0x68,0x61,0x73,0x4b,0x69,0x64,0x73,0x20,0x3d,0x20,
0x6e,0x6f,0x64,0x65,0x2e,0x63,0x68,0x69,0x6c,0x64,0x72,0x65,0x6e,0x20,0x26,0x26,
0x20,0x6e,0x6f,0x64,0x65,0x2e,0x63,0x68,0x69,0x6c,0x64,0x72,0x65,0x6e,0x2e,0x6c,
0x65,0x6e,0x67,0x74,0x68,0x20,0x3e,0x20,0x30,0x3b,0x0a,0x20,0x20,0x20,0x20,0x20,
0x20,0x63,0x6f,0x6e,0x73,0x74,0x20,0x69,0x6e,0x64,0x65,0x6e,0x74,0x20,0x3d,0x20,
0x6c,0x65,0x76,0x65,0x6c,0x20,0x2a,0x20,0x32,0x30,0x3b,0x0a,0x20,0x20,0x20,0x20,
0x20,0x20,0x6f,0x75,0x74,0x2e,0x70,0x75,0x73,0x68,0x28,0x0a,0x20,0x20,0x20,0x20,
0x20,0x20,0x20,0x20,0x60,0x3c,0x74,0x72,0x20,0x63,0x6c,0x61,0x73,0x73,0x3d,0x22,
0x74,0x72,0x65,0x65,0x2d,0x72,0x6f,0x77,0x24,0x7b,0x68,0x61,0x73,0x4b,0x69,0x64,
0x73,0x20,0x3f,0x20,0x22,0x22,0x20,0x3a,0x20,0x22,0x20,0x6c,0x65,0x61,0x66,0x22,
0x7d,0x22,0x20,0x64,0x61,0x74,0x61,0x2d,0x6c,0x65,0x76,0x65,0x6c,0x3d,0x22,0x24,
0x7b,0x6c,0x65,0x76,0x65,0x6c,0x7d,0x22,0x24,0x7b,0x68,0x61,0x73,0x4b,0x69,0x64,
0x73,0x20,0x3f,0x20,0x60,0x20,0x64,0x61,0x74,0x61,0x2d,0x65,0x78,0x70,0x61,0x6e,
0x64,0x61,0x62,0x6c,0x65,0x3d,0x22,0x31,0x22,0x60,0x20,0x3a,0x20,0x22,0x22,0x7d,
0x3e,0x60,0x20,0x2b,0x0a,0x20,0x20,0x20,0x20,0x20,0x20,0x20,0x20,0x20,0x20,0x60,
0x3c,0x74,0x64,0x20,0x63,0x6c,0x61,0x73,0x73,0x3d,0x22,0x70,0x69,0x64,0x22,0x3e,
0x60,0x20,0x2b,0x0a,0x20,0x20,0x20,0x20,0x20,0x20,0x20,0x20,0x20,0x20,0x20,0x20,
0x60,0x3c,0x73,0x70,0x61,0x6e,0x20,0x63,0x6c,0x61,0x73,0x73,0x3d,0x22,0x74,0x77,
0x2d,0x69,0x6e,0x64,0x65,0x6e,0x74,0x22,0x20,0x73,0x74,0x79,0x6c,0x65,0x3d,0x22,
0x77,0x69,0x64,0x74,0x68,0x3a,0x24,0x7b,0x69,0x6e,0x64,0x65,0x6e,0x74,0x7d,0x70,
0x78,0x22,0x3e,0x3c,0x2f,0x73,0x70,0x61,0x6e,0x3e,0x60,0x20,0x2b,0x0a,0x20,0x20,
0x20,0x20,0x20,0x20,0x20,0x20,0x20,0x20,0x20,0x20,0x28,0x68,0x61,0x73,0x4b,0x69,
0x64,0x73,0x20,0x3f,0x20,0x27,0x3c,0x73,0x70,0x61,0x6e,0x20,0x63,0x6c,0x61,0x73,
0x73,0x3d,0x22,0x61,0x72,0x72,0x6f,0x77,0x22,0x3e,0xe2,0x96,0xbc,0x3c,0x2f,0x73,
0x70,0x61,0x6e,0x3e,0x27,0x20,0x3a,0x20,0x27,0x3c,0x73,0x70,0x61,0x6e,0x20,0x63,
0x6c,0x61,0x73,0x73,0x3d,0x22,0x61,0x72,0x72,0x6f,0x77,0x2d,0x73,0x70,0x61,0x63,
0x65,0x72,0x22,0x3e,0x3c,0x2f,0x73,0x70,0x61,0x6e,0x3e,0x27,0x29,0x20,0x2b,0x0a,
0x20,0x20,0x20,0x20,0x20,0x20,0x20,0x20,0x20,0x20,0x20,0x20,0x65,0x73,0x63,0x28,
0x6e,0x6f,0x64,0x65,0x2e,0x70,0x69,0x64,0x29,0x20,0x2b,0x0a,0x20,0x20,0x20,0x20,
0x20,0x20,0x20,0x20,0x20,0x20,0x60,0x3c,0x2f,0x74,0x64,0x3e,0x60,0x20,0x2b,0x0a,
0x20,0x20,0x20,0x20,0x20,0x20,0x20,0x20,0x20,0x20,0x60,0x3c,0x74,0x64,0x20,0x63,
0x6c,0x61,0x73,0x73,0x3d,0x22,0x70,0x6e,0x61,0x6d,0x65,0x22,0x3e,0x3c,0x73,0x70,
0x61,0x6e,0x20,0x63,0x6c,0x61,0x73,0x73,0x3d,0x22,0x6e,0x6f,0x64,0x65,0x2d,0x69,
0x63,0x6f,0x6e,0x22,0x3e,0x24,0x7b,0x68,0x61,0x73,0x4b,0x69,0x64,0x73,0x20,0x3f,
0x20,0x22,0xf0,0x9f,0x93,0x82,0x22,0x20,0x3a,0x20,0x22,0xf0,0x9f,0x93,0x84,0x22,
0x7d,0x3c,0x2f,0x73,0x70,0x61,0x6e,0x3e,0x20,0x24,0x7b,0x65,0x73,0x63,0x28,0x6e,
0x6f,0x64,0x65,0x2e,0x6e,0x61,0x6d,0x65,0x20,0x7c,0x7c,0x20,0x22,0x28,0xe6,0x9c,
0xaa,0xe7,0x9f,0xa5,0x29,0x22,0x29,0x7d,0x3c,0x2f,0x74,0x64,0x3e,0x60,0x20,0x2b,
0x0a,0x20,0x20,0x20,0x20,0x20,0x20,0x20,0x20,0x20,0x20,0x60,0x3c,0x74,0x64,0x20,
0x63,0x6c,0x61,0x73,0x73,0x3d,0x22,0x64,0x65,0x74,0x61,0x69,0x6c,0x22,0x3e,0x24,
0x7b,0x65,0x73,0x63,0x28,0x6e,0x6f,0x64,0x65,0x2e,0x64,0x65,0x74,0x61,0x69,0x6c,
0x20,0x7c,0x7c,0x20,0x22,0x2d,0x22,0x29,0x7d,0x3c,0x2f,0x74,0x64,0x3e,0x60,0x20,
0x2b,0x0a,0x20,0x20,0x20,0x20,0x20,0x20,0x20,0x20,0x20,0x20,0x60,0x3c,0x74,0x64,
0x3e,0x3c,0x62,0x75,0x74,0x74,0x6f,0x6e,0x20,0x63,0x6c,0x61,0x73,0x73,0x3d,0x22,
0x62,0x74,0x6e,0x20,0x64,0x61,0x6e,0x67,0x65,0x72,0x22,0x20,0x64,0x61,0x74,0x61,
0x2d,0x70,0x69,0x64,0x3d,0x22,0x24,0x7b,0x65,0x73,0x63,0x28,0x6e,0x6f,0x64,0x65,
0x2e,0x70,0x69,0x64,0x29,0x7d,0x22,0x20,0x64,0x61,0x74,0x61,0x2d,0x6e,0x61,0x6d,
0x65,0x3d,0x22,0x24,0x7b,0x65,0x73,0x63,0x28,0x6e,0x6f,0x64,0x65,0x2e,0x6e,0x61,
0x6d,0x65,0x20,0x7c,0x7c,0x20,0x22,0x22,0x29,0x7d,0x22,0x3e,0xe7,0xbb,0x93,0xe6,
0x9d,0x9f,0xe6,0xad,0xa4,0xe8,0xbf,0x9b,0xe7,0xa8,0x8b,0x3c,0x2f,0x62,0x75,0x74,
0x74,0x6f,0x6e,0x3e,0x3c,0x2f,0x74,0x64,0x3e,0x60,0x20,0x2b,0x0a,0x20,0x20,0x20,
0x20,0x20,0x20,0x20,0x20,0x60,0x3c,0x2f,0x74,0x72,0x3e,0x60,0x29,0x3b,0x0a,0x20,
0x20,0x20,0x20,0x20,0x20,0x69,0x66,0x20,0x28,0x68,0x61,0x73,0x4b,0x69,0x64,0x73,
0x29,0x20,0x72,0x65,0x6e,0x64,0x65,0x72,0x54,0x72,0x65,0x65,0x52,0x6f,0x77,0x73,
0x28,0x6e,0x6f,0x64,0x65,0x2e,0x63,0x68,0x69,0x6c,0x64,0x72,0x65,0x6e,0x2c,0x20,
0x6c,0x65,0x76,0x65,0x6c,0x20,0x2b,0x20,0x31,0x2c,0x20,0x6f,0x75,0x74,0x29,0x3b,
0x0a,0x20,0x20,0x20,0x20,0x7d,0x29,0x3b,0x0a,0x20,0x20,0x7d,0x0a,0x0a,0x20,0x20,
0x66,0x75,0x6e,0x63,0x74,0x69,0x6f,0x6e,0x20,0x72,0x65,0x6e,0x64,0x65,0x72,0x4c,
0x6f,0x63,0x6b,0x65,0x72,0x73,0x28,0x6c,0x6f,0x63,0x6b,0x65,0x72,0x73,0x29,0x20,
0x7b,0x0a,0x20,0x20,0x20,0x20,0x63,0x6f,0x6e,0x73,0x74,0x20,0x62,0x6c,0x6f,0x63,
0x6b,0x20,0x3d,0x20,0x24,0x28,0x22,0x6c,0x6f,0x63,0x6b,0x65,0x72,0x42,0x6c,0x6f,
0x63,0x6b,0x22,0x29,0x2c,0x20,0x62,0x6f,0x64,0x79,0x20,0x3d,0x20,0x24,0x28,0x22,
0x6c,0x6f,0x63,0x6b,0x65,0x72,0x42,0x6f,0x64,0x79,0x22,0x29,0x3b,0x0a,0x20,0x20,
0x20,0x20,0x69,0x66,0x20,0x28,0x21,0x6c,0x6f,0x63,0x6b,0x65,0x72,0x73,0x2e,0x6c,
0x65,0x6e,0x67,0x74,0x68,0x29,0x20,0x7b,0x0a,0x20,0x20,0x20,0x20,0x20,0x20,0x62,
0x6c,0x6f,0x63,0x6b,0x2e,0x63,0x6c,0x61,0x73,0x73,0x4c,0x69,0x73,0x74,0x2e,0x61,
0x64,0x64,0x28,0x22,0x68,0x69,0x64,0x64,0x65,0x6e,0x22,0x29,0x3b,0x0a,0x20,0x20,
0x20,0x20,0x20,0x20,0x62,0x6f,0x64,0x79,0x2e,0x69,0x6e,0x6e,0x65,0x72,0x48,0x54,
0x4d,0x4c,0x20,0x3d,0x20,0x22,0x22,0x3b,0x0a,0x20,0x20,0x20,0x20,0x20,0x20,0x72,
0x65,0x74,0x75,0x72,0x6e,0x3b,0x0a,0x20,0x20,0x20,0x20,0x7d,0x0a,0x20,0x20,0x20,
0x20,0x62,0x6c,0x6f,0x63,0x6b,0x2e,0x63,0x6c,0x61,0x73,0x73,0x4c,0x69,0x73,0x74,
0x2e,0x72,0x65,0x6d,0x6f,0x76,0x65,0x28,0x22,0x68,0x69,0x64,0x64,0x65,0x6e,0x22,
0x29,0x3b,0x0a,0x20,0x20,0x20,0x20,0x63,0x6f,0x6e,0x73,0x74,0x20,0x72,0x6f,0x77,
0x73,0x20,0x3d,0x20,0x5b,0x5d,0x3b,0x0a,0x20,0x20,0x20,0x20,0x72,0x65,0x6e,0x64,
0x65,0x72,0x54,0x72,0x65,0x65,0x52,0x6f,0x77,0x73,0x28,0x62,0x75,0x69,0x6c,0x64,
0x50,0x72,0x6f,0x63,0x65,0x73,0x73,0x54,0x72,0x65,0x65,0x28,0x6c,0x6f,0x63,0x6b,
0x65,0x72,0x73,0x29,0x2c,0x20,0x30,0x2c,0x20,0x72,0x6f,0x77,0x73,0x29,0x3b,0x0a,
0x20,0x20,0x20,0x20,0x62,0x6f,0x64,0x79,0x2e,0x69,0x6e,0x6e,0x65,0x72,0x48,0x54,
0x4d,0x4c,0x20,0x3d,0x20,0x72,0x6f,0x77,0x73,0x2e,0x6a,0x6f,0x69,0x6e,0x28,0x22,
0x22,0x29,0x3b,0x0a,0x0a,0x20,0x20,0x20,0x20,0x2f,0x2a,0x20,0xe5,0xb1,0x95,0xe5,
0xbc,0x80,0x20,0x2f,0x20,0xe6,0x8a,0x98,0xe5,0x8f,0xa0,0xef,0xbc,0x9a,0xe9,0x9a,
0x90,0xe8,0x97,0x8f,0xe8,0xa2,0xab,0xe6,0x8a,0x98,0xe5,0x8f,0xa0,0xe8,0x8a,0x82,
0xe7,0x82,0xb9,0xe7,0x9a,0x84,0xe6,0x89,0x80,0xe6,0x9c,0x89,0xe5,0x90,0x8e,0xe4,
0xbb,0xa3,0xe8,0xa1,0x8c,0x20,0x2a,0x2f,0x0a,0x20,0x20,0x20,0x20,0x62,0x6f,0x64,
0x79,0x2e,0x71,0x75,0x65,0x72,0x79,0x53,0x65,0x6c,0x65,0x63,0x74,0x6f,0x72,0x41,
0x6c,0x6c,0x28,0x22,0x74,0x72,0x5b,0x64,0x61,0x74,0x61,0x2d,0x65,0x78,0x70,0x61,
0x6e,0x64,0x61,0x62,0x6c,0x65,0x5d,0x22,0x29,0x2e,0x66,0x6f,0x72,0x45,0x61,0x63,
0x68,0x28,0x28,0x74,0x72,0x29,0x20,0x3d,0x3e,0x20,0x7b,0x0a,0x20,0x20,0x20,0x20,
0x20,0x20,0x74,0x72,0x2e,0x71,0x75,0x65,0x72,0x79,0x53,0x65,0x6c,0x65,0x63,0x74,
0x6f,0x72,0x28,0x22,0x2e,0x61,0x72,0x72,0x6f,0x77,0x22,0x29,0x2e,0x61,0x64,0x64,
0x45,0x76,0x65,0x6e,0x74,0x4c,0x69,0x73,0x74,0x65,0x6e,0x65,0x72,0x28,0x22,0x63,
0x6c,0x69,0x63,0x6b,0x22,0x2c,0x20,0x28,0x65,0x29,0x20,0x3d,0x3e,0x20,0x7b,0x0a,
0x20,0x20,0x20,0x20,0x20,0x20,0x20,0x20,0x65,0x2e,0x73,0x74,0x6f,0x70,0x50,0x72,
0x6f,0x70,0x61,0x67,0x61,0x74,0x69,0x6f,0x6e,0x28,0x29,0x3b,0x0a,0x20,0x20,0x20,
0x20,0x20,0x20,0x20,0x20,0x63,0x6f,0x6e,0x73,0x74,0x20,0x63,0x6f,0x6c,0x6c,0x61,
0x70,0x73,0x65,0x64,0x20,0x3d,0x20,0x74,0x72,0x2e,0x63,0x6c,0x61,0x73,0x73,0x4c,
0x69,0x73,0x74,0x2e,0x74,0x6f,0x67,0x67,0x6c,0x65,0x28,0x22,0x63,0x6f,0x6c,0x6c,
0x61,0x70,0x73,0x65,0x64,0x22,0x29,0x3b,0x0a,0x20,0x20,0x20,0x20,0x20,0x20,0x20,
0x20,0x63,0x6f,0x6e,0x73,0x74,0x20,0x6c,0x76,0x6c,0x20,0x3d,0x20,0x2b,0x74,0x72,
0x2e,0x64,0x61,0x74,0x61,0x73,0x65,0x74,0x2e,0x6c,0x65,0x76,0x65,0x6c,0x3b,0x0a,
0x20,0x20,0x20,0x20,0x20,0x20,0x20,0x20,0x6c,0x65,0x74,0x20,0x6e,0x20,0x3d,0x20,
0x74,0x72,0x2e,0x6e,0x65,0x78,0x74,0x45,0x6c,0x65,0x6d,0x65,0x6e,0x74,0x53,0x69,
0x62,0x6c,0x69,0x6e,0x67,0x3b,0x0a,0x20,0x20,0x20,0x20,0x20,0x20,0x20,0x20,0x77,
0x68,0x69,0x6c,0x65,0x20,0x28,0x6e,0x20,0x26,0x26,0x20,0x2b,0x6e,0x2e,0x64,0x61,
0x74,0x61,0x73,0x65,0x74,0x2e,0x6c,0x65,0x76,0x65,0x6c,0x20,0x3e,0x20,0x6c,0x76,
0x6c,0x29,0x20,0x7b,0x0a,0x20,0x20,0x20,0x20,0x20,0x20,0x20,0x20,0x20,0x20,0x6e,
0x2e,0x63,0x6c,0x61,0x73,0x73,0x4c,0x69,0x73,0x74,0x2e,0x74,0x6f,0x67,0x67,0x6c,
0x65,0x28,0x22,0x68,0x69,0x64,0x64,0x65,0x6e,0x22,0x2c,0x20,0x63,0x6f,0x6c,0x6c,
0x61,0x70,0x73,0x65,0x64,0x29,0x3b,0x0a,0x20,0x20,0x20,0x20,0x20,0x20,0x20,0x20,
0x20,0x20,0x6e,0x20,0x3d,0x20,0x6e,0x2e,0x6e,0x65,0x78,0x74,0x45,0x6c,0x65,0x6d,
0x65,0x6e,0x74,0x53,0x69,0x62,0x6c,0x69,0x6e,0x67,0x3b,0x0a,0x20,0x20,0x20,0x20,
0x20,0x20,0x20,0x20,0x7d,0x0a,0x20,0x20,0x20,0x20,0x20,0x20,0x7d,0x29,0x3b,0x0a,
0x20,0x20,0x20,0x20,0x7d,0x29,0x3b,0x0a,0x0a,0x20,0x20,0x20,0x20,0x62,0x6f,0x64,
0x79,0x2e,0x71,0x75,0x65,0x72,0x79,0x53,0x65,0x6c,0x65,0x63,0x74,0x6f,0x72,0x41,
0x6c,0x6c,0x28,0x22,0x2e,0x62,0x74,0x6e,0x2e,0x64,0x61,0x6e,0x67,0x65,0x72,0x22,
0x29,0x2e,0x66,0x6f,0x72,0x45,0x61,0x63,0x68,0x28,0x28,0x62,0x74,0x6e,0x29,0x20,
0x3d,0x3e,0x20,0x7b,0x0a,0x20,0x20,0x20,0x20,0x20,0x20,0x62,0x74,0x6e,0x2e,0x61,
0x64,0x64,0x45,0x76,0x65,0x6e,0x74,0x4c,0x69,0x73,0x74,0x65,0x6e,0x65,0x72,0x28,
0x22,0x63,0x6c,0x69,0x63,0x6b,0x22,0x2c,0x20,0x61,0x73,0x79,0x6e,0x63,0x20,0x28,
0x29,0x20,0x3d,0x3e,0x20,0x7b,0x0a,0x20,0x20,0x20,0x20,0x20,0x20,0x20,0x20,0x63,
0x6f,0x6e,0x73,0x74,0x20,0x70,0x69,0x64,0x20,0x3d,0x20,0x62,0x74,0x6e,0x2e,0x64,
0x61,0x74,0x61,0x73,0x65,0x74,0x2e,0x70,0x69,0x64,0x2c,0x20,0x6e,0x61,0x6d,0x65,
0x20,0x3d,0x20,0x62,0x74,0x6e,0x2e,0x64,0x61,0x74,0x61,0x73,0x65,0x74,0x2e,0x6e,
0x61,0x6d,0x65,0x3b,0x0a,0x20,0x20,0x20,0x20,0x20,0x20,0x20,0x20,0x69,0x66,0x20,
0x28,0x21,0x63,0x6f,0x6e,0x66,0x69,0x72,0x6d,0x28,0x22,0xe7,0xa1,0xae,0xe5,0xae,
0x9a,0xe8,0xa6,0x81,0xe5,0xbc,0xba,0xe5,0x88,0xb6,0xe7,0xbb,0x93,0xe6,0x9d,0x9f,
0xe8,0xbf,0x9b,0xe7,0xa8,0x8b,0xe5,0x90,0x97,0xef,0xbc,0x9f,0x5c,0x6e,0x5c,0x6e,
0x22,0x20,0x2b,0x20,0x6e,0x61,0x6d,0x65,0x20,0x2b,0x20,0x22,0x20,0x28,0x50,0x49,
0x44,0x20,0x22,0x20,0x2b,0x20,0x70,0x69,0x64,0x20,0x2b,0x20,0x22,0x29,0x5c,0x6e,
0x5c,0x6e,0xe6,0x9c,0xaa,0xe4,0xbf,0x9d,0xe5,0xad,0x98,0xe7,0x9a,0x84,0xe6,0x95,
0xb0,0xe6,0x8d,0xae,0xe5,0x8f,0xaf,0xe8,0x83,0xbd,0xe4,0xb8,0xa2,0xe5,0xa4,0xb1,
0xe3,0x80,0x82,0x22,0x29,0x29,0x20,0x72,0x65,0x74,0x75,0x72,0x6e,0x3b,0x0a,0x20,
0x20,0x20,0x20,0x20,0x20,0x20,0x20,0x73,0x65,0x74,0x42,0x75,0x73,0x79,0x28,0x62,
0x74,0x6e,0x2c,0x20,0x74,0x72,0x75,0x65,0x2c,0x20,0x22,0xe7,0xbb,0x93,0xe6,0x9d,
0x9f,0xe4,0xb8,0xad,0xe2,0x80,0xa6,0x22,0x29,0x3b,0x0a,0x20,0x20,0x20,0x20,0x20,
0x20,0x20,0x20,0x74,0x72,0x79,0x20,0x7b,0x0a,0x20,0x20,0x20,0x20,0x20,0x20,0x20,
0x20,0x20,0x20,0x63,0x6f,0x6e,0x73,0x74,0x20,0x72,0x20,0x3d,0x20,0x61,0x77,0x61,
0x69,0x74,0x20,0x61,0x70,0x69,0x28,0x22,0x2f,0x61,0x70,0x69,0x2f,0x6b,0x69,0x6c,
0x6c,0x22,0x2c,0x20,0x7b,0x20,0x70,0x69,0x64,0x3a,0x20,0x70,0x69,0x64,0x20,0x7d,
0x29,0x3b,0x0a,0x20,0x20,0x20,0x20,0x20,0x20,0x20,0x20,0x20,0x20,0x69,0x66,0x20,
0x28,0x72,0x2e,0x6f,0x6b,0x29,0x20,0x7b,0x0a,0x20,0x20,0x20,0x20,0x20,0x20,0x20,
0x20,0x20,0x20,0x20,0x20,0x62,0x74,0x6e,0x2e,0x6f,0x75,0x74,0x65,0x72,0x48,0x54,
0x4d,0x4c,0x20,0x3d,0x20,0x27,0x3c,0x73,0x70,0x61,0x6e,0x20,0x63,0x6c,0x61,0x73,
0x73,0x3d,0x22,0x62,0x61,0x64,0x67,0x65,0x20,0x6f,0x6b,0x22,0x3e,0xe5,0xb7,0xb2,
0xe7,0xbb,0x93,0xe6,0x9d,0x9f,0x3c,0x2f,0x73,0x70,0x61,0x6e,0x3e,0x27,0x3b,0x0a,
0x20,0x20,0x20,0x20,0x20,0x20,0x20,0x20,0x20,0x20,0x20,0x20,0x73,0x65,0x74,0x54,
0x69,0x6d,0x65,0x6f,0x75,0x74,0x28,0x28,0x29,0x20,0x3d,0x3e,0x20,0x72,0x75,0x6e,
0x53,0x63,0x61,0x6e,0x28,0x24,0x28,0x22,0x70,0x61,0x74,0x68,0x49,0x6e,0x70,0x75,
0x74,0x22,0x29,0x2e,0x76,0x61,0x6c,0x75,0x65,0x2e,0x74,0x72,0x69,0x6d,0x28,0x29,
0x29,0x2c,0x20,0x36,0x30,0x30,0x29,0x3b,0x0a,0x20,0x20,0x20,0x20,0x20,0x20,0x20,
0x20,0x20,0x20,0x7d,0x20,0x65,0x6c,0x73,0x65,0x20,0x7b,0x0a,0x20,0x20,0x20,0x20,
0x20,0x20,0x20,0x20,0x20,0x20,0x20,0x20,0x73,0x68,0x6f,0x77,0x45,0x72,0x72,0x6f,
0x72,0x28,0x22,0xe7,0xbb,0x93,0xe6,0x9d,0x9f,0xe8,0xbf,0x9b,0xe7,0xa8,0x8b,0xe5,
0xa4,0xb1,0xe8,0xb4,0xa5,0xef,0xbc,0x88,0xe5,0x8f,0xaf,0xe8,0x83,0xbd,0xe9,0x9c,
0x80,0xe8,0xa6,0x81,0xe7,0xae,0xa1,0xe7,0x90,0x86,0xe5,0x91,0x98,0xe6,0x9d,0x83,
0xe9,0x99,0x90,0xef,0xbc,0x89,0x22,0x29,0x3b,0x0a,0x20,0x20,0x20,0x20,0x20,0x20,
0x20,0x20,0x20,0x20,0x20,0x20,0x73,0x65,0x74,0x42,0x75,0x73,0x79,0x28,0x62,0x74,
0x6e,0x2c,0x20,0x66,0x61,0x6c,0x73,0x65,0x29,0x3b,0x0a,0x20,0x20,0x20,0x20,0x20,
0x20,0x20,0x20,0x20,0x20,0x7d,0x0a,0x20,0x20,0x20,0x20,0x20,0x20,0x20,0x20,0x7d,
0x20,0x63,0x61,0x74,0x63,0x68,0x20,0x28,0x65,0x29,0x20,0x7b,0x0a,0x20,0x20,0x20,
0x20,0x20,0x20,0x20,0x20,0x20,0x20,0x73,0x68,0x6f,0x77,0x45,0x72,0x72,0x6f,0x72,
0x28,0x22,0xe8,0xaf,0xb7,0xe6,0xb1,0x82,0xe5,0xa4,0xb1,0xe8,0xb4,0xa5,0xef,0xbc,
0x9a,0x22,0x20,0x2b,0x20,0x65,0x2e,0x6d,0x65,0x73,0x73,0x61,0x67,0x65,0x29,0x3b,
0x0a,0x20,0x20,0x20,0x20,0x20,0x20,0x20,0x20,0x20,0x20,0x73,0x65,0x74,0x42,0x75,
0x73,0x79,0x28,0x62,0x74,0x6e,0x2c,0x20,0x66,0x61,0x6c,0x73,0x65,0x29,0x3b,0x0a,
0x20,0x20,0x20,0x20,0x20,0x20,0x20,0x20,0x7d,0x0a,0x20,0x20,0x20,0x20,0x20,0x20,
0x7d,0x29,0x3b,0x0a,0x20,0x20,0x20,0x20,0x7d,0x29,0x3b,0x0a,0x20,0x20,0x7d,0x0a,
0x0a,0x20,0x20,0x2f,0x2a,0x20,0x2d,0x2d,0x2d,0x2d,0x2d,0x2d,0x2d,0x2d,0x2d,0x2d,
0x20,0xe6,0x8a,0xa5,0xe9,0x94,0x99,0xe6,0x8f,0x90,0xe7,0xa4,0xba,0xe5,0x88,0x86,
0xe6,0x9e,0x90,0x20,0x2d,0x2d,0x2d,0x2d,0x2d,0x2d,0x2d,0x2d,0x2d,0x2d,0x20,0x2a,
0x2f,0x0a,0x20,0x20,0x61,0x73,0x79,0x6e,0x63,0x20,0x66,0x75,0x6e,0x63,0x74,0x69,
0x6f,0x6e,0x20,0x72,0x75,0x6e,0x41,0x6e,0x61,0x6c,0x79,0x7a,0x65,0x28,0x29,0x20,
0x7b,0x0a,0x20,0x20,0x20,0x20,0x63,0x6f,0x6e,0x73,0x74,0x20,0x74,0x65,0x78,0x74,
0x20,0x3d,0x20,0x24,0x28,0x22,0x70,0x61,0x73,0x74,0x65,0x49,0x6e,0x70,0x75,0x74,
0x22,0x29,0x2e,0x76,0x61,0x6c,0x75,0x65,0x2e,0x74,0x72,0x69,0x6d,0x28,0x29,0x3b,
0x0a,0x20,0x20,0x20,0x20,0x69,0x66,0x20,0x28,0x21,0x74,0x65,0x78,0x74,0x29,0x20,
0x7b,0x20,0x73,0x68,0x6f,0x77,0x45,0x72,0x72,0x6f,0x72,0x28,0x22,0xe8,0xaf,0xb7,
0xe5,0x85,0x88,0xe7,0xb2,0x98,0xe8,0xb4,0xb4,0xe6,0x8a,0xa5,0xe9,0x94,0x99,0xe6,
0x8f,0x90,0xe7,0xa4,0xba,0xe6,0x96,0x87,0xe6,0x9c,0xac,0x22,0x29,0x3b,0x20,0x72,
0x65,0x74,0x75,0x72,0x6e,0x3b,0x20,0x7d,0x0a,0x0a,0x20,0x20,0x20,0x20,0x63,0x6f,
0x6e,0x73,0x74,0x20,0x62,0x74,0x6e,0x20,0x3d,0x20,0x24,0x28,0x22,0x61,0x6e,0x61,
0x6c,0x79,0x7a,0x65,0x42,0x74,0x6e,0x22,0x29,0x3b,0x0a,0x20,0x20,0x20,0x20,0x73,
0x65,0x74,0x42,0x75,0x73,0x79,0x28,0x62,0x74,0x6e,0x2c,0x20,0x74,0x72,0x75,0x65,
0x2c,0x20,0x22,0xe5,0x88,0x86,0xe6,0x9e,0x90,0xe4,0xb8,0xad,0xe2,0x80,0xa6,0x22,
0x29,0x3b,0x0a,0x20,0x20,0x20,0x20,0x74,0x72,0x79,0x20,0x7b,0x0a,0x20,0x20,0x20,
0x20,0x20,0x20,0x63,0x6f,0x6e,0x73,0x74,0x20,0x64,0x61,0x74,0x61,0x20,0x3d,0x20,
0x61,0x77,0x61,0x69,0x74,0x20,0x61,0x70,0x69,0x28,0x22,0x2f,0x61,0x70,0x69,0x2f,
0x61,0x6e,0x61,0x6c,0x79,0x7a,0x65,0x22,0x2c,0x20,0x7b,0x20,0x74,0x65,0x78,0x74,
0x3a,0x20,0x74,0x65,0x78,0x74,0x20,0x7d,0x29,0x3b,0x0a,0x20,0x20,0x20,0x20,0x20,
0x20,0x69,0x66,0x20,0x28,0x21,0x64,0x61,0x74,0x61,0x2e,0x6f,0x6b,0x29,0x20,0x73,
0x68,0x6f,0x77,0x45,0x72,0x72,0x6f,0x72,0x28,0x64,0x61,0x74,0x61,0x2e,0x65,0x72,
0x72,0x6f,0x72,0x20,0x7c,0x7c,0x20,0x22,0xe5,0x88,0x86,0xe6,0x9e,0x90,0xe5,0xa4,
0xb1,0xe8,0xb4,0xa5,0x22,0x29,0x3b,0x0a,0x20,0x20,0x20,0x20,0x20,0x20,0x65,0x6c,
0x73,0x65,0x20,0x72,0x65,0x6e,0x64,0x65,0x72,0x41,0x6e,0x61,0x6c,0x79,0x7a,0x65,
0x28,0x64,0x61,0x74,0x61,0x29,0x3b,0x0a,0x20,0x20,0x20,0x20,0x7d,0x20,0x63,0x61,
0x74,0x63,0x68,0x20,0x28,0x65,0x29,0x20,0x7b,0x0a,0x20,0x20,0x20,0x20,0x20,0x20,
0x73,0x68,0x6f,0x77,0x45,0x72,0x72,0x6f,0x72,0x28,0x22,0xe6,0x97,0xa0,0xe6,0xb3,
0x95,0xe8,0xbf,0x9e,0xe6,0x8e,0xa5,0xe6,0x9c,0xac,0xe5,0x9c,0xb0,0xe6,0x9c,0x8d,
0xe5,0x8a,0xa1,0xef,0xbc,0x9a,0x22,0x20,0x2b,0x20,0x65,0x2e,0x6d,0x65,0x73,0x73,
0x61,0x67,0x65,0x29,0x3b,0x0a,0x20,0x20,0x20,0x20,0x7d,0x20,0x66,0x69,0x6e,0x61,
0x6c,0x6c,0x79,0x20,0x7b,0x0a,0x20,0x20,0x20,0x20,0x20,0x20,0x73,0x65,0x74,0x42,
0x75,0x73,0x79,0x28,0x62,0x74,0x6e,0x2c,0x20,0x66,0x61,0x6c,0x73,0x65,0x29,0x3b,
0x0a,0x20,0x20,0x20,0x20,0x7d,0x0a,0x20,0x20,0x7d,0x0a,0x0a,0x20,0x20,0x66,0x75,
0x6e,0x63,0x74,0x69,0x6f,0x6e,0x20,0x72,0x65,0x6e,0x64,0x65,0x72,0x41,0x6e,0x61,
0x6c,0x79,0x7a,0x65,0x28,0x64,0x29,0x20,0x7b,0x0a,0x20,0x20,0x20,0x20,0x24,0x28,
0x22,0x72,0x65,0x73,0x75,0x6c,0x74,0x43,0x61,0x72,0x64,0x22,0x29,0x2e,0x63,0x6c,
0x61,0x73,0x73,0x4c,0x69,0x73,0x74,0x2e,0x72,0x65,0x6d,0x6f,0x76,0x65,0x28,0x22,
0x68,0x69,0x64,0x64,0x65,0x6e,0x22,0x29,0x3b,0x0a,0x20,0x20,0x20,0x20,0x24,0x28,
0x22,0x72,0x65,0x73,0x75,0x6c,0x74,0x54,0x69,0x74,0x6c,0x65,0x22,0x29,0x2e,0x74,
0x65,0x78,0x74,0x43,0x6f,0x6e,0x74,0x65,0x6e,0x74,0x20,0x3d,0x20,0x22,0xe6,0x8a,
0xa5,0xe9,0x94,0x99,0xe6,0x8f,0x90,0xe7,0xa4,0xba,0xe5,0x88,0x86,0xe6,0x9e,0x90,
0xe7,0xbb,0x93,0xe6,0x9e,0x9c,0x22,0x3b,0x0a,0x20,0x20,0x20,0x20,0x24,0x28,0x22,
0x73,0x74,0x61,0x74,0x75,0x73,0x52,0x6f,0x77,0x22,0x29,0x2e,0x69,0x6e,0x6e,0x65,
0x72,0x48,0x54,0x4d,0x4c,0x20,0x3d,0x20,0x22,0x22,0x3b,0x0a,0x20,0x20,0x20,0x20,
0x24,0x28,0x22,0x6c,0x6f,0x63,0x6b,0x65,0x72,0x42,0x6c,0x6f,0x63,0x6b,0x22,0x29,
0x2e,0x63,0x6c,0x61,0x73,0x73,0x4c,0x69,0x73,0x74,0x2e,0x61,0x64,0x64,0x28,0x22,
0x68,0x69,0x64,0x64,0x65,0x6e,0x22,0x29,0x3b,0x0a,0x0a,0x20,0x20,0x20,0x20,0x63,
0x6f,0x6e,0x73,0x74,0x20,0x72,0x75,0x6c,0x65,0x73,0x20,0x3d,0x20,0x64,0x2e,0x72,
0x75,0x6c,0x65,0x73,0x20,0x7c,0x7c,0x20,0x5b,0x5d,0x3b,0x0a,0x20,0x20,0x20,0x20,
0x63,0x6f,0x6e,0x73,0x74,0x20,0x63,0x6f,0x6e,0x63,0x6c,0x20,0x3d,0x20,0x24,0x28,
0x22,0x63,0x6f,0x6e,0x63,0x6c,0x75,0x73,0x69,0x6f,0x6e,0x22,0x29,0x3b,0x0a,0x20,
0x20,0x20,0x20,0x69,0x66,0x20,0x28,0x21,0x72,0x75,0x6c,0x65,0x73,0x2e,0x6c,0x65,
0x6e,0x67,0x74,0x68,0x29,0x20,0x7b,0x0a,0x20,0x20,0x20,0x20,0x20,0x20,0x63,0x6f,
0x6e,0x63,0x6c,0x2e,0x74,0x65,0x78,0x74,0x43,0x6f,0x6e,0x74,0x65,0x6e,0x74,0x20,
0x3d,0x20,0x22,0xe2,0x9d,0x93,0x20,0xe6,0x9c,0xaa,0xe5,0x8c,0xb9,0xe9,0x85,0x8d,
0xe5,0x88,0xb0,0xe5,0xb7,0xb2,0xe7,0x9f,0xa5,0xe8,0xa7,0x84,0xe5,0x88,0x99,0x22,
0x3b,0x0a,0x20,0x20,0x20,0x20,0x20,0x20,0x63,0x6f,0x6e,0x63,0x6c,0x2e,0x63,0x6c,
0x61,0x73,0x73,0x4e,0x61,0x6d,0x65,0x20,0x3d,0x20,0x22,0x63,0x6f,0x6e,0x63,0x6c,
0x75,0x73,0x69,0x6f,0x6e,0x20,0x77,0x61,0x72,0x6e,0x22,0x3b,0x0a,0x20,0x20,0x20,
0x20,0x7d,0x20,0x65,0x6c,0x73,0x65,0x20,0x7b,0x0a,0x20,0x20,0x20,0x20,0x20,0x20,
0x63,0x6f,0x6e,0x63,0x6c,0x2e,0x74,0x65,0x78,0x74,0x43,0x6f,0x6e,0x74,0x65,0x6e,
0x74,0x20,0x3d,0x20,0x22,0xe2,0x9c,0x85,0x20,0xe5,0x8c,0xb9,0xe9,0x85,0x8d,0xe5,
0x88,0xb0,0x20,0x22,0x20,0x2b,0x20,0x72,0x75,0x6c,0x65,0x73,0x2e,0x6c,0x65,0x6e,
0x67,0x74,0x68,0x20,0x2b,0x20,0x22,0x20,0xe6,0x9d,0xa1,0xe5,0x8f,0xaf,0xe8,0x83,
0xbd,0xe5,0x8e,0x9f,0xe5,0x9b,0xa0,0x22,0x3b,0x0a,0x20,0x20,0x20,0x20,0x20,0x20,
0x63,0x6f,0x6e,0x63,0x6c,0x2e,0x63,0x6c,0x61,0x73,0x73,0x4e,0x61,0x6d,0x65,0x20,
0x3d,0x20,0x22,0x63,0x6f,0x6e,0x63,0x6c,0x75,0x73,0x69,0x6f,0x6e,0x20,0x6f,0x6b,
0x22,0x3b,0x0a,0x20,0x20,0x20,0x20,0x7d,0x0a,0x0a,0x20,0x20,0x20,0x20,0x2f,0x2f,
0x20,0xe5,0x8e,0x9f,0xe5,0x9b,0xa0,0x0a,0x20,0x20,0x20,0x20,0x63,0x6f,0x6e,0x73,
0x74,0x20,0x72,0x65,0x61,0x73,0x6f,0x6e,0x41,0x72,0x72,0x20,0x3d,0x20,0x72,0x75,
0x6c,0x65,0x73,0x2e,0x6d,0x61,0x70,0x28,0x28,0x72,0x2c,0x20,0x69,0x29,0x20,0x3d,
0x3e,0x20,0x7b,0x0a,0x20,0x20,0x20,0x20,0x20,0x20,0x63,0x6f,0x6e,0x73,0x74,0x20,
0x74,0x61,0x67,0x20,0x3d,0x20,0x72,0x2e,0x70,0x6c,0x61,0x74,0x66,0x6f,0x72,0x6d,
0x20,0x3d,0x3d,0x3d,0x20,0x31,0x20,0x3f,0x20,0x22,0xef,0xbc,0x88,0x57,0x69,0x6e,
0x64,0x6f,0x77,0x73,0xef,0xbc,0x89,0x22,0x20,0x3a,0x20,0x72,0x2e,0x70,0x6c,0x61,
0x74,0x66,0x6f,0x72,0x6d,0x20,0x3d,0x3d,0x3d,0x20,0x32,0x20,0x3f,0x20,0x22,0xef,
0xbc,0x88,0x6d,0x61,0x63,0x4f,0x53,0xef,0xbc,0x89,0x22,0x20,0x3a,0x20,0x22,0x22,
0x3b,0x0a,0x20,0x20,0x20,0x20,0x20,0x20,0x72,0x65,0x74,0x75,0x72,0x6e,0x20,0x28,
0x69,0x20,0x2b,0x20,0x31,0x29,0x20,0x2b,0x20,0x22,0x2e,0x20,0x22,0x20,0x2b,0x20,
0x72,0x2e,0x63,0x61,0x75,0x73,0x65,0x20,0x2b,0x20,0x74,0x61,0x67,0x20,0x2b,0x20,
0x22,0xe3,0x80,0x80,0xe5,0x91,0xbd,0xe4,0xb8,0xad,0xe5,0xba,0xa6,0x20,0x22,0x20,
0x2b,0x20,0x72,0x2e,0x68,0x69,0x74,0x73,0x3b,0x0a,0x20,0x20,0x20,0x20,0x7d,0x29,
0x3b,0x0a,0x20,0x20,0x20,0x20,0x69,0x66,0x20,0x28,0x21,0x72,0x75,0x6c,0x65,0x73,
0x2e,0x6c,0x65,0x6e,0x67,0x74,0x68,0x29,0x20,0x72,0x65,0x61,0x73,0x6f,0x6e,0x41,
0x72,0x72,0x2e,0x70,0x75,0x73,0x68,0x28,0x22,0xe6,0xb2,0xa1,0xe6,0x9c,0x89,0xe5,
0x8c,0xb9,0xe9,0x85,0x8d,0xe5,0x88,0xb0,0xe8,0xa7,0x84,0xe5,0x88,0x99,0xe5,0xba,
0x93,0xe4,0xb8,0xad,0xe7,0x9a,0x84,0xe5,0xb7,0xb2,0xe7,0x9f,0xa5,0xe6,0x8a,0xa5,
0xe9,0x94,0x99,0xe3,0x80,0x82,0xe5,0x8f,0xaf,0xe4,0xbb,0xa5,0xef,0xbc,0x9a,0xe2,
0x91,0xa0,0x20,0xe6,0xa3,0x80,0xe6,0x9f,0xa5,0xe6,0x98,0xaf,0xe5,0x90,0xa6,0xe7,
0xb2,0x98,0xe8,0xb4,0xb4,0xe5,0xae,0x8c,0xe6,0x95,0xb4,0x20,0xe2,0x91,0xa1,0x20,
0xe7,0x94,0xa8,0xe2,0x80,0x9c,0xe6,0x96,0x87,0xe4,0xbb,0xb6,0xe6,0xa3,0x80,0xe6,
0xb5,0x8b,0xe2,0x80,0x9d,0xe7,0x9b,0xb4,0xe6,0x8e,0xa5,0xe6,0x89,0xab,0xe6,0x8f,
0x8f,0xe8,0xaf,0xa5,0xe6,0x96,0x87,0xe4,0xbb,0xb6,0x20,0xe2,0x91,0xa2,0x20,0xe6,
0x8a,0x8a,0xe6,0x8a,0xa5,0xe9,0x94,0x99,0xe5,0x8f,0x91,0xe7,0xbb,0x99,0xe5,0xbc,
0x80,0xe5,0x8f,0x91,0xe8,0x80,0x85,0xe8,0xa1,0xa5,0xe5,0x85,0x85,0xe8,0xa7,0x84,
0xe5,0x88,0x99,0xe5,0xba,0x93,0x22,0x29,0x3b,0x0a,0x20,0x20,0x20,0x20,0x72,0x65,
0x6e,0x64,0x65,0x72,0x4c,0x69,0x73,0x74,0x28,0x22,0x72,0x65,0x61,0x73,0x6f,0x6e,
0x42,0x6c,0x6f,0x63,0x6b,0x22,0x2c,0x20,0x22,0x72,0x65,0x61,0x73,0x6f,0x6e,0x4c,
0x69,0x73,0x74,0x22,0x2c,0x20,0x72,0x65,0x61,0x73,0x6f,0x6e,0x41,0x72,0x72,0x2c,
0x20,0x22,0x22,0x29,0x3b,0x0a,0x0a,0x20,0x20,0x20,0x20,0x2f,0x2f,0x20,0xe5,0xaf,
0xb9,0xe7,0xad,0x96,0xef,0xbc,0x88,0xe5,0x90,0x88,0xe5,0xb9,0xb6,0xe6,0x89,0x80,
0xe6,0x9c,0x89,0xe5,0x91,0xbd,0xe4,0xb8,0xad,0xe8,0xa7,0x84,0xe5,0x88,0x99,0xe7,
0x9a,0x84,0xe5,0xaf,0xb9,0xe7,0xad,0x96,0xef,0xbc,0x8c,0xe5,0x8e,0xbb,0xe9,0x87,
0x8d,0xef,0xbc,0x89,0x0a,0x20,0x20,0x20,0x20,0x63,0x6f,0x6e,0x73,0x74,0x20,0x73,
0x65,0x65,0x6e,0x20,0x3d,0x20,0x6e,0x65,0x77,0x20,0x53,0x65,0x74,0x28,0x29,0x3b,
0x0a,0x20,0x20,0x20,0x20,0x63,0x6f,0x6e,0x73,0x74,0x20,0x66,0x69,0x78,0x65,0x73,
0x20,0x3d,0x20,0x5b,0x5d,0x3b,0x0a,0x20,0x20,0x20,0x20,0x72,0x75,0x6c,0x65,0x73,
0x2e,0x66,0x6f,0x72,0x45,0x61,0x63,0x68,0x28,0x28,0x72,0x29,0x20,0x3d,0x3e,0x20,
0x28,0x72,0x2e,0x66,0x69,0x78,0x65,0x73,0x20,0x7c,0x7c,0x20,0x5b,0x5d,0x29,0x2e,
0x66,0x6f,0x72,0x45,0x61,0x63,0x68,0x28,0x28,0x66,0x29,0x20,0x3d,0x3e,0x20,0x7b,
0x0a,0x20,0x20,0x20,0x20,0x20,0x20,0x69,0x66,0x20,0x28,0x21,0x73,0x65,0x65,0x6e,
0x2e,0x68,0x61,0x73,0x28,0x66,0x29,0x29,0x20,0x7b,0x20,0x73,0x65,0x65,0x6e,0x2e,
0x61,0x64,0x64,0x28,0x66,0x29,0x3b,0x20,0x66,0x69,0x78,0x65,0x73,0x2e,0x70,0x75,
0x73,0x68,0x28,0x66,0x29,0x3b,0x20,0x7d,0x0a,0x20,0x20,0x20,0x20,0x7d,0x29,0x29,
0x3b,0x0a,0x20,0x20,0x20,0x20,0x72,0x65,0x6e,0x64,0x65,0x72,0x4c,0x69,0x73,0x74,
0x28,0x22,0x66,0x69,0x78,0x42,0x6c,0x6f,0x63,0x6b,0x22,0x2c,0x20,0x22,0x66,0x69,
0x78,0x4c,0x69,0x73,0x74,0x22,0x2c,0x20,0x66,0x69,0x78,0x65,0x73,0x2c,0x20,0x22,
0xe6,0x9a,0x82,0xe6,0x97,0xa0,0xe5,0xaf,0xb9,0xe7,0xad,0x96,0x22,0x29,0x3b,0x0a,
0x0a,0x20,0x20,0x20,0x20,0x2f,0x2f,0x20,0xe6,0xa3,0x80,0xe6,0xb5,0x8b,0xe5,0x88,
0xb0,0xe7,0x9a,0x84,0xe8,0xb7,0xaf,0xe5,0xbe,0x84,0x0a,0x20,0x20,0x20,0x20,0x63,
0x6f,0x6e,0x73,0x74,0x20,0x70,0x61,0x74,0x68,0x73,0x20,0x3d,0x20,0x64,0x2e,0x70,
0x61,0x74,0x68,0x73,0x20,0x7c,0x7c,0x20,0x5b,0x5d,0x3b,0x0a,0x20,0x20,0x20,0x20,
0x63,0x6f,0x6e,0x73,0x74,0x20,0x70,0x62,0x6c,0x6f,0x63,0x6b,0x20,0x3d,0x20,0x24,
0x28,0x22,0x70,0x61,0x74,0x68,0x42,0x6c,0x6f,0x63,0x6b,0x22,0x29,0x2c,0x20,0x70,
0x6c,0x69,0x6e,0x6b,0x73,0x20,0x3d,0x20,0x24,0x28,0x22,0x70,0x61,0x74,0x68,0x4c,
0x69,0x6e,0x6b,0x73,0x22,0x29,0x3b,0x0a,0x20,0x20,0x20,0x20,0x69,0x66,0x20,0x28,
0x70,0x61,0x74,0x68,0x73,0x2e,0x6c,0x65,0x6e,0x67,0x74,0x68,0x29,0x20,0x7b,0x0a,
0x20,0x20,0x20,0x20,0x20,0x20,0x70,0x62,0x6c,0x6f,0x63,0x6b,0x2e,0x63,0x6c,0x61,
0x73,0x73,0x4c,0x69,0x73,0x74,0x2e,0x72,0x65,0x6d,0x6f,0x76,0x65,0x28,0x22,0x68,
0x69,0x64,0x64,0x65,0x6e,0x22,0x29,0x3b,0x0a,0x20,0x20,0x20,0x20,0x20,0x20,0x70,
0x6c,0x69,0x6e,0x6b,0x73,0x2e,0x69,0x6e,0x6e,0x65,0x72,0x48,0x54,0x4d,0x4c,0x20,
0x3d,0x20,0x70,0x61,0x74,0x68,0x73,0x2e,0x6d,0x61,0x70,0x28,0x28,0x70,0x29,0x20,
0x3d,0x3e,0x20,0x60,0x3c,0x62,0x75,0x74,0x74,0x6f,0x6e,0x20,0x63,0x6c,0x61,0x73,
0x73,0x3d,0x22,0x70,0x61,0x74,0x68,0x2d,0x6c,0x69,0x6e,0x6b,0x22,0x3e,0x24,0x7b,
0x65,0x73,0x63,0x28,0x70,0x29,0x7d,0x3c,0x2f,0x62,0x75,0x74,0x74,0x6f,0x6e,0x3e,
0x60,0x29,0x2e,0x6a,0x6f,0x69,0x6e,0x28,0x22,0x22,0x29,0x3b,0x0a,0x20,0x20,0x20,
0x20,0x20,0x20,0x70,0x6c,0x69,0x6e,0x6b,0x73,0x2e,0x71,0x75,0x65,0x72,0x79,0x53,
0x65,0x6c,0x65,0x63,0x74,0x6f,0x72,0x41,0x6c,0x6c,0x28,0x22,0x2e,0x70,0x61,0x74,
0x68,0x2d,0x6c,0x69,0x6e,0x6b,0x22,0x29,0x2e,0x66,0x6f,0x72,0x45,0x61,0x63,0x68,
0x28,0x28,0x62,0x2c,0x20,0x69,0x29,0x20,0x3d,0x3e,0x20,0x7b,0x0a,0x20,0x20,0x20,
0x20,0x20,0x20,0x20,0x20,0x62,0x2e,0x61,0x64,0x64,0x45,0x76,0x65,0x6e,0x74,0x4c,
0x69,0x73,0x74,0x65,0x6e,0x65,0x72,0x28,0x22,0x63,0x6c,0x69,0x63,0x6b,0x22,0x2c,
0x20,0x28,0x29,0x20,0x3d,0x3e,0x20,0x7b,0x0a,0x20,0x20,0x20,0x20,0x20,0x20,0x20,
0x20,0x20,0x20,0x24,0x28,0x22,0x70,0x61,0x74,0x68,0x49,0x6e,0x70,0x75,0x74,0x22,
0x29,0x2e,0x76,0x61,0x6c,0x75,0x65,0x20,0x3d,0x20,0x70,0x61,0x74,0x68,0x73,0x5b,
0x69,0x5d,0x3b,0x0a,0x20,0x20,0x20,0x20,0x20,0x20,0x20,0x20,0x20,0x20,0x64,0x6f,
0x63,0x75,0x6d,0x65,0x6e,0x74,0x2e,0x71,0x75,0x65,0x72,0x79,0x53,0x65,0x6c,0x65,
0x63,0x74,0x6f,0x72,0x28,0x27,0x2e,0x74,0x61,0x62,0x5b,0x64,0x61,0x74,0x61,0x2d,
0x74,0x61,0x62,0x3d,0x22,0x73,0x63,0x61,0x6e,0x22,0x5d,0x27,0x29,0x2e,0x63,0x6c,
0x69,0x63,0x6b,0x28,0x29,0x3b,0x0a,0x20,0x20,0x20,0x20,0x20,0x20,0x20,0x20,0x20,
0x20,0x72,0x75,0x6e,0x53,0x63,0x61,0x6e,0x28,0x70,0x61,0x74,0x68,0x73,0x5b,0x69,
0x5d,0x29,0x3b,0x0a,0x20,0x20,0x20,0x20,0x20,0x20,0x20,0x20,0x7d,0x29,0x3b,0x0a,
0x20,0x20,0x20,0x20,0x20,0x20,0x7d,0x29,0x3b,0x0a,0x20,0x20,0x20,0x20,0x7d,0x20,
0x65,0x6c,0x73,0x65,0x20,0x7b,0x0a,0x20,0x20,0x20,0x20,0x20,0x20,0x70,0x62,0x6c,
0x6f,0x63,0x6b,0x2e,0x63,0x6c,0x61,0x73,0x73,0x4c,0x69,0x73,0x74,0x2e,0x61,0x64,
0x64,0x28,0x22,0x68,0x69,0x64,0x64,0x65,0x6e,0x22,0x29,0x3b,0x0a,0x20,0x20,0x20,
0x20,0x7d,0x0a,0x0a,0x20,0x20,0x20,0x20,0x24,0x28,0x22,0x72,0x65,0x73,0x75,0x6c,
0x74,0x43,0x61,0x72,0x64,0x22,0x29,0x2e,0x73,0x63,0x72,0x6f,0x6c,0x6c,0x49,0x6e,
0x74,0x6f,0x56,0x69,0x65,0x77,0x28,0x7b,0x20,0x62,0x65,0x68,0x61,0x76,0x69,0x6f,
0x72,0x3a,0x20,0x22,0x73,0x6d,0x6f,0x6f,0x74,0x68,0x22,0x2c,0x20,0x62,0x6c,0x6f,
0x63,0x6b,0x3a,0x20,0x22,0x73,0x74,0x61,0x72,0x74,0x22,0x20,0x7d,0x29,0x3b,0x0a,
0x20,0x20,0x7d,0x0a,0x0a,0x20,0x20,0x2f,0x2a,0x20,0x2d,0x2d,0x2d,0x2d,0x2d,0x2d,
0x2d,0x2d,0x2d,0x2d,0x20,0xe5,0x8e,0x9f,0xe7,0x94,0x9f,0xe6,0x96,0x87,0xe4,0xbb,
0xb6,0xe9,0x80,0x89,0xe6,0x8b,0xa9,0x20,0x2d,0x2d,0x2d,0x2d,0x2d,0x2d,0x2d,0x2d,
0x2d,0x2d,0x20,0x2a,0x2f,0x0a,0x20,0x20,0x61,0x73,0x79,0x6e,0x63,0x20,0x66,0x75,
0x6e,0x63,0x74,0x69,0x6f,0x6e,0x20,0x62,0x72,0x6f,0x77,0x73,0x65,0x28,0x74,0x79,
0x70,0x65,0x29,0x20,0x7b,0x0a,0x20,0x20,0x20,0x20,0x74,0x72,0x79,0x20,0x7b,0x0a,
0x20,0x20,0x20,0x20,0x20,0x20,0x63,0x6f,0x6e,0x73,0x74,0x20,0x64,0x20,0x3d,0x20,
0x61,0x77,0x61,0x69,0x74,0x20,0x61,0x70,0x69,0x28,0x22,0x2f,0x61,0x70,0x69,0x2f,
0x62,0x72,0x6f,0x77,0x73,0x65,0x22,0x2c,0x20,0x7b,0x20,0x74,0x79,0x70,0x65,0x3a,
0x20,0x74,0x79,0x70,0x65,0x20,0x7d,0x29,0x3b,0x0a,0x20,0x20,0x20,0x20,0x20,0x20,
0x69,0x66,0x20,0x28,0x64,0x2e,0x6f,0x6b,0x20,0x26,0x26,0x20,0x64,0x2e,0x70,0x61,
0x74,0x68,0x29,0x20,0x7b,0x0a,0x20,0x20,0x20,0x20,0x20,0x20,0x20,0x20,0x24,0x28,
0x22,0x70,0x61,0x74,0x68,0x49,0x6e,0x70,0x75,0x74,0x22,0x29,0x2e,0x76,0x61,0x6c,
0x75,0x65,0x20,0x3d,0x20,0x64,0x2e,0x70,0x61,0x74,0x68,0x3b,0x0a,0x20,0x20,0x20,
0x20,0x20,0x20,0x20,0x20,0x72,0x75,0x6e,0x53,0x63,0x61,0x6e,0x28,0x64,0x2e,0x70,
0x61,0x74,0x68,0x29,0x3b,0x0a,0x20,0x20,0x20,0x20,0x20,0x20,0x7d,0x20,0x65,0x6c,
0x73,0x65,0x20,0x69,0x66,0x20,0x28,0x64,0x2e,0x65,0x72,0x72,0x6f,0x72,0x20,0x26,
0x26,0x20,0x64,0x2e,0x65,0x72,0x72,0x6f,0x72,0x20,0x21,0x3d,0x3d,0x20,0x22,0xe5,
0xb7,0xb2,0xe5,0x8f,0x96,0xe6,0xb6,0x88,0x22,0x29,0x20,0x7b,0x0a,0x20,0x20,0x20,
0x20,0x20,0x20,0x20,0x20,0x73,0x68,0x6f,0x77,0x45,0x72,0x72,0x6f,0x72,0x28,0x64,
0x2e,0x65,0x72,0x72,0x6f,0x72,0x29,0x3b,0x0a,0x20,0x20,0x20,0x20,0x20,0x20,0x7d,
0x0a,0x20,0x20,0x20,0x20,0x7d,0x20,0x63,0x61,0x74,0x63,0x68,0x20,0x28,0x65,0x29,
0x20,0x7b,0x0a,0x20,0x20,0x20,0x20,0x20,0x20,0x73,0x68,0x6f,0x77,0x45,0x72,0x72,
0x6f,0x72,0x28,0x22,0xe6,0x97,0xa0,0xe6,0xb3,0x95,0xe8,0xb0,0x83,0xe7,0x94,0xa8,
0xe7,0xb3,0xbb,0xe7,0xbb,0x9f,0xe5,0xaf,0xb9,0xe8,0xaf,0x9d,0xe6,0xa1,0x86,0xef,
0xbc,0x9a,0x22,0x20,0x2b,0x20,0x65,0x2e,0x6d,0x65,0x73,0x73,0x61,0x67,0x65,0x29,
0x3b,0x0a,0x20,0x20,0x20,0x20,0x7d,0x0a,0x20,0x20,0x7d,0x0a,0x0a,0x20,0x20,0x2f,
0x2a,0x20,0x2d,0x2d,0x2d,0x2d,0x2d,0x2d,0x2d,0x2d,0x2d,0x2d,0x20,0xe4,0xba,0x8b,
0xe4,0xbb,0xb6,0xe7,0xbb,0x91,0xe5,0xae,0x9a,0x20,0x2d,0x2d,0x2d,0x2d,0x2d,0x2d,
0x2d,0x2d,0x2d,0x2d,0x20,0x2a,0x2f,0x0a,0x20,0x20,0x24,0x28,0x22,0x73,0x63,0x61,
0x6e,0x42,0x74,0x6e,0x22,0x29,0x2e,0x61,0x64,0x64,0x45,0x76,0x65,0x6e,0x74,0x4c,
0x69,0x73,0x74,0x65,0x6e,0x65,0x72,0x28,0x22,0x63,0x6c,0x69,0x63,0x6b,0x22,0x2c,
0x20,0x28,0x29,0x20,0x3d,0x3e,0x20,0x72,0x75,0x6e,0x53,0x63,0x61,0x6e,0x28,0x29,
0x29,0x3b,0x0a,0x20,0x20,0x24,0x28,0x22,0x61,0x6e,0x61,0x6c,0x79,0x7a,0x65,0x42,
0x74,0x6e,0x22,0x29,0x2e,0x61,0x64,0x64,0x45,0x76,0x65,0x6e,0x74,0x4c,0x69,0x73,
0x74,0x65,0x6e,0x65,0x72,0x28,0x22,0x63,0x6c,0x69,0x63,0x6b,0x22,0x2c,0x20,0x72,
0x75,0x6e,0x41,0x6e,0x61,0x6c,0x79,0x7a,0x65,0x29,0x3b,0x0a,0x20,0x20,0x24,0x28,
0x22,0x62,0x72,0x6f,0x77,0x73,0x65,0x46,0x69,0x6c,0x65,0x22,0x29,0x2e,0x61,0x64,
0x64,0x45,0x76,0x65,0x6e,0x74,0x4c,0x69,0x73,0x74,0x65,0x6e,0x65,0x72,0x28,0x22,
0x63,0x6c,0x69,0x63,0x6b,0x22,0x2c,0x20,0x28,0x29,0x20,0x3d,0x3e,0x20,0x62,0x72,
0x6f,0x77,0x73,0x65,0x28,0x22,0x66,0x69,0x6c,0x65,0x22,0x29,0x29,0x3b,0x0a,0x20,
0x20,0x24,0x28,0x22,0x62,0x72,0x6f,0x77,0x73,0x65,0x44,0x69,0x72,0x22,0x29,0x2e,
0x61,0x64,0x64,0x45,0x76,0x65,0x6e,0x74,0x4c,0x69,0x73,0x74,0x65,0x6e,0x65,0x72,
0x28,0x22,0x63,0x6c,0x69,0x63,0x6b,0x22,0x2c,0x20,0x28,0x29,0x20,0x3d,0x3e,0x20,
0x62,0x72,0x6f,0x77,0x73,0x65,0x28,0x22,0x64,0x69,0x72,0x22,0x29,0x29,0x3b,0x0a,
0x0a,0x20,0x20,0x24,0x28,0x22,0x70,0x61,0x74,0x68,0x49,0x6e,0x70,0x75,0x74,0x22,
0x29,0x2e,0x61,0x64,0x64,0x45,0x76,0x65,0x6e,0x74,0x4c,0x69,0x73,0x74,0x65,0x6e,
0x65,0x72,0x28,0x22,0x6b,0x65,0x79,0x64,0x6f,0x77,0x6e,0x22,0x2c,0x20,0x28,0x65,
0x29,0x20,0x3d,0x3e,0x20,0x7b,0x0a,0x20,0x20,0x20,0x20,0x69,0x66,0x20,0x28,0x65,
0x2e,0x6b,0x65,0x79,0x20,0x3d,0x3d,0x3d,0x20,0x22,0x45,0x6e,0x74,0x65,0x72,0x22,
0x29,0x20,0x72,0x75,0x6e,0x53,0x63,0x61,0x6e,0x28,0x29,0x3b,0x0a,0x20,0x20,0x7d,
0x29,0x3b,0x0a,0x20,0x20,0x24,0x28,0x22,0x70,0x61,0x73,0x74,0x65,0x49,0x6e,0x70,
0x75,0x74,0x22,0x29,0x2e,0x61,0x64,0x64,0x45,0x76,0x65,0x6e,0x74,0x4c,0x69,0x73,
0x74,0x65,0x6e,0x65,0x72,0x28,0x22,0x6b,0x65,0x79,0x64,0x6f,0x77,0x6e,0x22,0x2c,
0x20,0x28,0x65,0x29,0x20,0x3d,0x3e,0x20,0x7b,0x0a,0x20,0x20,0x20,0x20,0x69,0x66,
0x20,0x28,0x65,0x2e,0x6b,0x65,0x79,0x20,0x3d,0x3d,0x3d,0x20,0x22,0x45,0x6e,0x74,
0x65,0x72,0x22,0x20,0x26,0x26,0x20,0x28,0x65,0x2e,0x63,0x74,0x72,0x6c,0x4b,0x65,
0x79,0x20,0x7c,0x7c,0x20,0x65,0x2e,0x6d,0x65,0x74,0x61,0x4b,0x65,0x79,0x29,0x29,
0x20,0x72,0x75,0x6e,0x41,0x6e,0x61,0x6c,0x79,0x7a,0x65,0x28,0x29,0x3b,0x0a,0x20,
0x20,0x7d,0x29,0x3b,0x0a,0x0a,0x20,0x20,0x64,0x6f,0x63,0x75,0x6d,0x65,0x6e,0x74,
0x2e,0x71,0x75,0x65,0x72,0x79,0x53,0x65,0x6c,0x65,0x63,0x74,0x6f,0x72,0x41,0x6c,
0x6c,0x28,0x22,0x2e,0x63,0x68,0x69,0x70,0x5b,0x64,0x61,0x74,0x61,0x2d,0x64,0x65,
0x6d,0x6f,0x5d,0x22,0x29,0x2e,0x66,0x6f,0x72,0x45,0x61,0x63,0x68,0x28,0x28,0x63,
0x68,0x69,0x70,0x29,0x20,0x3d,0x3e,0x20,0x7b,0x0a,0x20,0x20,0x20,0x20,0x63,0x68,
0x69,0x70,0x2e,0x61,0x64,0x64,0x45,0x76,0x65,0x6e,0x74,0x4c,0x69,0x73,0x74,0x65,
0x6e,0x65,0x72,0x28,0x22,0x63,0x6c,0x69,0x63,0x6b,0x22,0x2c,0x20,0x28,0x29,0x20,
0x3d,0x3e,0x20,0x7b,0x0a,0x20,0x20,0x20,0x20,0x20,0x20,0x24,0x28,0x22,0x70,0x61,
0x73,0x74,0x65,0x49,0x6e,0x70,0x75,0x74,0x22,0x29,0x2e,0x76,0x61,0x6c,0x75,0x65,
0x20,0x3d,0x20,0x63,0x68,0x69,0x70,0x2e,0x64,0x61,0x74,0x61,0x73,0x65,0x74,0x2e,
0x64,0x65,0x6d,0x6f,0x3b,0x0a,0x20,0x20,0x20,0x20,0x20,0x20,0x72,0x75,0x6e,0x41,
0x6e,0x61,0x6c,0x79,0x7a,0x65,0x28,0x29,0x3b,0x0a,0x20,0x20,0x20,0x20,0x7d,0x29,
0x3b,0x0a,0x20,0x20,0x7d,0x29,0x3b,0x0a,0x0a,0x20,0x20,0x2f,0x2a,0x20,0x2d,0x2d,
0x2d,0x2d,0x2d,0x2d,0x2d,0x2d,0x2d,0x2d,0x20,0xe6,0x8b,0x96,0xe6,0x8b,0xbd,0xe6,
0x96,0x87,0xe4,0xbb,0xb6,0x2f,0xe6,0x96,0x87,0xe4,0xbb,0xb6,0xe5,0xa4,0xb9,0x20,
0x2d,0x2d,0x2d,0x2d,0x2d,0x2d,0x2d,0x2d,0x2d,0x2d,0x20,0x2a,0x2f,0x0a,0x20,0x20,
0x63,0x6f,0x6e,0x73,0x74,0x20,0x6f,0x76,0x65,0x72,0x6c,0x61,0x79,0x20,0x3d,0x20,
0x24,0x28,0x22,0x64,0x72,0x6f,0x70,0x4f,0x76,0x65,0x72,0x6c,0x61,0x79,0x22,0x29,
0x3b,0x0a,0x20,0x20,0x6c,0x65,0x74,0x20,0x64,0x72,0x61,0x67,0x44,0x65,0x70,0x74,
0x68,0x20,0x3d,0x20,0x30,0x3b,0x0a,0x0a,0x20,0x20,0x77,0x69,0x6e,0x64,0x6f,0x77,
0x2e,0x61,0x64,0x64,0x45,0x76,0x65,0x6e,0x74,0x4c,0x69,0x73,0x74,0x65,0x6e,0x65,
0x72,0x28,0x22,0x64,0x72,0x61,0x67,0x65,0x6e,0x74,0x65,0x72,0x22,0x2c,0x20,0x28,
0x65,0x29,0x20,0x3d,0x3e,0x20,0x7b,0x0a,0x20,0x20,0x20,0x20,0x65,0x2e,0x70,0x72,
0x65,0x76,0x65,0x6e,0x74,0x44,0x65,0x66,0x61,0x75,0x6c,0x74,0x28,0x29,0x3b,0x0a,
0x20,0x20,0x20,0x20,0x64,0x72,0x61,0x67,0x44,0x65,0x70,0x74,0x68,0x2b,0x2b,0x3b,
0x0a,0x20,0x20,0x20,0x20,0x6f,0x76,0x65,0x72,0x6c,0x61,0x79,0x2e,0x63,0x6c,0x61,
0x73,0x73,0x4c,0x69,0x73,0x74,0x2e,0x72,0x65,0x6d,0x6f,0x76,0x65,0x28,0x22,0x68,
0x69,0x64,0x64,0x65,0x6e,0x22,0x29,0x3b,0x0a,0x20,0x20,0x7d,0x29,0x3b,0x0a,0x20,
0x20,0x77,0x69,0x6e,0x64,0x6f,0x77,0x2e,0x61,0x64,0x64,0x45,0x76,0x65,0x6e,0x74,
0x4c,0x69,0x73,0x74,0x65,0x6e,0x65,0x72,0x28,0x22,0x64,0x72,0x61,0x67,0x6f,0x76,
0x65,0x72,0x22,0x2c,0x20,0x28,0x65,0x29,0x20,0x3d,0x3e,0x20,0x65,0x2e,0x70,0x72,
0x65,0x76,0x65,0x6e,0x74,0x44,0x65,0x66,0x61,0x75,0x6c,0x74,0x28,0x29,0x29,0x3b,
0x0a,0x20,0x20,0x77,0x69,0x6e,0x64,0x6f,0x77,0x2e,0x61,0x64,0x64,0x45,0x76,0x65,
0x6e,0x74,0x4c,0x69,0x73,0x74,0x65,0x6e,0x65,0x72,0x28,0x22,0x64,0x72,0x61,0x67,
0x6c,0x65,0x61,0x76,0x65,0x22,0x2c,0x20,0x28,0x65,0x29,0x20,0x3d,0x3e,0x20,0x7b,
0x0a,0x20,0x20,0x20,0x20,0x65,0x2e,0x70,0x72,0x65,0x76,0x65,0x6e,0x74,0x44,0x65,
0x66,0x61,0x75,0x6c,0x74,0x28,0x29,0x3b,0x0a,0x20,0x20,0x20,0x20,0x69,0x66,0x20,
0x28,0x2d,0x2d,0x64,0x72,0x61,0x67,0x44,0x65,0x70,0x74,0x68,0x20,0x3c,0x3d,0x20,
0x30,0x29,0x20,0x7b,0x20,0x64,0x72,0x61,0x67,0x44,0x65,0x70,0x74,0x68,0x20,0x3d,
0x20,0x30,0x3b,0x20,0x6f,0x76,0x65,0x72,0x6c,0x61,0x79,0x2e,0x63,0x6c,0x61,0x73,
0x73,0x4c,0x69,0x73,0x74,0x2e,0x61,0x64,0x64,0x28,0x22,0x68,0x69,0x64,0x64,0x65,
0x6e,0x22,0x29,0x3b,0x20,0x7d,0x0a,0x20,0x20,0x7d,0x29,0x3b,0x0a,0x20,0x20,0x77,
0x69,0x6e,0x64,0x6f,0x77,0x2e,0x61,0x64,0x64,0x45,0x76,0x65,0x6e,0x74,0x4c,0x69,
0x73,0x74,0x65,0x6e,0x65,0x72,0x28,0x22,0x64,0x72,0x6f,0x70,0x22,0x2c,0x20,0x61,
0x73,0x79,0x6e,0x63,0x20,0x28,0x65,0x29,0x20,0x3d,0x3e,0x20,0x7b,0x0a,0x20,0x20,
0x20,0x20,0x65,0x2e,0x70,0x72,0x65,0x76,0x65,0x6e,0x74,0x44,0x65,0x66,0x61,0x75,
0x6c,0x74,0x28,0x29,0x3b,0x0a,0x20,0x20,0x20,0x20,0x64,0x72,0x61,0x67,0x44,0x65,
0x70,0x74,0x68,0x20,0x3d,0x20,0x30,0x3b,0x0a,0x20,0x20,0x20,0x20,0x6f,0x76,0x65,
0x72,0x6c,0x61,0x79,0x2e,0x63,0x6c,0x61,0x73,0x73,0x4c,0x69,0x73,0x74,0x2e,0x61,
0x64,0x64,0x28,0x22,0x68,0x69,0x64,0x64,0x65,0x6e,0x22,0x29,0x3b,0x0a,0x0a,0x20,
0x20,0x20,0x20,0x2f,0x2f,0x20,0xe6,0x83,0x85,0xe5,0x86,0xb5,0x20,0x31,0xef,0xbc,
0x9a,0xe6,0x8b,0x96,0xe5,0x85,0xa5,0xe6,0x96,0x87,0xe6,0x9c,0xac,0xef,0xbc,0x88,
0xe6,0xaf,0x94,0xe5,0xa6,0x82,0xe6,0x8a,0xa5,0xe9,0x94,0x99,0xe6,0x8f,0x90,0xe7,
0xa4,0xba,0xef,0xbc,0x89,0xe2,0x86,0x92,0x20,0xe7,0x9b,0xb4,0xe6,0x8e,0xa5,0xe5,
0x88,0x86,0xe6,0x9e,0x90,0x0a,0x20,0x20,0x20,0x20,0x63,0x6f,0x6e,0x73,0x74,0x20,
0x74,0x65,0x78,0x74,0x20,0x3d,0x20,0x65,0x2e,0x64,0x61,0x74,0x61,0x54,0x72,0x61,
0x6e,0x73,0x66,0x65,0x72,0x2e,0x67,0x65,0x74,0x44,0x61,0x74,0x61,0x28,0x22,0x74,
0x65,0x78,0x74,0x2f,0x70,0x6c,0x61,0x69,0x6e,0x22,0x29,0x20,0x7c,0x7c,0x20,0x22,
0x22,0x3b,0x0a,0x20,0x20,0x20,0x20,0x63,0x6f,0x6e,0x73,0x74,0x20,0x68,0x61,0x73,
0x46,0x69,0x6c,0x65,0x73,0x20,0x3d,0x20,0x65,0x2e,0x64,0x61,0x74,0x61,0x54,0x72,
0x61,0x6e,0x73,0x66,0x65,0x72,0x2e,0x66,0x69,0x6c,0x65,0x73,0x20,0x26,0x26,0x20,
0x65,0x2e,0x64,0x61,0x74,0x61,0x54,0x72,0x61,0x6e,0x73,0x66,0x65,0x72,0x2e,0x66,
0x69,0x6c,0x65,0x73,0x2e,0x6c,0x65,0x6e,0x67,0x74,0x68,0x20,0x3e,0x20,0x30,0x3b,
0x0a,0x0a,0x20,0x20,0x20,0x20,0x69,0x66,0x20,0x28,0x68,0x61,0x73,0x46,0x69,0x6c,
0x65,0x73,0x29,0x20,0x7b,0x0a,0x20,0x20,0x20,0x20,0x20,0x20,0x63,0x6f,0x6e,0x73,
0x74,0x20,0x6e,0x61,0x6d,0x65,0x73,0x20,0x3d,0x20,0x5b,0x5d,0x3b,0x0a,0x20,0x20,
0x20,0x20,0x20,0x20,0x63,0x6f,0x6e,0x73,0x74,0x20,0x69,0x74,0x65,0x6d,0x73,0x20,
0x3d,0x20,0x65,0x2e,0x64,0x61,0x74,0x61,0x54,0x72,0x61,0x6e,0x73,0x66,0x65,0x72,
0x2e,0x69,0x74,0x65,0x6d,0x73,0x20,0x7c,0x7c,0x20,0x5b,0x5d,0x3b,0x0a,0x20,0x20,
0x20,0x20,0x20,0x20,0x66,0x6f,0x72,0x20,0x28,0x63,0x6f,0x6e,0x73,0x74,0x20,0x69,
0x74,0x65,0x6d,0x20,0x6f,0x66,0x20,0x69,0x74,0x65,0x6d,0x73,0x29,0x20,0x7b,0x0a,
0x20,0x20,0x20,0x20,0x20,0x20,0x20,0x20,0x63,0x6f,0x6e,0x73,0x74,0x20,0x65,0x6e,
0x74,0x72,0x79,0x20,0x3d,0x20,0x69,0x74,0x65,0x6d,0x2e,0x77,0x65,0x62,0x6b,0x69,
0x74,0x47,0x65,0x74,0x41,0x73,0x45,0x6e,0x74,0x72,0x79,0x20,0x3f,0x20,0x69,0x74,
0x65,0x6d,0x2e,0x77,0x65,0x62,0x6b,0x69,0x74,0x47,0x65,0x74,0x41,0x73,0x45,0x6e,
0x74,0x72,0x79,0x28,0x29,0x20,0x3a,0x20,0x6e,0x75,0x6c,0x6c,0x3b,0x0a,0x20,0x20,
0x20,0x20,0x20,0x20,0x20,0x20,0x69,0x66,0x20,0x28,0x65,0x6e,0x74,0x72,0x79,0x20,
0x26,0x26,0x20,0x65,0x6e,0x74,0x72,0x79,0x2e,0x6e,0x61,0x6d,0x65,0x29,0x20,0x6e,
0x61,0x6d,0x65,0x73,0x2e,0x70,0x75,0x73,0x68,0x28,0x65,0x6e,0x74,0x72,0x79,0x2e,
0x6e,0x61,0x6d,0x65,0x29,0x3b,0x0a,0x20,0x20,0x20,0x20,0x20,0x20,0x7d,0x0a,0x20,
0x20,0x20,0x20,0x20,0x20,0x69,0x66,0x20,0x28,0x21,0x6e,0x61,0x6d,0x65,0x73,0x2e,
0x6c,0x65,0x6e,0x67,0x74,0x68,0x29,0x20,0x7b,0x0a,0x20,0x20,0x20,0x20,0x20,0x20,
0x20,0x20,0x66,0x6f,0x72,0x20,0x28,0x63,0x6f,0x6e,0x73,0x74,0x20,0x66,0x20,0x6f,
0x66,0x20,0x65,0x2e,0x64,0x61,0x74,0x61,0x54,0x72,0x61,0x6e,0x73,0x66,0x65,0x72,
0x2e,0x66,0x69,0x6c,0x65,0x73,0x29,0x20,0x69,0x66,0x20,0x28,0x66,0x2e,0x6e,0x61,
0x6d,0x65,0x29,0x20,0x6e,0x61,0x6d,0x65,0x73,0x2e,0x70,0x75,0x73,0x68,0x28,0x66,
0x2e,0x6e,0x61,0x6d,0x65,0x29,0x3b,0x0a,0x20,0x20,0x20,0x20,0x20,0x20,0x7d,0x0a,
0x20,0x20,0x20,0x20,0x20,0x20,0x69,0x66,0x20,0x28,0x6e,0x61,0x6d,0x65,0x73,0x2e,
0x6c,0x65,0x6e,0x67,0x74,0x68,0x20,0x3d,0x3d,0x3d,0x20,0x31,0x29,0x20,0x61,0x77,
0x61,0x69,0x74,0x20,0x6c,0x6f,0x63,0x61,0x74,0x65,0x41,0x6e,0x64,0x53,0x63,0x61,
0x6e,0x28,0x6e,0x61,0x6d,0x65,0x73,0x5b,0x30,0x5d,0x29,0x3b,0x0a,0x20,0x20,0x20,
0x20,0x20,0x20,0x65,0x6c,0x73,0x65,0x20,0x61,0x77,0x61,0x69,0x74,0x20,0x6c,0x6f,
0x63,0x61,0x74,0x65,0x41,0x6e,0x64,0x42,0x61,0x74,0x63,0x68,0x28,0x6e,0x61,0x6d,
0x65,0x73,0x29,0x3b,0x0a,0x20,0x20,0x20,0x20,0x20,0x20,0x72,0x65,0x74,0x75,0x72,
0x6e,0x3b,0x0a,0x20,0x20,0x20,0x20,0x7d,0x0a,0x0a,0x20,0x20,0x20,0x20,0x69,0x66,
0x20,0x28,0x74,0x65,0x78,0x74,0x2e,0x74,0x72,0x69,0x6d,0x28,0x29,0x29,0x20,0x7b,
0x0a,0x20,0x20,0x20,0x20,0x20,0x20,0x69,0x66,0x20,0x28,0x6c,0x6f,0x6f,0x6b,0x73,
0x4c,0x69,0x6b,0x65,0x45,0x72,0x72,0x6f,0x72,0x28,0x74,0x65,0x78,0x74,0x29,0x29,
0x20,0x7b,0x0a,0x20,0x20,0x20,0x20,0x20,0x20,0x20,0x20,0x24,0x28,0x22,0x70,0x61,
0x73,0x74,0x65,0x49,0x6e,0x70,0x75,0x74,0x22,0x29,0x2e,0x76,0x61,0x6c,0x75,0x65,
0x20,0x3d,0x20,0x74,0x65,0x78,0x74,0x2e,0x74,0x72,0x69,0x6d,0x28,0x29,0x3b,0x0a,
0x20,0x20,0x20,0x20,0x20,0x20,0x20,0x20,0x64,0x6f,0x63,0x75,0x6d,0x65,0x6e,0x74,
0x2e,0x71,0x75,0x65,0x72,0x79,0x53,0x65,0x6c,0x65,0x63,0x74,0x6f,0x72,0x28,0x27,
0x2e,0x74,0x61,0x62,0x5b,0x64,0x61,0x74,0x61,0x2d,0x74,0x61,0x62,0x3d,0x22,0x70,
0x61,0x73,0x74,0x65,0x22,0x5d,0x27,0x29,0x2e,0x63,0x6c,0x69,0x63,0x6b,0x28,0x29,
0x3b,0x0a,0x20,0x20,0x20,0x20,0x20,0x20,0x20,0x20,0x72,0x75,0x6e,0x41,0x6e,0x61,
0x6c,0x79,0x7a,0x65,0x28,0x29,0x3b,0x0a,0x20,0x20,0x20,0x20,0x20,0x20,0x7d,0x20,
0x65,0x6c,0x73,0x65,0x20,0x7b,0x0a,0x20,0x20,0x20,0x20,0x20,0x20,0x20,0x20,0x24,
0x28,0x22,0x70,0x61,0x74,0x68,0x49,0x6e,0x70,0x75,0x74,0x22,0x29,0x2e,0x76,0x61,
0x6c,0x75,0x65,0x20,0x3d,0x20,0x74,0x65,0x78,0x74,0x2e,0x74,0x72,0x69,0x6d,0x28,
0x29,0x3b,0x0a,0x20,0x20,0x20,0x20,0x20,0x20,0x20,0x20,0x64,0x6f,0x63,0x75,0x6d,
0x65,0x6e,0x74,0x2e,0x71,0x75,0x65,0x72,0x79,0x53,0x65,0x6c,0x65,0x63,0x74,0x6f,
0x72,0x28,0x27,0x2e,0x74,0x61,0x62,0x5b,0x64,0x61,0x74,0x61,0x2d,0x74,0x61,0x62,
0x3d,0x22,0x73,0x63,0x61,0x6e,0x22,0x5d,0x27,0x29,0x2e,0x63,0x6c,0x69,0x63,0x6b,
0x28,0x29,0x3b,0x0a,0x20,0x20,0x20,0x20,0x20,0x20,0x20,0x20,0x72,0x75,0x6e,0x53,
0x63,0x61,0x6e,0x28,0x74,0x65,0x78,0x74,0x2e,0x74,0x72,0x69,0x6d,0x28,0x29,0x29,
0x3b,0x0a,0x20,0x20,0x20,0x20,0x20,0x20,0x7d,0x0a,0x20,0x20,0x20,0x20,0x7d,0x0a,
0x20,0x20,0x7d,0x29,0x3b,0x0a,0x0a,0x20,0x20,0x2f,0x2a,0x20,0x2d,0x2d,0x2d,0x2d,
0x2d,0x2d,0x2d,0x2d,0x2d,0x2d,0x20,0xe6,0x89,0xb9,0xe9,0x87,0x8f,0xe6,0xa3,0x80,
0xe6,0xb5,0x8b,0xef,0xbc,0x88,0xe6,0x8b,0x96,0xe5,0x85,0xa5,0xe5,0xa4,0x9a,0xe4,
0xb8,0xaa,0xe6,0x96,0x87,0xe4,0xbb,0xb6,0xef,0xbc,0x89,0x20,0x2d,0x2d,0x2d,0x2d,
0x2d,0x2d,0x2d,0x2d,0x2d,0x2d,0x20,0x2a,0x2f,0x0a,0x20,0x20,0x61,0x73,0x79,0x6e,
0x63,0x20,0x66,0x75,0x6e,0x63,0x74,0x69,0x6f,0x6e,0x20,0x6c,0x6f,0x63,0x61,0x74,
0x65,0x41,0x6e,0x64,0x42,0x61,0x74,0x63,0x68,0x28,0x6e,0x61,0x6d,0x65,0x73,0x29,
0x20,0x7b,0x0a,0x20,0x20,0x20,0x20,0x63,0x6f,0x6e,0x73,0x74,0x20,0x62,0x74,0x6e,
0x20,0x3d,0x20,0x24,0x28,0x22,0x73,0x63,0x61,0x6e,0x42,0x74,0x6e,0x22,0x29,0x3b,
0x0a,0x20,0x20,0x20,0x20,0x73,0x65,0x74,0x42,0x75,0x73,0x79,0x28,0x62,0x74,0x6e,
0x2c,0x20,0x74,0x72,0x75,0x65,0x2c,0x20,0x22,0xe6,0x89,0xb9,0xe9,0x87,0x8f,0xe5,
0xae,0x9a,0xe4,0xbd,0x8d,0xe4,0xb8,0xad,0xe2,0x80,0xa6,0x22,0x29,0x3b,0x0a,0x20,
0x20,0x20,0x20,0x74,0x72,0x79,0x20,0x7b,0x0a,0x20,0x20,0x20,0x20,0x20,0x20,0x63,
0x6f,0x6e,0x73,0x74,0x20,0x6c,0x6f,0x63,0x61,0x74,0x65,0x64,0x20,0x3d,0x20,0x61,
0x77,0x61,0x69,0x74,0x20,0x50,0x72,0x6f,0x6d,0x69,0x73,0x65,0x2e,0x61,0x6c,0x6c,
0x28,0x6e,0x61,0x6d,0x65,0x73,0x2e,0x6d,0x61,0x70,0x28,0x61,0x73,0x79,0x6e,0x63,
0x20,0x28,0x6e,0x6d,0x29,0x20,0x3d,0x3e,0x20,0x7b,0x0a,0x20,0x20,0x20,0x20,0x20,
0x20,0x20,0x20,0x74,0x72,0x79,0x20,0x7b,0x0a,0x20,0x20,0x20,0x20,0x20,0x20,0x20,
0x20,0x20,0x20,0x63,0x6f,0x6e,0x73,0x74,0x20,0x64,0x20,0x3d,0x20,0x61,0x77,0x61,
0x69,0x74,0x20,0x61,0x70,0x69,0x28,0x22,0x2f,0x61,0x70,0x69,0x2f,0x6c,0x6f,0x63,
0x61,0x74,0x65,0x22,0x2c,0x20,0x7b,0x20,0x6e,0x61,0x6d,0x65,0x3a,0x20,0x6e,0x6d,
0x20,0x7d,0x29,0x3b,0x0a,0x20,0x20,0x20,0x20,0x20,0x20,0x20,0x20,0x20,0x20,0x72,
0x65,0x74,0x75,0x72,0x6e,0x20,0x28,0x64,0x20,0x26,0x26,0x20,0x64,0x2e,0x70,0x61,
0x74,0x68,0x73,0x20,0x26,0x26,0x20,0x64,0x2e,0x70,0x61,0x74,0x68,0x73,0x5b,0x30,
0x5d,0x29,0x20,0x7c,0x7c,0x20,0x6e,0x75,0x6c,0x6c,0x3b,0x0a,0x20,0x20,0x20,0x20,
0x20,0x20,0x20,0x20,0x7d,0x20,0x63,0x61,0x74,0x63,0x68,0x20,0x28,0x65,0x29,0x20,
0x7b,0x20,0x72,0x65,0x74,0x75,0x72,0x6e,0x20,0x6e,0x75,0x6c,0x6c,0x3b,0x20,0x7d,
0x0a,0x20,0x20,0x20,0x20,0x20,0x20,0x7d,0x29,0x29,0x3b,0x0a,0x20,0x20,0x20,0x20,
0x20,0x20,0x63,0x6f,0x6e,0x73,0x74,0x20,0x70,0x61,0x74,0x68,0x73,0x20,0x3d,0x20,
0x6c,0x6f,0x63,0x61,0x74,0x65,0x64,0x2e,0x66,0x69,0x6c,0x74,0x65,0x72,0x28,0x42,
0x6f,0x6f,0x6c,0x65,0x61,0x6e,0x29,0x3b,0x0a,0x20,0x20,0x20,0x20,0x20,0x20,0x63,
0x6f,0x6e,0x73,0x74,0x20,0x6d,0x69,0x73,0x73,0x65,0x64,0x20,0x3d,0x20,0x6e,0x61,
0x6d,0x65,0x73,0x2e,0x6c,0x65,0x6e,0x67,0x74,0x68,0x20,0x2d,0x20,0x70,0x61,0x74,
0x68,0x73,0x2e,0x6c,0x65,0x6e,0x67,0x74,0x68,0x3b,0x0a,0x20,0x20,0x20,0x20,0x20,
0x20,0x69,0x66,0x20,0x28,0x21,0x70,0x61,0x74,0x68,0x73,0x2e,0x6c,0x65,0x6e,0x67,
0x74,0x68,0x29,0x20,0x7b,0x0a,0x20,0x20,0x20,0x20,0x20,0x20,0x20,0x20,0x73,0x68,
0x6f,0x77,0x45,0x72,0x72,0x6f,0x72,0x28,0x22,0xe6,0xb2,0xa1,0xe8,0x83,0xbd,0xe8,
0x87,0xaa,0xe5,0x8a,0xa8,0xe5,0xae,0x9a,0xe4,0xbd,0x8d,0xe5,0x88,0xb0,0xe8,0xbf,
0x99,0xe4,0xba,0x9b,0xe6,0x96,0x87,0xe4,0xbb,0xb6,0xe7,0x9a,0x84,0xe5,0xae,0x8c,
0xe6,0x95,0xb4,0xe8,0xb7,0xaf,0xe5,0xbe,0x84,0xef,0xbc,0x8c,0xe8,0xaf,0xb7,0xe7,
0x94,0xa8,0xe3,0x80,0x8c,0xe9,0x80,0x89,0xe6,0x8b,0xa9,0xe6,0x96,0x87,0xe4,0xbb,
0xb6,0xe3,0x80,0x8d,0xe6,0x88,0x96,0xe7,0xb2,0x98,0xe8,0xb4,0xb4,0xe8,0xb7,0xaf,
0xe5,0xbe,0x84,0x22,0x29,0x3b,0x0a,0x20,0x20,0x20,0x20,0x20,0x20,0x20,0x20,0x72,
0x65,0x74,0x75,0x72,0x6e,0x3b,0x0a,0x20,0x20,0x20,0x20,0x20,0x20,0x7d,0x0a,0x20,
0x20,0x20,0x20,0x20,0x20,0x63,0x6f,0x6e,0x73,0x74,0x20,0x64,0x20,0x3d,0x20,0x61,
0x77,0x61,0x69,0x74,0x20,0x61,0x70,0x69,0x28,0x22,0x2f,0x61,0x70,0x69,0x2f,0x73,
0x63,0x61,0x6e,0x2d,0x62,0x61,0x74,0x63,0x68,0x22,0x2c,0x20,0x7b,0x20,0x70,0x61,
0x74,0x68,0x73,0x3a,0x20,0x70,0x61,0x74,0x68,0x73,0x20,0x7d,0x29,0x3b,0x0a,0x20,
0x20,0x20,0x20,0x20,0x20,0x69,0x66,0x20,0x28,0x21,0x64,0x2e,0x6f,0x6b,0x29,0x20,
0x7b,0x20,0x73,0x68,0x6f,0x77,0x45,0x72,0x72,0x6f,0x72,0x28,0x64,0x2e,0x65,0x72,
0x72,0x6f,0x72,0x20,0x7c,0x7c,0x20,0x22,0xe6,0x89,0xb9,0xe9,0x87,0x8f,0xe6,0xa3,
0x80,0xe6,0xb5,0x8b,0xe5,0xa4,0xb1,0xe8,0xb4,0xa5,0x22,0x29,0x3b,0x20,0x72,0x65,
0x74,0x75,0x72,0x6e,0x3b,0x20,0x7d,0x0a,0x20,0x20,0x20,0x20,0x20,0x20,0x72,0x65,
0x6e,0x64,0x65,0x72,0x42,0x61,0x74,0x63,0x68,0x28,0x64,0x2e,0x72,0x65,0x73,0x75,
0x6c,0x74,0x73,0x20,0x7c,0x7c,0x20,0x5b,0x5d,0x2c,0x20,0x6d,0x69,0x73,0x73,0x65,
0x64,0x29,0x3b,0x0a,0x20,0x20,0x20,0x20,0x7d,0x20,0x63,0x61,0x74,0x63,0x68,0x20,
0x28,0x65,0x29,0x20,0x7b,0x0a,0x20,0x20,0x20,0x20,0x20,0x20,0x73,0x68,0x6f,0x77,
0x45,0x72,0x72,0x6f,0x72,0x28,0x22,0xe6,0x89,0xb9,0xe9,0x87,0x8f,0xe6,0xa3,0x80,
0xe6,0xb5,0x8b,0xe5,0xa4,0xb1,0xe8,0xb4,0xa5,0xef,0xbc,0x9a,0x22,0x20,0x2b,0x20,
0x65,0x2e,0x6d,0x65,0x73,0x73,0x61,0x67,0x65,0x29,0x3b,0x0a,0x20,0x20,0x20,0x20,
0x7d,0x20,0x66,0x69,0x6e,0x61,0x6c,0x6c,0x79,0x20,0x7b,0x0a,0x20,0x20,0x20,0x20,
0x20,0x20,0x73,0x65,0x74,0x42,0x75,0x73,0x79,0x28,0x62,0x74,0x6e,0x2c,0x20,0x66,
0x61,0x6c,0x73,0x65,0x29,0x3b,0x0a,0x20,0x20,0x20,0x20,0x7d,0x0a,0x20,0x20,0x7d,
0x0a,0x0a,0x20,0x20,0x66,0x75,0x6e,0x63,0x74,0x69,0x6f,0x6e,0x20,0x72,0x65,0x6e,
0x64,0x65,0x72,0x42,0x61,0x74,0x63,0x68,0x28,0x72,0x65,0x73,0x75,0x6c,0x74,0x73,
0x2c,0x20,0x6d,0x69,0x73,0x73,0x65,0x64,0x29,0x20,0x7b,0x0a,0x20,0x20,0x20,0x20,
0x24,0x28,0x22,0x72,0x65,0x73,0x75,0x6c,0x74,0x43,0x61,0x72,0x64,0x22,0x29,0x2e,
0x63,0x6c,0x61,0x73,0x73,0x4c,0x69,0x73,0x74,0x2e,0x72,0x65,0x6d,0x6f,0x76,0x65,
0x28,0x22,0x68,0x69,0x64,0x64,0x65,0x6e,0x22,0x29,0x3b,0x0a,0x20,0x20,0x20,0x20,
0x24,0x28,0x22,0x72,0x65,0x73,0x75,0x6c,0x74,0x54,0x69,0x74,0x6c,0x65,0x22,0x29,
0x2e,0x74,0x65,0x78,0x74,0x43,0x6f,0x6e,0x74,0x65,0x6e,0x74,0x20,0x3d,0x20,0x22,
0xe6,0x89,0xb9,0xe9,0x87,0x8f,0xe6,0xa3,0x80,0xe6,0xb5,0x8b,0xe7,0xbb,0x93,0xe6,
0x9e,0x9c,0x22,0x3b,0x0a,0x20,0x20,0x20,0x20,0x5b,0x22,0x6c,0x6f,0x63,0x6b,0x65,
0x72,0x42,0x6c,0x6f,0x63,0x6b,0x22,0x2c,0x20,0x22,0x72,0x65,0x61,0x73,0x6f,0x6e,
0x42,0x6c,0x6f,0x63,0x6b,0x22,0x2c,0x20,0x22,0x66,0x69,0x78,0x42,0x6c,0x6f,0x63,
0x6b,0x22,0x2c,0x20,0x22,0x70,0x61,0x74,0x68,0x42,0x6c,0x6f,0x63,0x6b,0x22,0x5d,
0x2e,0x66,0x6f,0x72,0x45,0x61,0x63,0x68,0x28,0x28,0x69,0x64,0x29,0x20,0x3d,0x3e,
0x20,0x24,0x28,0x69,0x64,0x29,0x2e,0x63,0x6c,0x61,0x73,0x73,0x4c,0x69,0x73,0x74,
0x2e,0x61,0x64,0x64,0x28,0x22,0x68,0x69,0x64,0x64,0x65,0x6e,0x22,0x29,0x29,0x3b,
0x0a,0x0a,0x20,0x20,0x20,0x20,0x63,0x6f,0x6e,0x73,0x74,0x20,0x6c,0x6f,0x63,0x6b,
0x65,0x64,0x20,0x3d,0x20,0x72,0x65,0x73,0x75,0x6c,0x74,0x73,0x2e,0x66,0x69,0x6c,
0x74,0x65,0x72,0x28,0x28,0x72,0x29,0x20,0x3d,0x3e,0x20,0x72,0x2e,0x6e,0x6c,0x6f,
0x63,0x6b,0x65,0x72,0x73,0x20,0x3e,0x20,0x30,0x29,0x2e,0x6c,0x65,0x6e,0x67,0x74,
0x68,0x3b,0x0a,0x20,0x20,0x20,0x20,0x63,0x6f,0x6e,0x73,0x74,0x20,0x63,0x6f,0x6e,
0x63,0x6c,0x20,0x3d,0x20,0x24,0x28,0x22,0x63,0x6f,0x6e,0x63,0x6c,0x75,0x73,0x69,
0x6f,0x6e,0x22,0x29,0x3b,0x0a,0x20,0x20,0x20,0x20,0x63,0x6f,0x6e,0x63,0x6c,0x2e,
0x74,0x65,0x78,0x74,0x43,0x6f,0x6e,0x74,0x65,0x6e,0x74,0x20,0x3d,0x20,0x22,0xf0,
0x9f,0x93,0x8a,0x20,0xe5,0x85,0xb1,0x20,0x22,0x20,0x2b,0x20,0x72,0x65,0x73,0x75,
0x6c,0x74,0x73,0x2e,0x6c,0x65,0x6e,0x67,0x74,0x68,0x20,0x2b,0x20,0x22,0x20,0xe9,
0xa1,0xb9,0x22,0x20,0x2b,0x0a,0x20,0x20,0x20,0x20,0x20,0x20,0x28,0x6d,0x69,0x73,
0x73,0x65,0x64,0x20,0x3f,0x20,0x22,0xef,0xbc,0x88,0xe5,0x8f,0xa6,0xe6,0x9c,0x89,
0x20,0x22,0x20,0x2b,0x20,0x6d,0x69,0x73,0x73,0x65,0x64,0x20,0x2b,0x20,0x22,0x20,
0xe9,0xa1,0xb9,0xe6,0x9c,0xaa,0xe5,0xae,0x9a,0xe4,0xbd,0x8d,0xef,0xbc,0x89,0x22,
0x20,0x3a,0x20,0x22,0x22,0x29,0x20,0x2b,0x0a,0x20,0x20,0x20,0x20,0x20,0x20,0x28,
0x6c,0x6f,0x63,0x6b,0x65,0x64,0x20,0x3f,0x20,0x22,0xef,0xbc,0x8c,0xe5,0x85,0xb6,
0xe4,0xb8,0xad,0x20,0x22,0x20,0x2b,0x20,0x6c,0x6f,0x63,0x6b,0x65,0x64,0x20,0x2b,
0x20,0x22,0x20,0xe9,0xa1,0xb9,0xe8,0xa2,0xab,0xe5,0x8d,0xa0,0xe7,0x94,0xa8,0x22,
0x20,0x3a,0x20,0x22,0xef,0xbc,0x8c,0xe5,0x9d,0x87,0xe6,0x9c,0xaa,0xe8,0xa2,0xab,
0xe5,0x8d,0xa0,0xe7,0x94,0xa8,0x22,0x29,0x3b,0x0a,0x20,0x20,0x20,0x20,0x63,0x6f,
0x6e,0x63,0x6c,0x2e,0x63,0x6c,0x61,0x73,0x73,0x4e,0x61,0x6d,0x65,0x20,0x3d,0x20,
0x22,0x63,0x6f,0x6e,0x63,0x6c,0x75,0x73,0x69,0x6f,0x6e,0x20,0x22,0x20,0x2b,0x20,
0x28,0x6c,0x6f,0x63,0x6b,0x65,0x64,0x20,0x3f,0x20,0x22,0x62,0x61,0x64,0x22,0x20,
0x3a,0x20,0x22,0x6f,0x6b,0x22,0x29,0x3b,0x0a,0x0a,0x20,0x20,0x20,0x20,0x24,0x28,
0x22,0x62,0x61,0x74,0x63,0x68,0x42,0x6c,0x6f,0x63,0x6b,0x22,0x29,0x2e,0x63,0x6c,
0x61,0x73,0x73,0x4c,0x69,0x73,0x74,0x2e,0x72,0x65,0x6d,0x6f,0x76,0x65,0x28,0x22,
0x68,0x69,0x64,0x64,0x65,0x6e,0x22,0x29,0x3b,0x0a,0x20,0x20,0x20,0x20,0x24,0x28,
0x22,0x62,0x61,0x74,0x63,0x68,0x42,0x6f,0x64,0x79,0x22,0x29,0x2e,0x69,0x6e,0x6e,
0x65,0x72,0x48,0x54,0x4d,0x4c,0x20,0x3d,0x20,0x72,0x65,0x73,0x75,0x6c,0x74,0x73,
0x2e,0x6d,0x61,0x70,0x28,0x28,0x72,0x2c,0x20,0x69,0x29,0x20,0x3d,0x3e,0x20,0x7b,
0x0a,0x20,0x20,0x20,0x20,0x20,0x20,0x63,0x6f,0x6e,0x73,0x74,0x20,0x63,0x6c,0x73,
0x20,0x3d,0x20,0x72,0x2e,0x6e,0x6c,0x6f,0x63,0x6b,0x65,0x72,0x73,0x20,0x3e,0x20,
0x30,0x20,0x3f,0x20,0x22,0x62,0x61,0x64,0x22,0x20,0x3a,0x20,0x72,0x2e,0x72,0x65,
0x73,0x74,0x72,0x69,0x63,0x74,0x65,0x64,0x20,0x3f,0x20,0x22,0x77,0x61,0x72,0x6e,
0x22,0x20,0x3a,0x20,0x22,0x6f,0x6b,0x22,0x3b,0x0a,0x20,0x20,0x20,0x20,0x20,0x20,
0x72,0x65,0x74,0x75,0x72,0x6e,0x20,0x27,0x3c,0x74,0x72,0x3e,0x27,0x20,0x2b,0x0a,
0x20,0x20,0x20,0x20,0x20,0x20,0x20,0x20,0x27,0x3c,0x74,0x64,0x20,0x63,0x6c,0x61,
0x73,0x73,0x3d,0x22,0x64,0x65,0x74,0x61,0x69,0x6c,0x22,0x3e,0x27,0x20,0x2b,0x20,
0x65,0x73,0x63,0x28,0x72,0x2e,0x70,0x61,0x74,0x68,0x29,0x20,0x2b,0x20,0x22,0x3c,
0x2f,0x74,0x64,0x3e,0x22,0x20,0x2b,0x0a,0x20,0x20,0x20,0x20,0x20,0x20,0x20,0x20,
0x22,0x3c,0x74,0x64,0x3e,0x22,0x20,0x2b,0x20,0x28,0x72,0x2e,0x69,0x73,0x44,0x69,
0x72,0x20,0x3f,0x20,0x22,0xe7,0x9b,0xae,0xe5,0xbd,0x95,0x22,0x20,0x3a,0x20,0x22,
0xe6,0x96,0x87,0xe4,0xbb,0xb6,0x22,0x29,0x20,0x2b,0x20,0x22,0x3c,0x2f,0x74,0x64,
0x3e,0x22,0x20,0x2b,0x0a,0x20,0x20,0x20,0x20,0x20,0x20,0x20,0x20,0x22,0x3c,0x74,
0x64,0x3e,0x22,0x20,0x2b,0x20,0x28,0x72,0x2e,0x6e,0x6c,0x6f,0x63,0x6b,0x65,0x72,
0x73,0x20,0x7c,0x7c,0x20,0x30,0x29,0x20,0x2b,0x20,0x22,0x3c,0x2f,0x74,0x64,0x3e,
0x22,0x20,0x2b,0x0a,0x20,0x20,0x20,0x20,0x20,0x20,0x20,0x20,0x27,0x3c,0x74,0x64,
0x3e,0x3c,0x73,0x70,0x61,0x6e,0x20,0x63,0x6c,0x61,0x73,0x73,0x3d,0x22,0x62,0x61,
0x64,0x67,0x65,0x20,0x27,0x20,0x2b,0x20,0x63,0x6c,0x73,0x20,0x2b,0x20,0x27,0x22,
0x3e,0x27,0x20,0x2b,0x20,0x65,0x73,0x63,0x28,0x72,0x2e,0x63,0x6f,0x6e,0x63,0x6c,
0x75,0x73,0x69,0x6f,0x6e,0x29,0x20,0x2b,0x20,0x22,0x3c,0x2f,0x73,0x70,0x61,0x6e,
0x3e,0x3c,0x2f,0x74,0x64,0x3e,0x22,0x20,0x2b,0x0a,0x20,0x20,0x20,0x20,0x20,0x20,
0x20,0x20,0x27,0x3c,0x74,0x64,0x3e,0x3c,0x62,0x75,0x74,0x74,0x6f,0x6e,0x20,0x63,
0x6c,0x61,0x73,0x73,0x3d,0x22,0x62,0x74,0x6e,0x20,0x67,0x68,0x6f,0x73,0x74,0x22,
0x20,0x73,0x74,0x79,0x6c,0x65,0x3d,0x22,0x70,0x61,0x64,0x64,0x69,0x6e,0x67,0x3a,
0x35,0x70,0x78,0x20,0x31,0x30,0x70,0x78,0x3b,0x66,0x6f,0x6e,0x74,0x2d,0x73,0x69,
0x7a,0x65,0x3a,0x31,0x32,0x70,0x78,0x22,0x20,0x64,0x61,0x74,0x61,0x2d,0x69,0x3d,
0x22,0x27,0x20,0x2b,0x20,0x69,0x20,0x2b,0x20,0x27,0x22,0x3e,0xe8,0xaf,0xa6,0xe7,
0xbb,0x86,0x3c,0x2f,0x62,0x75,0x74,0x74,0x6f,0x6e,0x3e,0x3c,0x2f,0x74,0x64,0x3e,
0x27,0x20,0x2b,0x0a,0x20,0x20,0x20,0x20,0x20,0x20,0x20,0x20,0x22,0x3c,0x2f,0x74,
0x72,0x3e,0x22,0x3b,0x0a,0x20,0x20,0x20,0x20,0x7d,0x29,0x2e,0x6a,0x6f,0x69,0x6e,
0x28,0x22,0x22,0x29,0x3b,0x0a,0x20,0x20,0x20,0x20,0x24,0x28,0x22,0x62,0x61,0x74,
0x63,0x68,0x42,0x6f,0x64,0x79,0x22,0x29,0x2e,0x71,0x75,0x65,0x72,0x79,0x53,0x65,
0x6c,0x65,0x63,0x74,0x6f,0x72,0x41,0x6c,0x6c,0x28,0x22,0x62,0x75,0x74,0x74,0x6f,
0x6e,0x22,0x29,0x2e,0x66,0x6f,0x72,0x45,0x61,0x63,0x68,0x28,0x28,0x62,0x29,0x20,
0x3d,0x3e,0x20,0x7b,0x0a,0x20,0x20,0x20,0x20,0x20,0x20,0x62,0x2e,0x61,0x64,0x64,
0x45,0x76,0x65,0x6e,0x74,0x4c,0x69,0x73,0x74,0x65,0x6e,0x65,0x72,0x28,0x22,0x63,
0x6c,0x69,0x63,0x6b,0x22,0x2c,0x20,0x28,0x29,0x20,0x3d,0x3e,0x20,0x7b,0x0a,0x20,
0x20,0x20,0x20,0x20,0x20,0x20,0x20,0x63,0x6f,0x6e,0x73,0x74,0x20,0x72,0x20,0x3d,
0x20,0x72,0x65,0x73,0x75,0x6c,0x74,0x73,0x5b,0x2b,0x62,0x2e,0x64,0x61,0x74,0x61,
0x73,0x65,0x74,0x2e,0x69,0x5d,0x3b,0x0a,0x20,0x20,0x20,0x20,0x20,0x20,0x20,0x20,
0x24,0x28,0x22,0x70,0x61,0x74,0x68,0x49,0x6e,0x70,0x75,0x74,0x22,0x29,0x2e,0x76,
0x61,0x6c,0x75,0x65,0x20,0x3d,0x20,0x72,0x2e,0x70,0x61,0x74,0x68,0x3b,0x0a,0x20,
0x20,0x20,0x20,0x20,0x20,0x20,0x20,0x72,0x75,0x6e,0x53,0x63,0x61,0x6e,0x28,0x72,
0x2e,0x70,0x61,0x74,0x68,0x29,0x3b,0x0a,0x20,0x20,0x20,0x20,0x20,0x20,0x7d,0x29,
0x3b,0x0a,0x20,0x20,0x20,0x20,0x7d,0x29,0x3b,0x0a,0x20,0x20,0x20,0x20,0x24,0x28,
0x22,0x72,0x65,0x73,0x75,0x6c,0x74,0x43,0x61,0x72,0x64,0x22,0x29,0x2e,0x73,0x63,
0x72,0x6f,0x6c,0x6c,0x49,0x6e,0x74,0x6f,0x56,0x69,0x65,0x77,0x28,0x7b,0x20,0x62,
0x65,0x68,0x61,0x76,0x69,0x6f,0x72,0x3a,0x20,0x22,0x73,0x6d,0x6f,0x6f,0x74,0x68,
0x22,0x2c,0x20,0x62,0x6c,0x6f,0x63,0x6b,0x3a,0x20,0x22,0x73,0x74,0x61,0x72,0x74,
0x22,0x20,0x7d,0x29,0x3b,0x0a,0x20,0x20,0x7d,0x0a,0x0a,0x20,0x20,0x61,0x73,0x79,
0x6e,0x63,0x20,0x66,0x75,0x6e,0x63,0x74,0x69,0x6f,0x6e,0x20,0x6c,0x6f,0x63,0x61,
0x74,0x65,0x41,0x6e,0x64,0x53,0x63,0x61,0x6e,0x28,0x6e,0x61,0x6d,0x65,0x29,0x20,
0x7b,0x0a,0x20,0x20,0x20,0x20,0x69,0x66,0x20,0x28,0x21,0x6e,0x61,0x6d,0x65,0x29,
0x20,0x72,0x65,0x74,0x75,0x72,0x6e,0x3b,0x0a,0x20,0x20,0x20,0x20,0x63,0x6f,0x6e,
0x73,0x74,0x20,0x62,0x74,0x6e,0x20,0x3d,0x20,0x24,0x28,0x22,0x73,0x63,0x61,0x6e,
0x42,0x74,0x6e,0x22,0x29,0x3b,0x0a,0x20,0x20,0x20,0x20,0x73,0x65,0x74,0x42,0x75,
0x73,0x79,0x28,0x62,0x74,0x6e,0x2c,0x20,0x74,0x72,0x75,0x65,0x2c,0x20,0x22,0xe5,
0xae,0x9a,0xe4,0xbd,0x8d,0xe6,0x96,0x87,0xe4,0xbb,0xb6,0xe4,0xb8,0xad,0xe2,0x80,
0xa6,0x22,0x29,0x3b,0x0a,0x20,0x20,0x20,0x20,0x74,0x72,0x79,0x20,0x7b,0x0a,0x20,
0x20,0x20,0x20,0x20,0x20,0x63,0x6f,0x6e,0x73,0x74,0x20,0x64,0x20,0x3d,0x20,0x61,
0x77,0x61,0x69,0x74,0x20,0x61,0x70,0x69,0x28,0x22,0x2f,0x61,0x70,0x69,0x2f,0x6c,
0x6f,0x63,0x61,0x74,0x65,0x22,0x2c,0x20,0x7b,0x20,0x6e,0x61,0x6d,0x65,0x3a,0x20,
0x6e,0x61,0x6d,0x65,0x20,0x7d,0x29,0x3b,0x0a,0x20,0x20,0x20,0x20,0x20,0x20,0x63,
0x6f,0x6e,0x73,0x74,0x20,0x70,0x61,0x74,0x68,0x73,0x20,0x3d,0x20,0x28,0x64,0x20,
0x26,0x26,0x20,0x64,0x2e,0x70,0x61,0x74,0x68,0x73,0x29,0x20,0x7c,0x7c,0x20,0x5b,
0x5d,0x3b,0x0a,0x20,0x20,0x20,0x20,0x20,0x20,0x69,0x66,0x20,0x28,0x70,0x61,0x74,
0x68,0x73,0x2e,0x6c,0x65,0x6e,0x67,0x74,0x68,0x20,0x3d,0x3d,0x3d,0x20,0x31,0x29,
0x20,0x7b,0x0a,0x20,0x20,0x20,0x20,0x20,0x20,0x20,0x20,0x24,0x28,0x22,0x70,0x61,
0x74,0x68,0x49,0x6e,0x70,0x75,0x74,0x22,0x29,0x2e,0x76,0x61,0x6c,0x75,0x65,0x20,
0x3d,0x20,0x70,0x61,0x74,0x68,0x73,0x5b,0x30,0x5d,0x3b,0x0a,0x20,0x20,0x20,0x20,
0x20,0x20,0x20,0x20,0x73,0x65,0x74,0x42,0x75,0x73,0x79,0x28,0x62,0x74,0x6e,0x2c,
0x20,0x66,0x61,0x6c,0x73,0x65,0x29,0x3b,0x0a,0x20,0x20,0x20,0x20,0x20,0x20,0x20,
0x20,0x72,0x75,0x6e,0x53,0x63,0x61,0x6e,0x28,0x70,0x61,0x74,0x68,0x73,0x5b,0x30,
0x5d,0x29,0x3b,0x0a,0x20,0x20,0x20,0x20,0x20,0x20,0x7d,0x20,0x65,0x6c,0x73,0x65,
0x20,0x69,0x66,0x20,0x28,0x70,0x61,0x74,0x68,0x73,0x2e,0x6c,0x65,0x6e,0x67,0x74,
0x68,0x20,0x3e,0x20,0x31,0x29,0x20,0x7b,0x0a,0x20,0x20,0x20,0x20,0x20,0x20,0x20,
0x20,0x73,0x65,0x74,0x42,0x75,0x73,0x79,0x28,0x62,0x74,0x6e,0x2c,0x20,0x66,0x61,
0x6c,0x73,0x65,0x29,0x3b,0x0a,0x20,0x20,0x20,0x20,0x20,0x20,0x20,0x20,0x73,0x68,
0x6f,0x77,0x45,0x72,0x72,0x6f,0x72,0x28,0x22,0xe6,0x89,0xbe,0xe5,0x88,0xb0,0xe5,
0xa4,0x9a,0xe4,0xb8,0xaa,0xe5,0x90,0x8c,0xe5,0x90,0x8d,0xe9,0xa1,0xb9,0xe7,0x9b,
0xae,0xef,0xbc,0x8c,0xe8,0xaf,0xb7,0xe9,0x80,0x89,0xe6,0x8b,0xa9,0xe8,0xa6,0x81,
0xe6,0xa3,0x80,0xe6,0xb5,0x8b,0xe7,0x9a,0x84,0xe8,0xb7,0xaf,0xe5,0xbe,0x84,0x22,
0x29,0x3b,0x0a,0x20,0x20,0x20,0x20,0x20,0x20,0x20,0x20,0x63,0x6f,0x6e,0x73,0x74,
0x20,0x70,0x62,0x6c,0x6f,0x63,0x6b,0x20,0x3d,0x20,0x24,0x28,0x22,0x70,0x61,0x74,
0x68,0x42,0x6c,0x6f,0x63,0x6b,0x22,0x29,0x2c,0x20,0x70,0x6c,0x69,0x6e,0x6b,0x73,
0x20,0x3d,0x20,0x24,0x28,0x22,0x70,0x61,0x74,0x68,0x4c,0x69,0x6e,0x6b,0x73,0x22,
0x29,0x3b,0x0a,0x20,0x20,0x20,0x20,0x20,0x20,0x20,0x20,0x70,0x62,0x6c,0x6f,0x63,
0x6b,0x2e,0x63,0x6c,0x61,0x73,0x73,0x4c,0x69,0x73,0x74,0x2e,0x72,0x65,0x6d,0x6f,
0x76,0x65,0x28,0x22,0x68,0x69,0x64,0x64,0x65,0x6e,0x22,0x29,0x3b,0x0a,0x20,0x20,
0x20,0x20,0x20,0x20,0x20,0x20,0x70,0x6c,0x69,0x6e,0x6b,0x73,0x2e,0x69,0x6e,0x6e,
0x65,0x72,0x48,0x54,0x4d,0x4c,0x20,0x3d,0x20,0x70,0x61,0x74,0x68,0x73,0x2e,0x6d,
0x61,0x70,0x28,0x28,0x70,0x29,0x20,0x3d,0x3e,0x20,0x60,0x3c,0x62,0x75,0x74,0x74,
0x6f,0x6e,0x20,0x63,0x6c,0x61,0x73,0x73,0x3d,0x22,0x70,0x61,0x74,0x68,0x2d,0x6c,
0x69,0x6e,0x6b,0x22,0x3e,0x24,0x7b,0x65,0x73,0x63,0x28,0x70,0x29,0x7d,0x3c,0x2f,
0x62,0x75,0x74,0x74,0x6f,0x6e,0x3e,0x60,0x29,0x2e,0x6a,0x6f,0x69,0x6e,0x28,0x22,
0x22,0x29,0x3b,0x0a,0x20,0x20,0x20,0x20,0x20,0x20,0x20,0x20,0x70,0x6c,0x69,0x6e,
0x6b,0x73,0x2e,0x71,0x75,0x65,0x72,0x79,0x53,0x65,0x6c,0x65,0x63,0x74,0x6f,0x72,
0x41,0x6c,0x6c,0x28,0x22,0x2e,0x70,0x61,0x74,0x68,0x2d,0x6c,0x69,0x6e,0x6b,0x22,
0x29,0x2e,0x66,0x6f,0x72,0x45,0x61,0x63,0x68,0x28,0x28,0x62,0x2c,0x20,0x69,0x29,
0x20,0x3d,0x3e,0x20,0x7b,0x0a,0x20,0x20,0x20,0x20,0x20,0x20,0x20,0x20,0x20,0x20,
0x62,0x2e,0x61,0x64,0x64,0x45,0x76,0x65,0x6e,0x74,0x4c,0x69,0x73,0x74,0x65,0x6e,
0x65,0x72,0x28,0x22,0x63,0x6c,0x69,0x63,0x6b,0x22,0x2c,0x20,0x28,0x29,0x20,0x3d,
0x3e,0x20,0x7b,0x0a,0x20,0x20,0x20,0x20,0x20,0x20,0x20,0x20,0x20,0x20,0x20,0x20,
0x24,0x28,0x22,0x70,0x61,0x74,0x68,0x49,0x6e,0x70,0x75,0x74,0x22,0x29,0x2e,0x76,
0x61,0x6c,0x75,0x65,0x20,0x3d,0x20,0x70,0x61,0x74,0x68,0x73,0x5b,0x69,0x5d,0x3b,
0x0a,0x20,0x20,0x20,0x20,0x20,0x20,0x20,0x20,0x20,0x20,0x20,0x20,0x72,0x75,0x6e,
0x53,0x63,0x61,0x6e,0x28,0x70,0x61,0x74,0x68,0x73,0x5b,0x69,0x5d,0x29,0x3b,0x0a,
0x20,0x20,0x20,0x20,0x20,0x20,0x20,0x20,0x20,0x20,0x7d,0x29,0x3b,0x0a,0x20,0x20,
0x20,0x20,0x20,0x20,0x20,0x20,0x7d,0x29,0x3b,0x0a,0x20,0x20,0x20,0x20,0x20,0x20,
0x7d,0x20,0x65,0x6c,0x73,0x65,0x20,0x7b,0x0a,0x20,0x20,0x20,0x20,0x20,0x20,0x20,
0x20,0x73,0x65,0x74,0x42,0x75,0x73,0x79,0x28,0x62,0x74,0x6e,0x2c,0x20,0x66,0x61,
0x6c,0x73,0x65,0x29,0x3b,0x0a,0x20,0x20,0x20,0x20,0x20,0x20,0x20,0x20,0x73,0x68,
0x6f,0x77,0x45,0x72,0x72,0x6f,0x72,0x28,0x22,0xe6,0xb2,0xa1,0xe8,0x83,0xbd,0xe8,
0x87,0xaa,0xe5,0x8a,0xa8,0xe5,0xae,0x9a,0xe4,0xbd,0x8d,0xe5,0x88,0xb0,0x20,0xe2,
0x80,0x9c,0x22,0x20,0x2b,0x20,0x6e,0x61,0x6d,0x65,0x20,0x2b,0x20,0x22,0xe2,0x80,
0x9d,0x20,0xe7,0x9a,0x84,0xe5,0xae,0x8c,0xe6,0x95,0xb4,0xe8,0xb7,0xaf,0xe5,0xbe,
0x84,0xef,0xbc,0x8c,0xe8,0xaf,0xb7,0xe7,0x94,0xa8,0xe3,0x80,0x8c,0xe9,0x80,0x89,
0xe6,0x8b,0xa9,0xe6,0x96,0x87,0xe4,0xbb,0xb6,0xe3,0x80,0x8d,0xe6,0x8c,0x89,0xe9,
0x92,0xae,0xe6,0x88,0x96,0xe7,0x9b,0xb4,0xe6,0x8e,0xa5,0xe7,0xb2,0x98,0xe8,0xb4,
0xb4,0xe8,0xb7,0xaf,0xe5,0xbe,0x84,0x22,0x29,0x3b,0x0a,0x20,0x20,0x20,0x20,0x20,
0x20,0x7d,0x0a,0x20,0x20,0x20,0x20,0x7d,0x20,0x63,0x61,0x74,0x63,0x68,0x20,0x28,
0x65,0x72,0x72,0x29,0x20,0x7b,0x0a,0x20,0x20,0x20,0x20,0x20,0x20,0x73,0x65,0x74,
0x42,0x75,0x73,0x79,0x28,0x62,0x74,0x6e,0x2c,0x20,0x66,0x61,0x6c,0x73,0x65,0x29,
0x3b,0x0a,0x20,0x20,0x20,0x20,0x20,0x20,0x73,0x68,0x6f,0x77,0x45,0x72,0x72,0x6f,
0x72,0x28,0x22,0xe5,0xae,0x9a,0xe4,0xbd,0x8d,0xe5,0xa4,0xb1,0xe8,0xb4,0xa5,0xef,
0xbc,0x9a,0x22,0x20,0x2b,0x20,0x65,0x72,0x72,0x2e,0x6d,0x65,0x73,0x73,0x61,0x67,
0x65,0x29,0x3b,0x0a,0x20,0x20,0x20,0x20,0x7d,0x0a,0x20,0x20,0x7d,0x0a,0x0a,0x20,
0x20,0x2f,0x2a,0x20,0x2d,0x2d,0x2d,0x2d,0x2d,0x2d,0x2d,0x2d,0x2d,0x2d,0x20,0xe5,
0x89,0xaa,0xe8,0xb4,0xb4,0xe6,0x9d,0xbf,0xe8,0x87,0xaa,0xe5,0x8a,0xa8,0xe6,0x84,
0x9f,0xe7,0x9f,0xa5,0x20,0x2d,0x2d,0x2d,0x2d,0x2d,0x2d,0x2d,0x2d,0x2d,0x2d,0x20,
0x2a,0x2f,0x0a,0x20,0x20,0x63,0x6f,0x6e,0x73,0x74,0x20,0x45,0x52,0x52,0x4f,0x52,
0x5f,0x52,0x45,0x20,0x3d,0x20,0x2f,0xe5,0x8d,0xa0,0xe7,0x94,0xa8,0x7c,0xe6,0xad,
0xa3,0xe5,0x9c,0xa8,0xe4,0xbd,0xbf,0xe7,0x94,0xa8,0x7c,0xe8,0xa2,0xab,0x5b,0x5e,
0xef,0xbc,0x8c,0xe3,0x80,0x82,0x5d,0x2a,0xe7,0xa8,0x8b,0xe5,0xba,0x8f,0x7c,0xe6,
0x8b,0x92,0xe7,0xbb,0x9d,0xe8,0xae,0xbf,0xe9,0x97,0xae,0x7c,0xe6,0xb2,0xa1,0xe6,
0x9c,0x89,0xe6,0x9d,0x83,0xe9,0x99,0x90,0x7c,0xe9,0x9c,0x80,0xe8,0xa6,0x81,0xe6,
0x9d,0x83,0xe9,0x99,0x90,0x7c,0xe6,0x97,0xa0,0xe6,0xb3,0x95,0x28,0xe5,0x88,0xa0,
0xe9,0x99,0xa4,0x7c,0xe7,0xa7,0xbb,0xe5,0x8a,0xa8,0x7c,0xe5,0xa4,0x8d,0xe5,0x88,
0xb6,0x7c,0xe8,0xae,0xbf,0xe9,0x97,0xae,0x7c,0xe5,0xae,0x8c,0xe6,0x88,0x90,0x7c,
0xe6,0x89,0x93,0xe5,0xbc,0x80,0x29,0x7c,0xe6,0x93,0x8d,0xe4,0xbd,0x9c,0x28,0xe6,
0x97,0xa0,0xe6,0xb3,0x95,0x7c,0xe4,0xb8,0x8d,0xe8,0x83,0xbd,0x29,0xe5,0xae,0x8c,
0xe6,0x88,0x90,0x7c,0xe8,0xb5,0x84,0xe6,0xba,0x90,0xe5,0xbf,0x99,0x7c,0xe5,0x86,
0x99,0xe4,0xbf,0x9d,0xe6,0x8a,0xa4,0x7c,0xe5,0x8f,0xaa,0xe8,0xaf,0xbb,0x7c,0xe5,
0x9b,0x9e,0xe6,0x94,0xb6,0xe7,0xab,0x99,0x7c,0xe8,0xb7,0xaf,0xe5,0xbe,0x84,0xe5,
0xa4,0xaa,0xe9,0x95,0xbf,0x7c,0xe6,0x8d,0x9f,0xe5,0x9d,0x8f,0x7c,0xe6,0xb2,0xa1,
0xe6,0x9c,0x89,0xe7,0xa9,0xba,0xe9,0x97,0xb4,0x7c,0xe5,0x90,0x8c,0xe6,0xad,0xa5,
0xe4,0xb8,0xad,0x7c,0x69,0x6e,0x20,0x75,0x73,0x65,0x7c,0x62,0x65,0x69,0x6e,0x67,
0x20,0x75,0x73,0x65,0x64,0x7c,0x61,0x63,0x63,0x65,0x73,0x73,0x20,0x64,0x65,0x6e,
0x69,0x65,0x64,0x7c,0x70,0x65,0x72,0x6d,0x69,0x73,0x73,0x69,0x6f,0x6e,0x20,0x64,
0x65,0x6e,0x69,0x65,0x64,0x7c,0x63,0x61,0x6e,0x6e,0x6f,0x74,0x7c,0x63,0x61,0x6e,
0x27,0x74,0x7c,0x63,0x6f,0x75,0x6c,0x64,0x20,0x6e,0x6f,0x74,0x7c,0x6c,0x6f,0x63,
0x6b,0x65,0x64,0x7c,0x72,0x65,0x61,0x64,0x2d,0x6f,0x6e,0x6c,0x79,0x7c,0x77,0x72,
0x69,0x74,0x65,0x20,0x70,0x72,0x6f,0x74,0x65,0x63,0x74,0x7c,0x72,0x65,0x73,0x6f,
0x75,0x72,0x63,0x65,0x20,0x62,0x75,0x73,0x79,0x7c,0x66,0x69,0x6c,0x65,0x20,0x69,
0x6e,0x20,0x75,0x73,0x65,0x2f,0x69,0x3b,0x0a,0x0a,0x20,0x20,0x66,0x75,0x6e,0x63,
0x74,0x69,0x6f,0x6e,0x20,0x6c,0x6f,0x6f,0x6b,0x73,0x4c,0x69,0x6b,0x65,0x45,0x72,
0x72,0x6f,0x72,0x28,0x73,0x29,0x20,0x7b,0x0a,0x20,0x20,0x20,0x20,0x72,0x65,0x74,
0x75,0x72,0x6e,0x20,0x45,0x52,0x52,0x4f,0x52,0x5f,0x52,0x45,0x2e,0x74,0x65,0x73,
0x74,0x28,0x73,0x20,0x7c,0x7c,0x20,0x22,0x22,0x29,0x20,0x26,0x26,0x20,0x28,0x73,
0x20,0x7c,0x7c,0x20,0x22,0x22,0x29,0x2e,0x6c,0x65,0x6e,0x67,0x74,0x68,0x20,0x3c,
0x20,0x34,0x30,0x30,0x30,0x3b,0x0a,0x20,0x20,0x7d,0x0a,0x0a,0x20,0x20,0x6c,0x65,
0x74,0x20,0x6c,0x61,0x73,0x74,0x43,0x6c,0x69,0x70,0x20,0x3d,0x20,0x22,0x22,0x3b,
0x0a,0x20,0x20,0x6c,0x65,0x74,0x20,0x6c,0x61,0x73,0x74,0x50,0x72,0x6f,0x6d,0x70,
0x74,0x65,0x64,0x20,0x3d,0x20,0x22,0x22,0x3b,0x0a,0x0a,0x20,0x20,0x66,0x75,0x6e,
0x63,0x74,0x69,0x6f,0x6e,0x20,0x73,0x68,0x6f,0x77,0x54,0x6f,0x61,0x73,0x74,0x28,
0x74,0x69,0x74,0x6c,0x65,0x2c,0x20,0x74,0x65,0x78,0x74,0x2c,0x20,0x6f,0x6e,0x59,
0x65,0x73,0x29,0x20,0x7b,0x0a,0x20,0x20,0x20,0x20,0x63,0x6f,0x6e,0x73,0x74,0x20,
0x77,0x72,0x61,0x70,0x20,0x3d,0x20,0x24,0x28,0x22,0x74,0x6f,0x61,0x73,0x74,0x57,
0x72,0x61,0x70,0x22,0x29,0x3b,0x0a,0x20,0x20,0x20,0x20,0x63,0x6f,0x6e,0x73,0x74,
0x20,0x65,0x6c,0x20,0x3d,0x20,0x64,0x6f,0x63,0x75,0x6d,0x65,0x6e,0x74,0x2e,0x63,
0x72,0x65,0x61,0x74,0x65,0x45,0x6c,0x65,0x6d,0x65,0x6e,0x74,0x28,0x22,0x64,0x69,
0x76,0x22,0x29,0x3b,0x0a,0x20,0x20,0x20,0x20,0x65,0x6c,0x2e,0x63,0x6c,0x61,0x73,
0x73,0x4e,0x61,0x6d,0x65,0x20,0x3d,0x20,0x22,0x74,0x6f,0x61,0x73,0x74,0x22,0x3b,
0x0a,0x20,0x20,0x20,0x20,0x65,0x6c,0x2e,0x69,0x6e,0x6e,0x65,0x72,0x48,0x54,0x4d,
0x4c,0x20,0x3d,0x0a,0x20,0x20,0x20,0x20,0x20,0x20,0x27,0x3c,0x64,0x69,0x76,0x20,
0x63,0x6c,0x61,0x73,0x73,0x3d,0x22,0x74,0x2d,0x74,0x69,0x74,0x6c,0x65,0x22,0x3e,
0x27,0x20,0x2b,0x20,0x65,0x73,0x63,0x28,0x74,0x69,0x74,0x6c,0x65,0x29,0x20,0x2b,
0x20,0x22,0x3c,0x2f,0x64,0x69,0x76,0x3e,0x22,0x20,0x2b,0x0a,0x20,0x20,0x20,0x20,
0x20,0x20,0x27,0x3c,0x64,0x69,0x76,0x20,0x63,0x6c,0x61,0x73,0x73,0x3d,0x22,0x74,
0x2d,0x74,0x65,0x78,0x74,0x22,0x3e,0x27,0x20,0x2b,0x20,0x65,0x73,0x63,0x28,0x74,
0x65,0x78,0x74,0x29,0x20,0x2b,0x20,0x22,0x3c,0x2f,0x64,0x69,0x76,0x3e,0x22,0x20,
0x2b,0x0a,0x20,0x20,0x20,0x20,0x20,0x20,0x27,0x3c,0x64,0x69,0x76,0x20,0x63,0x6c,
0x61,0x73,0x73,0x3d,0x22,0x74,0x2d,0x62,0x74,0x6e,0x73,0x22,0x3e,0x27,0x20,0x2b,
0x0a,0x20,0x20,0x20,0x20,0x20,0x20,0x27,0x3c,0x62,0x75,0x74,0x74,0x6f,0x6e,0x20,
0x63,0x6c,0x61,0x73,0x73,0x3d,0x22,0x62,0x74,0x6e,0x20,0x70,0x72,0x69,0x6d,0x61,
0x72,0x79,0x22,0x20,0x73,0x74,0x79,0x6c,0x65,0x3d,0x22,0x70,0x61,0x64,0x64,0x69,
0x6e,0x67,0x3a,0x37,0x70,0x78,0x20,0x31,0x34,0x70,0x78,0x3b,0x66,0x6f,0x6e,0x74,
0x2d,0x73,0x69,0x7a,0x65,0x3a,0x31,0x33,0x70,0x78,0x22,0x3e,0xe7,0xab,0x8b,0xe5,
0x8d,0xb3,0xe5,0x88,0x86,0xe6,0x9e,0x90,0x3c,0x2f,0x62,0x75,0x74,0x74,0x6f,0x6e,
0x3e,0x27,0x20,0x2b,0x0a,0x20,0x20,0x20,0x20,0x20,0x20,0x27,0x3c,0x62,0x75,0x74,
0x74,0x6f,0x6e,0x20,0x63,0x6c,0x61,0x73,0x73,0x3d,0x22,0x62,0x74,0x6e,0x20,0x67,
0x68,0x6f,0x73,0x74,0x22,0x20,0x73,0x74,0x79,0x6c,0x65,0x3d,0x22,0x70,0x61,0x64,
0x64,0x69,0x6e,0x67,0x3a,0x37,0x70,0x78,0x20,0x31,0x34,0x70,0x78,0x3b,0x66,0x6f,
0x6e,0x74,0x2d,0x73,0x69,0x7a,0x65,0x3a,0x31,0x33,0x70,0x78,0x22,0x3e,0xe5,0xbf,
0xbd,0xe7,0x95,0xa5,0x3c,0x2f,0x62,0x75,0x74,0x74,0x6f,0x6e,0x3e,0x27,0x20,0x2b,
0x0a,0x20,0x20,0x20,0x20,0x20,0x20,0x22,0x3c,0x2f,0x64,0x69,0x76,0x3e,0x22,0x3b,
0x0a,0x20,0x20,0x20,0x20,0x63,0x6f,0x6e,0x73,0x74,0x20,0x5b,0x79,0x65,0x73,0x2c,
0x20,0x6e,0x6f,0x5d,0x20,0x3d,0x20,0x65,0x6c,0x2e,0x71,0x75,0x65,0x72,0x79,0x53,
0x65,0x6c,0x65,0x63,0x74,0x6f,0x72,0x41,0x6c,0x6c,0x28,0x22,0x62,0x75,0x74,0x74,
0x6f,0x6e,0x22,0x29,0x3b,0x0a,0x20,0x20,0x20,0x20,0x79,0x65,0x73,0x2e,0x61,0x64,
0x64,0x45,0x76,0x65,0x6e,0x74,0x4c,0x69,0x73,0x74,0x65,0x6e,0x65,0x72,0x28,0x22,
0x63,0x6c,0x69,0x63,0x6b,0x22,0x2c,0x20,0x28,0x29,0x20,0x3d,0x3e,0x20,0x7b,0x20,
0x65,0x6c,0x2e,0x72,0x65,0x6d,0x6f,0x76,0x65,0x28,0x29,0x3b,0x20,0x6f,0x6e,0x59,
0x65,0x73,0x20,0x26,0x26,0x20,0x6f,0x6e,0x59,0x65,0x73,0x28,0x29,0x3b,0x20,0x7d,
0x29,0x3b,0x0a,0x20,0x20,0x20,0x20,0x6e,0x6f,0x2e,0x61,0x64,0x64,0x45,0x76,0x65,
0x6e,0x74,0x4c,0x69,0x73,0x74,0x65,0x6e,0x65,0x72,0x28,0x22,0x63,0x6c,0x69,0x63,
0x6b,0x22,0x2c,0x20,0x28,0x29,0x20,0x3d,0x3e,0x20,0x65,0x6c,0x2e,0x72,0x65,0x6d,
0x6f,0x76,0x65,0x28,0x29,0x29,0x3b,0x0a,0x20,0x20,0x20,0x20,0x77,0x72,0x61,0x70,
0x2e,0x61,0x70,0x70,0x65,0x6e,0x64,0x43,0x68,0x69,0x6c,0x64,0x28,0x65,0x6c,0x29,
0x3b,0x0a,0x20,0x20,0x20,0x20,0x73,0x65,0x74,0x54,0x69,0x6d,0x65,0x6f,0x75,0x74,
0x28,0x28,0x29,0x20,0x3d,0x3e,0x20,0x65,0x6c,0x2e,0x72,0x65,0x6d,0x6f,0x76,0x65,
0x28,0x29,0x2c,0x20,0x32,0x30,0x30,0x30,0x30,0x29,0x3b,0x0a,0x20,0x20,0x7d,0x0a,
0x0a,0x20,0x20,0x61,0x73,0x79,0x6e,0x63,0x20,0x66,0x75,0x6e,0x63,0x74,0x69,0x6f,
0x6e,0x20,0x70,0x6f,0x6c,0x6c,0x43,0x6c,0x69,0x70,0x62,0x6f,0x61,0x72,0x64,0x28,
0x29,0x20,0x7b,0x0a,0x20,0x20,0x20,0x20,0x69,0x66,0x20,0x28,0x21,0x24,0x28,0x22,
0x63,0x6c,0x69,0x70,0x57,0x61,0x74,0x63,0x68,0x22,0x29,0x20,0x7c,0x7c,0x20,0x21,
0x24,0x28,0x22,0x63,0x6c,0x69,0x70,0x57,0x61,0x74,0x63,0x68,0x22,0x29,0x2e,0x63,
0x68,0x65,0x63,0x6b,0x65,0x64,0x29,0x20,0x72,0x65,0x74,0x75,0x72,0x6e,0x3b,0x0a,
0x20,0x20,0x20,0x20,0x69,0x66,0x20,0x28,0x64,0x6f,0x63,0x75,0x6d,0x65,0x6e,0x74,
0x2e,0x76,0x69,0x73,0x69,0x62,0x69,0x6c,0x69,0x74,0x79,0x53,0x74,0x61,0x74,0x65,
0x20,0x21,0x3d,0x3d,0x20,0x22,0x76,0x69,0x73,0x69,0x62,0x6c,0x65,0x22,0x29,0x20,
0x72,0x65,0x74,0x75,0x72,0x6e,0x3b,0x0a,0x20,0x20,0x20,0x20,0x74,0x72,0x79,0x20,
0x7b,0x0a,0x20,0x20,0x20,0x20,0x20,0x20,0x63,0x6f,0x6e,0x73,0x74,0x20,0x63,0x74,
0x72,0x6c,0x20,0x3d,0x20,0x6e,0x65,0x77,0x20,0x41,0x62,0x6f,0x72,0x74,0x43,0x6f,
0x6e,0x74,0x72,0x6f,0x6c,0x6c,0x65,0x72,0x28,0x29,0x3b,0x0a,0x20,0x20,0x20,0x20,
0x20,0x20,0x63,0x6f,0x6e,0x73,0x74,0x20,0x74,0x69,0x6d,0x65,0x72,0x20,0x3d,0x20,
0x73,0x65,0x74,0x54,0x69,0x6d,0x65,0x6f,0x75,0x74,0x28,0x28,0x29,0x20,0x3d,0x3e,
0x20,0x63,0x74,0x72,0x6c,0x2e,0x61,0x62,0x6f,0x72,0x74,0x28,0x29,0x2c,0x20,0x32,
0x35,0x30,0x30,0x29,0x3b,0x0a,0x20,0x20,0x20,0x20,0x20,0x20,0x63,0x6f,0x6e,0x73,
0x74,0x20,0x64,0x20,0x3d,0x20,0x61,0x77,0x61,0x69,0x74,0x20,0x66,0x65,0x74,0x63,
0x68,0x28,0x22,0x2f,0x61,0x70,0x69,0x2f,0x63,0x6c,0x69,0x70,0x62,0x6f,0x61,0x72,
0x64,0x22,0x2c,0x20,0x7b,0x20,0x73,0x69,0x67,0x6e,0x61,0x6c,0x3a,0x20,0x63,0x74,
0x72,0x6c,0x2e,0x73,0x69,0x67,0x6e,0x61,0x6c,0x20,0x7d,0x29,0x2e,0x74,0x68,0x65,
0x6e,0x28,0x28,0x72,0x29,0x20,0x3d,0x3e,0x20,0x72,0x2e,0x6a,0x73,0x6f,0x6e,0x28,
0x29,0x29,0x3b,0x0a,0x20,0x20,0x20,0x20,0x20,0x20,0x63,0x6c,0x65,0x61,0x72,0x54,
0x69,0x6d,0x65,0x6f,0x75,0x74,0x28,0x74,0x69,0x6d,0x65,0x72,0x29,0x3b,0x0a,0x20,
0x20,0x20,0x20,0x20,0x20,0x69,0x66,0x20,0x28,0x21,0x64,0x2e,0x6f,0x6b,0x20,0x7c,
0x7c,0x20,0x21,0x64,0x2e,0x74,0x65,0x78,0x74,0x29,0x20,0x72,0x65,0x74,0x75,0x72,
0x6e,0x3b,0x0a,0x20,0x20,0x20,0x20,0x20,0x20,0x63,0x6f,0x6e,0x73,0x74,0x20,0x74,
0x65,0x78,0x74,0x20,0x3d,0x20,0x64,0x2e,0x74,0x65,0x78,0x74,0x2e,0x74,0x72,0x69,
0x6d,0x28,0x29,0x3b,0x0a,0x20,0x20,0x20,0x20,0x20,0x20,0x69,0x66,0x20,0x28,0x21,
0x74,0x65,0x78,0x74,0x20,0x7c,0x7c,0x20,0x74,0x65,0x78,0x74,0x20,0x3d,0x3d,0x3d,
0x20,0x6c,0x61,0x73,0x74,0x43,0x6c,0x69,0x70,0x29,0x20,0x72,0x65,0x74,0x75,0x72,
0x6e,0x3b,0x0a,0x20,0x20,0x20,0x20,0x20,0x20,0x6c,0x61,0x73,0x74,0x43,0x6c,0x69,
0x70,0x20,0x3d,0x20,0x74,0x65,0x78,0x74,0x3b,0x0a,0x20,0x20,0x20,0x20,0x20,0x20,
0x69,0x66,0x20,0x28,0x74,0x65,0x78,0x74,0x20,0x3d,0x3d,0x3d,0x20,0x6c,0x61,0x73,
0x74,0x50,0x72,0x6f,0x6d,0x70,0x74,0x65,0x64,0x29,0x20,0x72,0x65,0x74,0x75,0x72,
0x6e,0x3b,0x0a,0x20,0x20,0x20,0x20,0x20,0x20,0x69,0x66,0x20,0x28,0x21,0x6c,0x6f,
0x6f,0x6b,0x73,0x4c,0x69,0x6b,0x65,0x45,0x72,0x72,0x6f,0x72,0x28,0x74,0x65,0x78,
0x74,0x29,0x29,0x20,0x72,0x65,0x74,0x75,0x72,0x6e,0x3b,0x0a,0x20,0x20,0x20,0x20,
0x20,0x20,0x6c,0x61,0x73,0x74,0x50,0x72,0x6f,0x6d,0x70,0x74,0x65,0x64,0x20,0x3d,
0x20,0x74,0x65,0x78,0x74,0x3b,0x0a,0x20,0x20,0x20,0x20,0x20,0x20,0x73,0x68,0x6f,
0x77,0x54,0x6f,0x61,0x73,0x74,0x28,0x22,0xf0,0x9f,0x93,0x8b,0x20,0xe5,0x89,0xaa,
0xe8,0xb4,0xb4,0xe6,0x9d,0xbf,0xe9,0x87,0x8c,0xe5,0xa5,0xbd,0xe5,0x83,0x8f,0xe6,
0x9c,0x89,0xe4,0xb8,0x80,0xe6,0x9d,0xa1,0xe6,0x8a,0xa5,0xe9,0x94,0x99,0xe6,0x8f,
0x90,0xe7,0xa4,0xba,0x22,0x2c,0x20,0x74,0x65,0x78,0x74,0x2c,0x20,0x28,0x29,0x20,
0x3d,0x3e,0x20,0x7b,0x0a,0x20,0x20,0x20,0x20,0x20,0x20,0x20,0x20,0x24,0x28,0x22,
0x70,0x61,0x73,0x74,0x65,0x49,0x6e,0x70,0x75,0x74,0x22,0x29,0x2e,0x76,0x61,0x6c,
0x75,0x65,0x20,0x3d,0x20,0x74,0x65,0x78,0x74,0x3b,0x0a,0x20,0x20,0x20,0x20,0x20,
0x20,0x20,0x20,0x64,0x6f,0x63,0x75,0x6d,0x65,0x6e,0x74,0x2e,0x71,0x75,0x65,0x72,
0x79,0x53,0x65,0x6c,0x65,0x63,0x74,0x6f,0x72,0x28,0x27,0x2e,0x74,0x61,0x62,0x5b,
0x64,0x61,0x74,0x61,0x2d,0x74,0x61,0x62,0x3d,0x22,0x70,0x61,0x73,0x74,0x65,0x22,
0x5d,0x27,0x29,0x2e,0x63,0x6c,0x69,0x63,0x6b,0x28,0x29,0x3b,0x0a,0x20,0x20,0x20,
0x20,0x20,0x20,0x20,0x20,0x72,0x75,0x6e,0x41,0x6e,0x61,0x6c,0x79,0x7a,0x65,0x28,
0x29,0x3b,0x0a,0x20,0x20,0x20,0x20,0x20,0x20,0x7d,0x29,0x3b,0x0a,0x20,0x20,0x20,
0x20,0x7d,0x20,0x63,0x61,0x74,0x63,0x68,0x20,0x28,0x65,0x29,0x20,0x7b,0x20,0x2f,
0x2a,0x20,0xe5,0xbf,0xbd,0xe7,0x95,0xa5,0x20,0x2a,0x2f,0x20,0x7d,0x0a,0x20,0x20,
0x7d,0x0a,0x0a,0x20,0x20,0x73,0x65,0x74,0x49,0x6e,0x74,0x65,0x72,0x76,0x61,0x6c,
0x28,0x70,0x6f,0x6c,0x6c,0x43,0x6c,0x69,0x70,0x62,0x6f,0x61,0x72,0x64,0x2c,0x20,
0x33,0x30,0x30,0x30,0x29,0x3b,0x0a,0x20,0x20,0x73,0x65,0x74,0x54,0x69,0x6d,0x65,
0x6f,0x75,0x74,0x28,0x70,0x6f,0x6c,0x6c,0x43,0x6c,0x69,0x70,0x62,0x6f,0x61,0x72,
0x64,0x2c,0x20,0x38,0x30,0x30,0x29,0x3b,0x0a,0x0a,0x20,0x20,0x2f,0x2a,0x20,0x2d,
0x2d,0x2d,0x2d,0x2d,0x2d,0x2d,0x2d,0x2d,0x2d,0x20,0xe5,0xa4,0x8d,0xe5,0x88,0xb6,
0xe6,0x8a,0xa5,0xe5,0x91,0x8a,0x20,0x2d,0x2d,0x2d,0x2d,0x2d,0x2d,0x2d,0x2d,0x2d,
0x2d,0x20,0x2a,0x2f,0x0a,0x20,0x20,0x66,0x75,0x6e,0x63,0x74,0x69,0x6f,0x6e,0x20,
0x62,0x75,0x69,0x6c,0x64,0x52,0x65,0x70,0x6f,0x72,0x74,0x54,0x65,0x78,0x74,0x28,
0x29,0x20,0x7b,0x0a,0x20,0x20,0x20,0x20,0x63,0x6f,0x6e,0x73,0x74,0x20,0x6c,0x69,
0x6e,0x65,0x73,0x20,0x3d,0x20,0x5b,0x22,0xe3,0x80,0x90,0x66,0x69,0x6c,0x65,0x6c,
0x6f,0x63,0x6b,0x20,0xe8,0xaf,0x8a,0xe6,0x96,0xad,0xe6,0x8a,0xa5,0xe5,0x91,0x8a,
0xe3,0x80,0x91,0x22,0x5d,0x3b,0x0a,0x20,0x20,0x20,0x20,0x63,0x6f,0x6e,0x73,0x74,
0x20,0x63,0x6f,0x6e,0x63,0x6c,0x20,0x3d,0x20,0x24,0x28,0x22,0x63,0x6f,0x6e,0x63,
0x6c,0x75,0x73,0x69,0x6f,0x6e,0x22,0x29,0x2e,0x74,0x65,0x78,0x74,0x43,0x6f,0x6e,
0x74,0x65,0x6e,0x74,0x2e,0x74,0x72,0x69,0x6d,0x28,0x29,0x3b,0x0a,0x20,0x20,0x20,
0x20,0x63,0x6f,0x6e,0x73,0x74,0x20,0x62,0x61,0x64,0x67,0x65,0x73,0x20,0x3d,0x20,
0x5b,0x2e,0x2e,0x2e,0x64,0x6f,0x63,0x75,0x6d,0x65,0x6e,0x74,0x2e,0x71,0x75,0x65,
0x72,0x79,0x53,0x65,0x6c,0x65,0x63,0x74,0x6f,0x72,0x41,0x6c,0x6c,0x28,0x22,0x23,
0x73,0x74,0x61,0x74,0x75,0x73,0x52,0x6f,0x77,0x20,0x2e,0x62,0x61,0x64,0x67,0x65,
0x22,0x29,0x5d,0x2e,0x6d,0x61,0x70,0x28,0x28,0x62,0x29,0x20,0x3d,0x3e,0x20,0x62,
0x2e,0x74,0x65,0x78,0x74,0x43,0x6f,0x6e,0x74,0x65,0x6e,0x74,0x2e,0x74,0x72,0x69,
0x6d,0x28,0x29,0x29,0x3b,0x0a,0x20,0x20,0x20,0x20,0x69,0x66,0x20,0x28,0x62,0x61,
0x64,0x67,0x65,0x73,0x2e,0x6c,0x65,0x6e,0x67,0x74,0x68,0x29,0x20,0x6c,0x69,0x6e,
0x65,0x73,0x2e,0x70,0x75,0x73,0x68,0x28,0x22,0xe7,0x8a,0xb6,0xe6,0x80,0x81,0x3a,
0x20,0x22,0x20,0x2b,0x20,0x62,0x61,0x64,0x67,0x65,0x73,0x2e,0x6a,0x6f,0x69,0x6e,
0x28,0x22,0x20,0x7c,0x20,0x22,0x29,0x29,0x3b,0x0a,0x0a,0x20,0x20,0x20,0x20,0x63,
0x6f,0x6e,0x73,0x74,0x20,0x6c,0x6f,0x63,0x6b,0x65,0x72,0x73,0x20,0x3d,0x20,0x5b,
0x2e,0x2e,0x2e,0x64,0x6f,0x63,0x75,0x6d,0x65,0x6e,0x74,0x2e,0x71,0x75,0x65,0x72,
0x79,0x53,0x65,0x6c,0x65,0x63,0x74,0x6f,0x72,0x41,0x6c,0x6c,0x28,0x22,0x23,0x6c,
0x6f,0x63,0x6b,0x65,0x72,0x42,0x6f,0x64,0x79,0x20,0x74,0x72,0x22,0x29,0x5d,0x3b,
0x0a,0x20,0x20,0x20,0x20,0x69,0x66,0x20,0x28,0x6c,0x6f,0x63,0x6b,0x65,0x72,0x73,
0x2e,0x6c,0x65,0x6e,0x67,0x74,0x68,0x20,0x26,0x26,0x20,0x21,0x24,0x28,0x22,0x6c,
0x6f,0x63,0x6b,0x65,0x72,0x42,0x6c,0x6f,0x63,0x6b,0x22,0x29,0x2e,0x63,0x6c,0x61,
0x73,0x73,0x4c,0x69,0x73,0x74,0x2e,0x63,0x6f,0x6e,0x74,0x61,0x69,0x6e,0x73,0x28,
0x22,0x68,0x69,0x64,0x64,0x65,0x6e,0x22,0x29,0x29,0x20,0x7b,0x0a,0x20,0x20,0x20,
0x20,0x20,0x20,0x6c,0x69,0x6e,0x65,0x73,0x2e,0x70,0x75,0x73,0x68,0x28,0x22,0x22,
0x2c,0x20,0x22,0xe5,0x8d,0xa0,0xe7,0x94,0xa8,0xe8,0xbf,0x9b,0xe7,0xa8,0x8b,0x3a,
0x22,0x29,0x3b,0x0a,0x20,0x20,0x20,0x20,0x20,0x20,0x6c,0x6f,0x63,0x6b,0x65,0x72,
0x73,0x2e,0x66,0x6f,0x72,0x45,0x61,0x63,0x68,0x28,0x28,0x74,0x72,0x29,0x20,0x3d,
0x3e,0x20,0x7b,0x0a,0x20,0x20,0x20,0x20,0x20,0x20,0x20,0x20,0x63,0x6f,0x6e,0x73,
0x74,0x20,0x74,0x64,0x20,0x3d,0x20,0x74,0x72,0x2e,0x71,0x75,0x65,0x72,0x79,0x53,
0x65,0x6c,0x65,0x63,0x74,0x6f,0x72,0x41,0x6c,0x6c,0x28,0x22,0x74,0x64,0x22,0x29,
0x3b,0x0a,0x20,0x20,0x20,0x20,0x20,0x20,0x20,0x20,0x6c,0x69,0x6e,0x65,0x73,0x2e,
0x70,0x75,0x73,0x68,0x28,0x22,0x20,0x20,0x2d,0x20,0x50,0x49,0x44,0x20,0x22,0x20,
0x2b,0x20,0x74,0x64,0x5b,0x30,0x5d,0x2e,0x74,0x65,0x78,0x74,0x43,0x6f,0x6e,0x74,
0x65,0x6e,0x74,0x2e,0x74,0x72,0x69,0x6d,0x28,0x29,0x20,0x2b,0x20,0x22,0x20,0x20,
0x22,0x20,0x2b,0x20,0x74,0x64,0x5b,0x31,0x5d,0x2e,0x74,0x65,0x78,0x74,0x43,0x6f,
0x6e,0x74,0x65,0x6e,0x74,0x2e,0x74,0x72,0x69,0x6d,0x28,0x29,0x20,0x2b,0x0a,0x20,
0x20,0x20,0x20,0x20,0x20,0x20,0x20,0x20,0x20,0x20,0x20,0x20,0x20,0x20,0x20,0x20,
0x20,0x20,0x28,0x74,0x64,0x5b,0x32,0x5d,0x2e,0x74,0x65,0x78,0x74,0x43,0x6f,0x6e,
0x74,0x65,0x6e,0x74,0x2e,0x74,0x72,0x69,0x6d,0x28,0x29,0x20,0x3f,0x20,0x22,0x20,
0x20,0x28,0x22,0x20,0x2b,0x20,0x74,0x64,0x5b,0x32,0x5d,0x2e,0x74,0x65,0x78,0x74,
0x43,0x6f,0x6e,0x74,0x65,0x6e,0x74,0x2e,0x74,0x72,0x69,0x6d,0x28,0x29,0x20,0x2b,
0x20,0x22,0x29,0x22,0x20,0x3a,0x20,0x22,0x22,0x29,0x29,0x3b,0x0a,0x20,0x20,0x20,
0x20,0x20,0x20,0x7d,0x29,0x3b,0x0a,0x20,0x20,0x20,0x20,0x7d,0x0a,0x20,0x20,0x20,
0x20,0x63,0x6f,0x6e,0x73,0x74,0x20,0x72,0x65,0x61,0x73,0x6f,0x6e,0x4c,0x69,0x73,
0x20,0x3d,0x20,0x5b,0x2e,0x2e,0x2e,0x64,0x6f,0x63,0x75,0x6d,0x65,0x6e,0x74,0x2e,
0x71,0x75,0x65,0x72,0x79,0x53,0x65,0x6c,0x65,0x63,0x74,0x6f,0x72,0x41,0x6c,0x6c,
0x28,0x22,0x23,0x72,0x65,0x61,0x73,0x6f,0x6e,0x4c,0x69,0x73,0x74,0x20,0x6c,0x69,
0x22,0x29,0x5d,0x3b,0x0a,0x20,0x20,0x20,0x20,0x69,0x66,0x20,0x28,0x72,0x65,0x61,
0x73,0x6f,0x6e,0x4c,0x69,0x73,0x2e,0x6c,0x65,0x6e,0x67,0x74,0x68,0x20,0x26,0x26,
0x20,0x21,0x24,0x28,0x22,0x72,0x65,0x61,0x73,0x6f,0x6e,0x42,0x6c,0x6f,0x63,0x6b,
0x22,0x29,0x2e,0x63,0x6c,0x61,0x73,0x73,0x4c,0x69,0x73,0x74,0x2e,0x63,0x6f,0x6e,
0x74,0x61,0x69,0x6e,0x73,0x28,0x22,0x68,0x69,0x64,0x64,0x65,0x6e,0x22,0x29,0x29,
0x20,0x7b,0x0a,0x20,0x20,0x20,0x20,0x20,0x20,0x6c,0x69,0x6e,0x65,0x73,0x2e,0x70,
0x75,0x73,0x68,0x28,0x22,0x22,0x2c,0x20,0x22,0xe5,0x8e,0x9f,0xe5,0x9b,0xa0,0xe5,
0x88,0x86,0xe6,0x9e,0x90,0x3a,0x22,0x29,0x3b,0x0a,0x20,0x20,0x20,0x20,0x20,0x20,
0x72,0x65,0x61,0x73,0x6f,0x6e,0x4c,0x69,0x73,0x2e,0x66,0x6f,0x72,0x45,0x61,0x63,
0x68,0x28,0x28,0x6c,0x69,0x2c,0x20,0x69,0x29,0x20,0x3d,0x3e,0x20,0x6c,0x69,0x6e,
0x65,0x73,0x2e,0x70,0x75,0x73,0x68,0x28,0x22,0x20,0x20,0x22,0x20,0x2b,0x20,0x28,
0x69,0x20,0x2b,0x20,0x31,0x29,0x20,0x2b,0x20,0x22,0x2e,0x20,0x22,0x20,0x2b,0x20,
0x6c,0x69,0x2e,0x74,0x65,0x78,0x74,0x43,0x6f,0x6e,0x74,0x65,0x6e,0x74,0x2e,0x74,
0x72,0x69,0x6d,0x28,0x29,0x29,0x29,0x3b,0x0a,0x20,0x20,0x20,0x20,0x7d,0x0a,0x20,
0x20,0x20,0x20,0x63,0x6f,0x6e,0x73,0x74,0x20,0x66,0x69,0x78,0x4c,0x69,0x73,0x20,
0x3d,0x20,0x5b,0x2e,0x2e,0x2e,0x64,0x6f,0x63,0x75,0x6d,0x65,0x6e,0x74,0x2e,0x71,
0x75,0x65,0x72,0x79,0x53,0x65,0x6c,0x65,0x63,0x74,0x6f,0x72,0x41,0x6c,0x6c,0x28,
0x22,0x23,0x66,0x69,0x78,0x4c,0x69,0x73,0x74,0x20,0x6c,0x69,0x22,0x29,0x5d,0x3b,
0x0a,0x20,0x20,0x20,0x20,0x69,0x66,0x20,0x28,0x66,0x69,0x78,0x4c,0x69,0x73,0x2e,
0x6c,0x65,0x6e,0x67,0x74,0x68,0x20,0x26,0x26,0x20,0x21,0x24,0x28,0x22,0x66,0x69,
0x78,0x42,0x6c,0x6f,0x63,0x6b,0x22,0x29,0x2e,0x63,0x6c,0x61,0x73,0x73,0x4c,0x69,
0x73,0x74,0x2e,0x63,0x6f,0x6e,0x74,0x61,0x69,0x6e,0x73,0x28,0x22,0x68,0x69,0x64,
0x64,0x65,0x6e,0x22,0x29,0x29,0x20,0x7b,0x0a,0x20,0x20,0x20,0x20,0x20,0x20,0x6c,
0x69,0x6e,0x65,0x73,0x2e,0x70,0x75,0x73,0x68,0x28,0x22,0x22,0x2c,0x20,0x22,0xe8,
0xa7,0xa3,0xe5,0x86,0xb3,0xe5,0x8a,0x9e,0xe6,0xb3,0x95,0x3a,0x22,0x29,0x3b,0x0a,
0x20,0x20,0x20,0x20,0x20,0x20,0x66,0x69,0x78,0x4c,0x69,0x73,0x2e,0x66,0x6f,0x72,
0x45,0x61,0x63,0x68,0x28,0x28,0x6c,0x69,0x2c,0x20,0x69,0x29,0x20,0x3d,0x3e,0x20,
0x6c,0x69,0x6e,0x65,0x73,0x2e,0x70,0x75,0x73,0x68,0x28,0x22,0x20,0x20,0x22,0x20,
0x2b,0x20,0x28,0x69,0x20,0x2b,0x20,0x31,0x29,0x20,0x2b,0x20,0x22,0x2e,0x20,0x22,
0x20,0x2b,0x20,0x6c,0x69,0x2e,0x74,0x65,0x78,0x74,0x43,0x6f,0x6e,0x74,0x65,0x6e,
0x74,0x2e,0x74,0x72,0x69,0x6d,0x28,0x29,0x29,0x29,0x3b,0x0a,0x20,0x20,0x20,0x20,
0x7d,0x0a,0x20,0x20,0x20,0x20,0x69,0x66,0x20,0x28,0x63,0x6f,0x6e,0x63,0x6c,0x29,
0x20,0x6c,0x69,0x6e,0x65,0x73,0x2e,0x70,0x75,0x73,0x68,0x28,0x22,0x22,0x2c,0x20,
0x22,0xe7,0xbb,0x93,0xe8,0xae,0xba,0x3a,0x20,0x22,0x20,0x2b,0x20,0x63,0x6f,0x6e,
0x63,0x6c,0x29,0x3b,0x0a,0x20,0x20,0x20,0x20,0x72,0x65,0x74,0x75,0x72,0x6e,0x20,
0x6c,0x69,0x6e,0x65,0x73,0x2e,0x6a,0x6f,0x69,0x6e,0x28,0x22,0x5c,0x6e,0x22,0x29,
0x3b,0x0a,0x20,0x20,0x7d,0x0a,0x0a,0x20,0x20,0x2f,0x2a,0x20,0x2d,0x2d,0x2d,0x2d,
0x2d,0x2d,0x2d,0x2d,0x2d,0x2d,0x20,0xe5,0xaf,0xbc,0xe5,0x87,0xba,0x20,0x4d,0x61,
0x72,0x6b,0x64,0x6f,0x77,0x6e,0x20,0xe6,0x8a,0xa5,0xe5,0x91,0x8a,0xef,0xbc,0x88,
0xe6,0x96,0xb9,0xe4,0xbe,0xbf,0xe5,0xbd,0x92,0xe6,0xa1,0xa3,0x20,0x2f,0x20,0xe5,
0x8f,0x91,0xe7,0xbb,0x99,0xe5,0x90,0x8c,0xe4,0xba,0x8b,0xef,0xbc,0x89,0x20,0x2d,
0x2d,0x2d,0x2d,0x2d,0x2d,0x2d,0x2d,0x2d,0x2d,0x20,0x2a,0x2f,0x0a,0x20,0x20,0x66,
0x75,0x6e,0x63,0x74,0x69,0x6f,0x6e,0x20,0x62,0x75,0x69,0x6c,0x64,0x52,0x65,0x70,
0x6f,0x72,0x74,0x4d,0x61,0x72,0x6b,0x64,0x6f,0x77,0x6e,0x28,0x29,0x20,0x7b,0x0a,
0x20,0x20,0x20,0x20,0x63,0x6f,0x6e,0x73,0x74,0x20,0x74,0x69,0x74,0x6c,0x65,0x20,
0x3d,0x20,0x24,0x28,0x22,0x72,0x65,0x73,0x75,0x6c,0x74,0x54,0x69,0x74,0x6c,0x65,
0x22,0x29,0x2e,0x74,0x65,0x78,0x74,0x43,0x6f,0x6e,0x74,0x65,0x6e,0x74,0x2e,0x74,
0x72,0x69,0x6d,0x28,0x29,0x20,0x7c,0x7c,0x20,0x22,0xe8,0xaf,0x8a,0xe6,0x96,0xad,
0xe7,0xbb,0x93,0xe6,0x9e,0x9c,0x22,0x3b,0x0a,0x20,0x20,0x20,0x20,0x6c,0x65,0x74,
0x20,0x6d,0x64,0x20,0x3d,0x20,0x22,0x23,0x20,0x66,0x69,0x6c,0x65,0x6c,0x6f,0x63,
0x6b,0x20,0x22,0x20,0x2b,0x20,0x74,0x69,0x74,0x6c,0x65,0x20,0x2b,0x20,0x22,0x5c,
0x6e,0x5c,0x6e,0x22,0x3b,0x0a,0x20,0x20,0x20,0x20,0x63,0x6f,0x6e,0x73,0x74,0x20,
0x70,0x61,0x74,0x68,0x20,0x3d,0x20,0x24,0x28,0x22,0x70,0x61,0x74,0x68,0x49,0x6e,
0x70,0x75,0x74,0x22,0x29,0x2e,0x76,0x61,0x6c,0x75,0x65,0x2e,0x74,0x72,0x69,0x6d,
0x28,0x29,0x3b,0x0a,0x20,0x20,0x20,0x20,0x69,0x66,0x20,0x28,0x70,0x61,0x74,0x68,
0x29,0x20,0x6d,0x64,0x20,0x2b,0x3d,0x20,0x22,0x2a,0x2a,0xe7,0x9b,0xae,0xe6,0xa0,
0x87,0xe8,0xb7,0xaf,0xe5,0xbe,0x84,0x2a,0x2a,0x3a,0x20,0x60,0x22,0x20,0x2b,0x20,
0x70,0x61,0x74,0x68,0x20,0x2b,0x20,0x22,0x60,0x5c,0x6e,0x5c,0x6e,0x22,0x3b,0x0a,
0x20,0x20,0x20,0x20,0x63,0x6f,0x6e,0x73,0x74,0x20,0x62,0x61,0x64,0x67,0x65,0x73,
0x20,0x3d,0x20,0x5b,0x2e,0x2e,0x2e,0x64,0x6f,0x63,0x75,0x6d,0x65,0x6e,0x74,0x2e,
0x71,0x75,0x65,0x72,0x79,0x53,0x65,0x6c,0x65,0x63,0x74,0x6f,0x72,0x41,0x6c,0x6c,
0x28,0x22,0x23,0x73,0x74,0x61,0x74,0x75,0x73,0x52,0x6f,0x77,0x20,0x2e,0x62,0x61,
0x64,0x67,0x65,0x22,0x29,0x5d,0x2e,0x6d,0x61,0x70,0x28,0x28,0x62,0x29,0x20,0x3d,
0x3e,0x20,0x62,0x2e,0x74,0x65,0x78,0x74,0x43,0x6f,0x6e,0x74,0x65,0x6e,0x74,0x2e,
0x74,0x72,0x69,0x6d,0x28,0x29,0x29,0x3b,0x0a,0x20,0x20,0x20,0x20,0x69,0x66,0x20,
0x28,0x62,0x61,0x64,0x67,0x65,0x73,0x2e,0x6c,0x65,0x6e,0x67,0x74,0x68,0x29,0x20,
0x6d,0x64,0x20,0x2b,0x3d,0x20,0x22,0x2a,0x2a,0xe7,0x8a,0xb6,0xe6,0x80,0x81,0x2a,
0x2a,0x3a,0x20,0x22,0x20,0x2b,0x20,0x62,0x61,0x64,0x67,0x65,0x73,0x2e,0x6a,0x6f,
0x69,0x6e,0x28,0x22,0x20,0x7c,0x20,0x22,0x29,0x20,0x2b,0x20,0x22,0x5c,0x6e,0x5c,
0x6e,0x22,0x3b,0x0a,0x0a,0x20,0x20,0x20,0x20,0x63,0x6f,0x6e,0x73,0x74,0x20,0x72,
0x6f,0x77,0x73,0x20,0x3d,0x20,0x5b,0x2e,0x2e,0x2e,0x64,0x6f,0x63,0x75,0x6d,0x65,
0x6e,0x74,0x2e,0x71,0x75,0x65,0x72,0x79,0x53,0x65,0x6c,0x65,0x63,0x74,0x6f,0x72,
0x41,0x6c,0x6c,0x28,0x22,0x23,0x6c,0x6f,0x63,0x6b,0x65,0x72,0x42,0x6f,0x64,0x79,
0x20,0x74,0x72,0x22,0x29,0x5d,0x0a,0x20,0x20,0x20,0x20,0x20,0x20,0x2e,0x66,0x69,
0x6c,0x74,0x65,0x72,0x28,0x28,0x74,0x72,0x29,0x20,0x3d,0x3e,0x20,0x21,0x24,0x28,
0x22,0x6c,0x6f,0x63,0x6b,0x65,0x72,0x42,0x6c,0x6f,0x63,0x6b,0x22,0x29,0x2e,0x63,
0x6c,0x61,0x73,0x73,0x4c,0x69,0x73,0x74,0x2e,0x63,0x6f,0x6e,0x74,0x61,0x69,0x6e,
0x73,0x28,0x22,0x68,0x69,0x64,0x64,0x65,0x6e,0x22,0x29,0x29,0x3b,0x0a,0x20,0x20,
0x20,0x20,0x69,0x66,0x20,0x28,0x72,0x6f,0x77,0x73,0x2e,0x6c,0x65,0x6e,0x67,0x74,
0x68,0x29,0x20,0x7b,0x0a,0x20,0x20,0x20,0x20,0x20,0x20,0x6d,0x64,0x20,0x2b,0x3d,
0x20,0x22,0x23,0x23,0x20,0xf0,0x9f,0x94,0x92,0x20,0xe5,0x8d,0xa0,0xe7,0x94,0xa8,
0xe8,0xbf,0x9b,0xe7,0xa8,0x8b,0x5c,0x6e,0x5c,0x6e,0x7c,0x20,0x50,0x49,0x44,0x20,
0x7c,0x20,0xe8,0xbf,0x9b,0xe7,0xa8,0x8b,0xe5,0x90,0x8d,0x20,0x7c,0x20,0xe8,0xaf,
0xa6,0xe6,0x83,0x85,0x20,0x7c,0x5c,0x6e,0x7c,0x2d,0x2d,0x2d,0x7c,0x2d,0x2d,0x2d,
0x7c,0x2d,0x2d,0x2d,0x7c,0x5c,0x6e,0x22,0x3b,0x0a,0x20,0x20,0x20,0x20,0x20,0x20,
0x72,0x6f,0x77,0x73,0x2e,0x66,0x6f,0x72,0x45,0x61,0x63,0x68,0x28,0x28,0x74,0x72,
0x29,0x20,0x3d,0x3e,0x20,0x7b,0x0a,0x20,0x20,0x20,0x20,0x20,0x20,0x20,0x20,0x63,
0x6f,0x6e,0x73,0x74,0x20,0x74,0x64,0x20,0x3d,0x20,0x74,0x72,0x2e,0x71,0x75,0x65,
0x72,0x79,0x53,0x65,0x6c,0x65,0x63,0x74,0x6f,0x72,0x41,0x6c,0x6c,0x28,0x22,0x74,
0x64,0x22,0x29,0x3b,0x0a,0x20,0x20,0x20,0x20,0x20,0x20,0x20,0x20,0x6d,0x64,0x20,
0x2b,0x3d,0x20,0x22,0x7c,0x20,0x22,0x20,0x2b,0x20,0x74,0x64,0x5b,0x30,0x5d,0x2e,
0x74,0x65,0x78,0x74,0x43,0x6f,0x6e,0x74,0x65,0x6e,0x74,0x2e,0x74,0x72,0x69,0x6d,
0x28,0x29,0x20,0x2b,0x20,0x22,0x20,0x7c,0x20,0x22,0x20,0x2b,0x20,0x74,0x64,0x5b,
0x31,0x5d,0x2e,0x74,0x65,0x78,0x74,0x43,0x6f,0x6e,0x74,0x65,0x6e,0x74,0x2e,0x74,
0x72,0x69,0x6d,0x28,0x29,0x20,0x2b,0x0a,0x20,0x20,0x20,0x20,0x20,0x20,0x20,0x20,
0x20,0x20,0x20,0x20,0x20,0x20,0x22,0x20,0x7c,0x20,0x22,0x20,0x2b,0x20,0x74,0x64,
0x5b,0x32,0x5d,0x2e,0x74,0x65,0x78,0x74,0x43,0x6f,0x6e,0x74,0x65,0x6e,0x74,0x2e,
0x74,0x72,0x69,0x6d,0x28,0x29,0x20,0x2b,0x20,0x22,0x20,0x7c,0x5c,0x6e,0x22,0x3b,
0x0a,0x20,0x20,0x20,0x20,0x20,0x20,0x7d,0x29,0x3b,0x0a,0x20,0x20,0x20,0x20,0x20,
0x20,0x6d,0x64,0x20,0x2b,0x3d,0x20,0x22,0x5c,0x6e,0x22,0x3b,0x0a,0x20,0x20,0x20,
0x20,0x7d,0x0a,0x20,0x20,0x20,0x20,0x63,0x6f,0x6e,0x73,0x74,0x20,0x67,0x72,0x61,
0x62,0x20,0x3d,0x20,0x28,0x62,0x6c,0x6f,0x63,0x6b,0x49,0x64,0x2c,0x20,0x6c,0x69,
0x73,0x74,0x49,0x64,0x29,0x20,0x3d,0x3e,0x0a,0x20,0x20,0x20,0x20,0x20,0x20,0x5b,
0x2e,0x2e,0x2e,0x64,0x6f,0x63,0x75,0x6d,0x65,0x6e,0x74,0x2e,0x71,0x75,0x65,0x72,
0x79,0x53,0x65,0x6c,0x65,0x63,0x74,0x6f,0x72,0x41,0x6c,0x6c,0x28,0x22,0x23,0x22,
0x20,0x2b,0x20,0x6c,0x69,0x73,0x74,0x49,0x64,0x20,0x2b,0x20,0x22,0x20,0x6c,0x69,
0x22,0x29,0x5d,0x0a,0x20,0x20,0x20,0x20,0x20,0x20,0x20,0x20,0x2e,0x66,0x69,0x6c,
0x74,0x65,0x72,0x28,0x28,0x29,0x20,0x3d,0x3e,0x20,0x21,0x24,0x28,0x62,0x6c,0x6f,
0x63,0x6b,0x49,0x64,0x29,0x2e,0x63,0x6c,0x61,0x73,0x73,0x4c,0x69,0x73,0x74,0x2e,
0x63,0x6f,0x6e,0x74,0x61,0x69,0x6e,0x73,0x28,0x22,0x68,0x69,0x64,0x64,0x65,0x6e,
0x22,0x29,0x29,0x0a,0x20,0x20,0x20,0x20,0x20,0x20,0x20,0x20,0x2e,0x6d,0x61,0x70,
0x28,0x28,0x6c,0x69,0x29,0x20,0x3d,0x3e,0x20,0x6c,0x69,0x2e,0x74,0x65,0x78,0x74,
0x43,0x6f,0x6e,0x74,0x65,0x6e,0x74,0x2e,0x74,0x72,0x69,0x6d,0x28,0x29,0x29,0x3b,
0x0a,0x20,0x20,0x20,0x20,0x63,0x6f,0x6e,0x73,0x74,0x20,0x72,0x65,0x61,0x73,0x6f,
0x6e,0x73,0x20,0x3d,0x20,0x67,0x72,0x61,0x62,0x28,0x22,0x72,0x65,0x61,0x73,0x6f,
0x6e,0x42,0x6c,0x6f,0x63,0x6b,0x22,0x2c,0x20,0x22,0x72,0x65,0x61,0x73,0x6f,0x6e,
0x4c,0x69,0x73,0x74,0x22,0x29,0x3b,0x0a,0x20,0x20,0x20,0x20,0x69,0x66,0x20,0x28,
0x72,0x65,0x61,0x73,0x6f,0x6e,0x73,0x2e,0x6c,0x65,0x6e,0x67,0x74,0x68,0x29,0x20,
0x6d,0x64,0x20,0x2b,0x3d,0x20,0x22,0x23,0x23,0x20,0xf0,0x9f,0x94,0x8d,0x20,0xe5,
0x8e,0x9f,0xe5,0x9b,0xa0,0xe5,0x88,0x86,0xe6,0x9e,0x90,0x5c,0x6e,0x5c,0x6e,0x22,
0x20,0x2b,0x20,0x72,0x65,0x61,0x73,0x6f,0x6e,0x73,0x2e,0x6d,0x61,0x70,0x28,0x28,
0x72,0x29,0x20,0x3d,0x3e,0x20,0x22,0x2d,0x20,0x22,0x20,0x2b,0x20,0x72,0x29,0x2e,
0x6a,0x6f,0x69,0x6e,0x28,0x22,0x5c,0x6e,0x22,0x29,0x20,0x2b,0x20,0x22,0x5c,0x6e,
0x5c,0x6e,0x22,0x3b,0x0a,0x20,0x20,0x20,0x20,0x63,0x6f,0x6e,0x73,0x74,0x20,0x66,
0x69,0x78,0x65,0x73,0x20,0x3d,0x20,0x67,0x72,0x61,0x62,0x28,0x22,0x66,0x69,0x78,
0x42,0x6c,0x6f,0x63,0x6b,0x22,0x2c,0x20,0x22,0x66,0x69,0x78,0x4c,0x69,0x73,0x74,
0x22,0x29,0x3b,0x0a,0x20,0x20,0x20,0x20,0x69,0x66,0x20,0x28,0x66,0x69,0x78,0x65,
0x73,0x2e,0x6c,0x65,0x6e,0x67,0x74,0x68,0x29,0x20,0x6d,0x64,0x20,0x2b,0x3d,0x20,
0x22,0x23,0x23,0x20,0xf0,0x9f,0x9b,0xa0,0x20,0xe8,0xa7,0xa3,0xe5,0x86,0xb3,0xe5,
0x8a,0x9e,0xe6,0xb3,0x95,0x5c,0x6e,0x5c,0x6e,0x22,0x20,0x2b,0x20,0x66,0x69,0x78,
0x65,0x73,0x2e,0x6d,0x61,0x70,0x28,0x28,0x66,0x2c,0x20,0x69,0x29,0x20,0x3d,0x3e,
0x20,0x28,0x69,0x20,0x2b,0x20,0x31,0x29,0x20,0x2b,0x20,0x22,0x2e,0x20,0x22,0x20,
0x2b,0x20,0x66,0x29,0x2e,0x6a,0x6f,0x69,0x6e,0x28,0x22,0x5c,0x6e,0x22,0x29,0x20,
0x2b,0x20,0x22,0x5c,0x6e,0x5c,0x6e,0x22,0x3b,0x0a,0x20,0x20,0x20,0x20,0x63,0x6f,
0x6e,0x73,0x74,0x20,0x63,0x6f,0x6e,0x63,0x6c,0x20,0x3d,0x20,0x24,0x28,0x22,0x63,
0x6f,0x6e,0x63,0x6c,0x75,0x73,0x69,0x6f,0x6e,0x22,0x29,0x2e,0x74,0x65,0x78,0x74,
0x43,0x6f,0x6e,0x74,0x65,0x6e,0x74,0x2e,0x74,0x72,0x69,0x6d,0x28,0x29,0x3b,0x0a,
0x20,0x20,0x20,0x20,0x69,0x66,0x20,0x28,0x63,0x6f,0x6e,0x63,0x6c,0x29,0x20,0x6d,
0x64,0x20,0x2b,0x3d,0x20,0x22,0x2a,0x2a,0xe7,0xbb,0x93,0xe8,0xae,0xba,0x2a,0x2a,
0x3a,0x20,0x22,0x20,0x2b,0x20,0x63,0x6f,0x6e,0x63,0x6c,0x20,0x2b,0x20,0x22,0x5c,
0x6e,0x22,0x3b,0x0a,0x20,0x20,0x20,0x20,0x6d,0x64,0x20,0x2b,0x3d,0x20,0x22,0x5c,
0x6e,0x3e,0x20,0xe7,0x94,0xb1,0x20,0x66,0x69,0x6c,0x65,0x6c,0x6f,0x63,0x6b,0x20,
0xe6,0x9c,0xac,0xe5,0x9c,0xb0,0xe7,0x94,0x9f,0xe6,0x88,0x90,0x20,0xc2,0xb7,0x20,
0x22,0x20,0x2b,0x20,0x6e,0x65,0x77,0x20,0x44,0x61,0x74,0x65,0x28,0x29,0x2e,0x74,
0x6f,0x4c,0x6f,0x63,0x61,0x6c,0x65,0x53,0x74,0x72,0x69,0x6e,0x67,0x28,0x29,0x20,
0x2b,0x20,0x22,0x5c,0x6e,0x22,0x3b,0x0a,0x20,0x20,0x20,0x20,0x72,0x65,0x74,0x75,
0x72,0x6e,0x20,0x6d,0x64,0x3b,0x0a,0x20,0x20,0x7d,0x0a,0x0a,0x20,0x20,0x66,0x75,
0x6e,0x63,0x74,0x69,0x6f,0x6e,0x20,0x65,0x78,0x70,0x6f,0x72,0x74,0x52,0x65,0x70,
0x6f,0x72,0x74,0x4d,0x61,0x72,0x6b,0x64,0x6f,0x77,0x6e,0x28,0x29,0x20,0x7b,0x0a,
0x20,0x20,0x20,0x20,0x63,0x6f,0x6e,0x73,0x74,0x20,0x62,0x6c,0x6f,0x62,0x20,0x3d,
0x20,0x6e,0x65,0x77,0x20,0x42,0x6c,0x6f,0x62,0x28,0x5b,0x62,0x75,0x69,0x6c,0x64,
0x52,0x65,0x70,0x6f,0x72,0x74,0x4d,0x61,0x72,0x6b,0x64,0x6f,0x77,0x6e,0x28,0x29,
0x5d,0x2c,0x20,0x7b,0x20,0x74,0x79,0x70,0x65,0x3a,0x20,0x22,0x74,0x65,0x78,0x74,
0x2f,0x6d,0x61,0x72,0x6b,0x64,0x6f,0x77,0x6e,0x3b,0x63,0x68,0x61,0x72,0x73,0x65,
0x74,0x3d,0x75,0x74,0x66,0x2d,0x38,0x22,0x20,0x7d,0x29,0x3b,0x0a,0x20,0x20,0x20,
0x20,0x63,0x6f,0x6e,0x73,0x74,0x20,0x75,0x72,0x6c,0x20,0x3d,0x20,0x55,0x52,0x4c,
0x2e,0x63,0x72,0x65,0x61,0x74,0x65,0x4f,0x62,0x6a,0x65,0x63,0x74,0x55,0x52,0x4c,
0x28,0x62,0x6c,0x6f,0x62,0x29,0x3b,0x0a,0x20,0x20,0x20,0x20,0x63,0x6f,0x6e,0x73,
0x74,0x20,0x61,0x20,0x3d,0x20,0x64,0x6f,0x63,0x75,0x6d,0x65,0x6e,0x74,0x2e,0x63,
0x72,0x65,0x61,0x74,0x65,0x45,0x6c,0x65,0x6d,0x65,0x6e,0x74,0x28,0x22,0x61,0x22,
0x29,0x3b,0x0a,0x20,0x20,0x20,0x20,0x61,0x2e,0x68,0x72,0x65,0x66,0x20,0x3d,0x20,
0x75,0x72,0x6c,0x3b,0x0a,0x20,0x20,0x20,0x20,0x61,0x2e,0x64,0x6f,0x77,0x6e,0x6c,
0x6f,0x61,0x64,0x20,0x3d,0x20,0x22,0x66,0x69,0x6c,0x65,0x6c,0x6f,0x63,0x6b,0x5f,
0x72,0x65,0x70,0x6f,0x72,0x74,0x5f,0x22,0x20,0x2b,0x20,0x44,0x61,0x74,0x65,0x2e,
0x6e,0x6f,0x77,0x28,0x29,0x20,0x2b,0x20,0x22,0x2e,0x6d,0x64,0x22,0x3b,0x0a,0x20,
0x20,0x20,0x20,0x64,0x6f,0x63,0x75,0x6d,0x65,0x6e,0x74,0x2e,0x62,0x6f,0x64,0x79,
0x2e,0x61,0x70,0x70,0x65,0x6e,0x64,0x43,0x68,0x69,0x6c,0x64,0x28,0x61,0x29,0x3b,
0x0a,0x20,0x20,0x20,0x20,0x61,0x2e,0x63,0x6c,0x69,0x63,0x6b,0x28,0x29,0x3b,0x0a,
0x20,0x20,0x20,0x20,0x61,0x2e,0x72,0x65,0x6d,0x6f,0x76,0x65,0x28,0x29,0x3b,0x0a,
0x20,0x20,0x20,0x20,0x55,0x52,0x4c,0x2e,0x72,0x65,0x76,0x6f,0x6b,0x65,0x4f,0x62,
0x6a,0x65,0x63,0x74,0x55,0x52,0x4c,0x28,0x75,0x72,0x6c,0x29,0x3b,0x0a,0x20,0x20,
0x7d,0x0a,0x0a,0x20,0x20,0x24,0x28,0x22,0x63,0x6f,0x70,0x79,0x52,0x65,0x70,0x6f,
0x72,0x74,0x22,0x29,0x2e,0x61,0x64,0x64,0x45,0x76,0x65,0x6e,0x74,0x4c,0x69,0x73,
0x74,0x65,0x6e,0x65,0x72,0x28,0x22,0x63,0x6c,0x69,0x63,0x6b,0x22,0x2c,0x20,0x61,
0x73,0x79,0x6e,0x63,0x20,0x28,0x29,0x20,0x3d,0x3e,0x20,0x7b,0x0a,0x20,0x20,0x20,
0x20,0x63,0x6f,0x6e,0x73,0x74,0x20,0x74,0x65,0x78,0x74,0x20,0x3d,0x20,0x62,0x75,
0x69,0x6c,0x64,0x52,0x65,0x70,0x6f,0x72,0x74,0x54,0x65,0x78,0x74,0x28,0x29,0x3b,
0x0a,0x20,0x20,0x20,0x20,0x74,0x72,0x79,0x20,0x7b,0x0a,0x20,0x20,0x20,0x20,0x20,
0x20,0x61,0x77,0x61,0x69,0x74,0x20,0x6e,0x61,0x76,0x69,0x67,0x61,0x74,0x6f,0x72,
0x2e,0x63,0x6c,0x69,0x70,0x62,0x6f,0x61,0x72,0x64,0x2e,0x77,0x72,0x69,0x74,0x65,
0x54,0x65,0x78,0x74,0x28,0x74,0x65,0x78,0x74,0x29,0x3b,0x0a,0x20,0x20,0x20,0x20,
0x20,0x20,0x73,0x68,0x6f,0x77,0x54,0x6f,0x61,0x73,0x74,0x28,0x22,0xe2,0x9c,0x85,
0x20,0xe5,0xb7,0xb2,0xe5,0xa4,0x8d,0xe5,0x88,0xb6,0xe5,0x88,0xb0,0xe5,0x89,0xaa,
0xe8,0xb4,0xb4,0xe6,0x9d,0xbf,0x22,0x2c,0x20,0x22,0xe5,0x8f,0xaf,0xe4,0xbb,0xa5,
0xe7,0x9b,0xb4,0xe6,0x8e,0xa5,0xe7,0xb2,0x98,0xe8,0xb4,0xb4,0xe5,0x8f,0x91,0xe7,
0xbb,0x99,0xe5,0x88,0xab,0xe4,0xba,0xba,0xe4,0xba,0x86,0x22,0x2c,0x20,0x6e,0x75,
0x6c,0x6c,0x29,0x3b,0x0a,0x20,0x20,0x20,0x20,0x7d,0x20,0x63,0x61,0x74,0x63,0x68,
0x20,0x28,0x65,0x29,0x20,0x7b,0x0a,0x20,0x20,0x20,0x20,0x20,0x20,0x63,0x6f,0x6e,
0x73,0x74,0x20,0x74,0x61,0x20,0x3d,0x20,0x64,0x6f,0x63,0x75,0x6d,0x65,0x6e,0x74,
0x2e,0x63,0x72,0x65,0x61,0x74,0x65,0x45,0x6c,0x65,0x6d,0x65,0x6e,0x74,0x28,0x22,
0x74,0x65,0x78,0x74,0x61,0x72,0x65,0x61,0x22,0x29,0x3b,0x0a,0x20,0x20,0x20,0x20,
0x20,0x20,0x74,0x61,0x2e,0x76,0x61,0x6c,0x75,0x65,0x20,0x3d,0x20,0x74,0x65,0x78,
0x74,0x3b,0x0a,0x20,0x20,0x20,0x20,0x20,0x20,0x64,0x6f,0x63,0x75,0x6d,0x65,0x6e,
0x74,0x2e,0x62,0x6f,0x64,0x79,0x2e,0x61,0x70,0x70,0x65,0x6e,0x64,0x43,0x68,0x69,
0x6c,0x64,0x28,0x74,0x61,0x29,0x3b,0x0a,0x20,0x20,0x20,0x20,0x20,0x20,0x74,0x61,
0x2e,0x73,0x65,0x6c,0x65,0x63,0x74,0x28,0x29,0x3b,0x0a,0x20,0x20,0x20,0x20,0x20,
0x20,0x64,0x6f,0x63,0x75,0x6d,0x65,0x6e,0x74,0x2e,0x65,0x78,0x65,0x63,0x43,0x6f,
0x6d,0x6d,0x61,0x6e,0x64,0x28,0x22,0x63,0x6f,0x70,0x79,0x22,0x29,0x3b,0x0a,0x20,
0x20,0x20,0x20,0x20,0x20,0x74,0x61,0x2e,0x72,0x65,0x6d,0x6f,0x76,0x65,0x28,0x29,
0x3b,0x0a,0x20,0x20,0x20,0x20,0x20,0x20,0x73,0x68,0x6f,0x77,0x54,0x6f,0x61,0x73,
0x74,0x28,0x22,0xe2,0x9c,0x85,0x20,0xe5,0xb7,0xb2,0xe5,0xa4,0x8d,0xe5,0x88,0xb6,
0xe5,0x88,0xb0,0xe5,0x89,0xaa,0xe8,0xb4,0xb4,0xe6,0x9d,0xbf,0x22,0x2c,0x20,0x22,
0xe5,0x8f,0xaf,0xe4,0xbb,0xa5,0xe7,0x9b,0xb4,0xe6,0x8e,0xa5,0xe7,0xb2,0x98,0xe8,
0xb4,0xb4,0xe5,0x8f,0x91,0xe7,0xbb,0x99,0xe5,0x88,0xab,0xe4,0xba,0xba,0xe4,0xba,
0x86,0x22,0x2c,0x20,0x6e,0x75,0x6c,0x6c,0x29,0x3b,0x0a,0x20,0x20,0x20,0x20,0x7d,
0x0a,0x20,0x20,0x7d,0x29,0x3b,0x0a,0x0a,0x20,0x20,0x24,0x28,0x22,0x65,0x78,0x70,
0x6f,0x72,0x74,0x4d,0x64,0x22,0x29,0x2e,0x61,0x64,0x64,0x45,0x76,0x65,0x6e,0x74,
0x4c,0x69,0x73,0x74,0x65,0x6e,0x65,0x72,0x28,0x22,0x63,0x6c,0x69,0x63,0x6b,0x22,
0x2c,0x20,0x28,0x29,0x20,0x3d,0x3e,0x20,0x7b,0x0a,0x20,0x20,0x20,0x20,0x74,0x72,
0x79,0x20,0x7b,0x20,0x65,0x78,0x70,0x6f,0x72,0x74,0x52,0x65,0x70,0x6f,0x72,0x74,
0x4d,0x61,0x72,0x6b,0x64,0x6f,0x77,0x6e,0x28,0x29,0x3b,0x20,0x7d,0x0a,0x20,0x20,
0x20,0x20,0x63,0x61,0x74,0x63,0x68,0x20,0x28,0x65,0x29,0x20,0x7b,0x20,0x73,0x68,
0x6f,0x77,0x45,0x72,0x72,0x6f,0x72,0x28,0x22,0xe5,0xaf,0xbc,0xe5,0x87,0xba,0xe5,
0xa4,0xb1,0xe8,0xb4,0xa5,0xef,0xbc,0x9a,0x22,0x20,0x2b,0x20,0x65,0x2e,0x6d,0x65,
0x73,0x73,0x61,0x67,0x65,0x29,0x3b,0x20,0x7d,0x0a,0x20,0x20,0x7d,0x29,0x3b,0x0a,
0x0a,0x20,0x20,0x2f,0x2a,0x20,0x2d,0x2d,0x2d,0x2d,0x2d,0x2d,0x2d,0x2d,0x2d,0x2d,
0x20,0xe6,0xa3,0x80,0xe6,0xb5,0x8b,0xe5,0x8e,0x86,0xe5,0x8f,0xb2,0x20,0x2d,0x2d,
0x2d,0x2d,0x2d,0x2d,0x2d,0x2d,0x2d,0x2d,0x20,0x2a,0x2f,0x0a,0x20,0x20,0x66,0x75,
0x6e,0x63,0x74,0x69,0x6f,0x6e,0x20,0x66,0x6d,0x74,0x54,0x69,0x6d,0x65,0x28,0x74,
0x73,0x29,0x20,0x7b,0x0a,0x20,0x20,0x20,0x20,0x69,0x66,0x20,0x28,0x21,0x74,0x73,
0x29,0x20,0x72,0x65,0x74,0x75,0x72,0x6e,0x20,0x22,0x22,0x3b,0x0a,0x20,0x20,0x20,
0x20,0x63,0x6f,0x6e,0x73,0x74,0x20,0x64,0x20,0x3d,0x20,0x6e,0x65,0x77,0x20,0x44,
0x61,0x74,0x65,0x28,0x74,0x73,0x20,0x2a,0x20,0x31,0x30,0x30,0x30,0x29,0x3b,0x0a,
0x20,0x20,0x20,0x20,0x63,0x6f,0x6e,0x73,0x74,0x20,0x70,0x61,0x64,0x20,0x3d,0x20,
0x28,0x78,0x29,0x20,0x3d,0x3e,0x20,0x28,0x78,0x20,0x3c,0x20,0x31,0x30,0x20,0x3f,
0x20,0x22,0x30,0x22,0x20,0x2b,0x20,0x78,0x20,0x3a,0x20,0x78,0x29,0x3b,0x0a,0x20,
0x20,0x20,0x20,0x72,0x65,0x74,0x75,0x72,0x6e,0x20,0x64,0x2e,0x67,0x65,0x74,0x4d,
0x6f,0x6e,0x74,0x68,0x28,0x29,0x20,0x2b,0x20,0x31,0x20,0x2b,0x20,0x22,0x2d,0x22,
0x20,0x2b,0x20,0x70,0x61,0x64,0x28,0x64,0x2e,0x67,0x65,0x74,0x44,0x61,0x74,0x65,
0x28,0x29,0x29,0x20,0x2b,0x20,0x22,0x20,0x22,0x20,0x2b,0x20,0x70,0x61,0x64,0x28,
0x64,0x2e,0x67,0x65,0x74,0x48,0x6f,0x75,0x72,0x73,0x28,0x29,0x29,0x20,0x2b,0x20,
0x22,0x3a,0x22,0x20,0x2b,0x20,0x70,0x61,0x64,0x28,0x64,0x2e,0x67,0x65,0x74,0x4d,
0x69,0x6e,0x75,0x74,0x65,0x73,0x28,0x29,0x29,0x3b,0x0a,0x20,0x20,0x7d,0x0a,0x0a,
0x20,0x20,0x61,0x73,0x79,0x6e,0x63,0x20,0x66,0x75,0x6e,0x63,0x74,0x69,0x6f,0x6e,
0x20,0x6c,0x6f,0x61,0x64,0x48,0x69,0x73,0x74,0x6f,0x72,0x79,0x28,0x29,0x20,0x7b,
0x0a,0x20,0x20,0x20,0x20,0x74,0x72,0x79,0x20,0x7b,0x0a,0x20,0x20,0x20,0x20,0x20,
0x20,0x63,0x6f,0x6e,0x73,0x74,0x20,0x64,0x20,0x3d,0x20,0x61,0x77,0x61,0x69,0x74,
0x20,0x61,0x70,0x69,0x28,0x22,0x2f,0x61,0x70,0x69,0x2f,0x68,0x69,0x73,0x74,0x6f,
0x72,0x79,0x22,0x2c,0x20,0x7b,0x7d,0x29,0x3b,0x0a,0x20,0x20,0x20,0x20,0x20,0x20,
0x63,0x6f,0x6e,0x73,0x74,0x20,0x69,0x74,0x65,0x6d,0x73,0x20,0x3d,0x20,0x28,0x64,
0x20,0x26,0x26,0x20,0x64,0x2e,0x69,0x74,0x65,0x6d,0x73,0x29,0x20,0x7c,0x7c,0x20,
0x5b,0x5d,0x3b,0x0a,0x20,0x20,0x20,0x20,0x20,0x20,0x63,0x6f,0x6e,0x73,0x74,0x20,
0x63,0x61,0x72,0x64,0x20,0x3d,0x20,0x24,0x28,0x22,0x68,0x69,0x73,0x74,0x6f,0x72,
0x79,0x43,0x61,0x72,0x64,0x22,0x29,0x2c,0x20,0x6c,0x69,0x73,0x74,0x20,0x3d,0x20,
0x24,0x28,0x22,0x68,0x69,0x73,0x74,0x6f,0x72,0x79,0x4c,0x69,0x73,0x74,0x22,0x29,
0x3b,0x0a,0x20,0x20,0x20,0x20,0x20,0x20,0x69,0x66,0x20,0x28,0x21,0x69,0x74,0x65,
0x6d,0x73,0x2e,0x6c,0x65,0x6e,0x67,0x74,0x68,0x29,0x20,0x7b,0x20,0x63,0x61,0x72,
0x64,0x2e,0x63,0x6c,0x61,0x73,0x73,0x4c,0x69,0x73,0x74,0x2e,0x61,0x64,0x64,0x28,
0x22,0x68,0x69,0x64,0x64,0x65,0x6e,0x22,0x29,0x3b,0x20,0x72,0x65,0x74,0x75,0x72,
0x6e,0x3b,0x20,0x7d,0x0a,0x20,0x20,0x20,0x20,0x20,0x20,0x63,0x61,0x72,0x64,0x2e,
0x63,0x6c,0x61,0x73,0x73,0x4c,0x69,0x73,0x74,0x2e,0x72,0x65,0x6d,0x6f,0x76,0x65,
0x28,0x22,0x68,0x69,0x64,0x64,0x65,0x6e,0x22,0x29,0x3b,0x0a,0x20,0x20,0x20,0x20,
0x20,0x20,0x6c,0x69,0x73,0x74,0x2e,0x69,0x6e,0x6e,0x65,0x72,0x48,0x54,0x4d,0x4c,
0x20,0x3d,0x20,0x69,0x74,0x65,0x6d,0x73,0x2e,0x6d,0x61,0x70,0x28,0x28,0x69,0x74,
0x29,0x20,0x3d,0x3e,0x20,0x7b,0x0a,0x20,0x20,0x20,0x20,0x20,0x20,0x20,0x20,0x63,
0x6f,0x6e,0x73,0x74,0x20,0x63,0x6c,0x73,0x20,0x3d,0x20,0x69,0x74,0x2e,0x6e,0x6c,
0x6f,0x63,0x6b,0x65,0x72,0x73,0x20,0x3e,0x20,0x30,0x20,0x3f,0x20,0x22,0x62,0x61,
0x64,0x22,0x20,0x3a,0x20,0x69,0x74,0x2e,0x72,0x65,0x73,0x74,0x72,0x69,0x63,0x74,
0x65,0x64,0x20,0x3f,0x20,0x22,0x77,0x61,0x72,0x6e,0x22,0x20,0x3a,0x20,0x22,0x6f,
0x6b,0x22,0x3b,0x0a,0x20,0x20,0x20,0x20,0x20,0x20,0x20,0x20,0x72,0x65,0x74,0x75,
0x72,0x6e,0x20,0x27,0x3c,0x64,0x69,0x76,0x20,0x63,0x6c,0x61,0x73,0x73,0x3d,0x22,
0x68,0x69,0x73,0x74,0x2d,0x69,0x74,0x65,0x6d,0x22,0x20,0x64,0x61,0x74,0x61,0x2d,
0x70,0x61,0x74,0x68,0x3d,0x22,0x27,0x20,0x2b,0x20,0x65,0x73,0x63,0x28,0x69,0x74,
0x2e,0x70,0x61,0x74,0x68,0x29,0x20,0x2b,0x20,0x27,0x22,0x3e,0x27,0x20,0x2b,0x0a,
0x20,0x20,0x20,0x20,0x20,0x20,0x20,0x20,0x20,0x20,0x20,0x20,0x20,0x20,0x20,0x27,
0x3c,0x73,0x70,0x61,0x6e,0x20,0x63,0x6c,0x61,0x73,0x73,0x3d,0x22,0x62,0x61,0x64,
0x67,0x65,0x20,0x27,0x20,0x2b,0x20,0x63,0x6c,0x73,0x20,0x2b,0x20,0x27,0x22,0x3e,
0x27,0x20,0x2b,0x20,0x65,0x73,0x63,0x28,0x69,0x74,0x2e,0x63,0x6f,0x6e,0x63,0x6c,
0x75,0x73,0x69,0x6f,0x6e,0x29,0x20,0x2b,0x20,0x22,0x3c,0x2f,0x73,0x70,0x61,0x6e,
0x3e,0x22,0x20,0x2b,0x0a,0x20,0x20,0x20,0x20,0x20,0x20,0x20,0x20,0x20,0x20,0x20,
0x20,0x20,0x20,0x20,0x27,0x3c,0x73,0x70,0x61,0x6e,0x20,0x63,0x6c,0x61,0x73,0x73,
0x3d,0x22,0x68,0x2d,0x70,0x61,0x74,0x68,0x22,0x3e,0x27,0x20,0x2b,0x20,0x65,0x73,
0x63,0x28,0x69,0x74,0x2e,0x70,0x61,0x74,0x68,0x29,0x20,0x2b,0x20,0x22,0x3c,0x2f,
0x73,0x70,0x61,0x6e,0x3e,0x22,0x20,0x2b,0x0a,0x20,0x20,0x20,0x20,0x20,0x20,0x20,
0x20,0x20,0x20,0x20,0x20,0x20,0x20,0x20,0x27,0x3c,0x73,0x70,0x61,0x6e,0x20,0x63,
0x6c,0x61,0x73,0x73,0x3d,0x22,0x68,0x2d,0x74,0x69,0x6d,0x65,0x22,0x3e,0x27,0x20,
0x2b,0x20,0x65,0x73,0x63,0x28,0x66,0x6d,0x74,0x54,0x69,0x6d,0x65,0x28,0x69,0x74,
0x2e,0x74,0x73,0x29,0x29,0x20,0x2b,0x20,0x22,0x3c,0x2f,0x73,0x70,0x61,0x6e,0x3e,
0x3c,0x2f,0x64,0x69,0x76,0x3e,0x22,0x3b,0x0a,0x20,0x20,0x20,0x20,0x20,0x20,0x7d,
0x29,0x2e,0x6a,0x6f,0x69,0x6e,0x28,0x22,0x22,0x29,0x3b,0x0a,0x20,0x20,0x20,0x20,
0x20,0x20,0x6c,0x69,0x73,0x74,0x2e,0x71,0x75,0x65,0x72,0x79,0x53,0x65,0x6c,0x65,
0x63,0x74,0x6f,0x72,0x41,0x6c,0x6c,0x28,0x22,0x2e,0x68,0x69,0x73,0x74,0x2d,0x69,
0x74,0x65,0x6d,0x22,0x29,0x2e,0x66,0x6f,0x72,0x45,0x61,0x63,0x68,0x28,0x28,0x65,
0x6c,0x29,0x20,0x3d,0x3e,0x20,0x7b,0x0a,0x20,0x20,0x20,0x20,0x20,0x20,0x20,0x20,
0x65,0x6c,0x2e,0x61,0x64,0x64,0x45,0x76,0x65,0x6e,0x74,0x4c,0x69,0x73,0x74,0x65,
0x6e,0x65,0x72,0x28,0x22,0x63,0x6c,0x69,0x63,0x6b,0x22,0x2c,0x20,0x28,0x29,0x20,
0x3d,0x3e,0x20,0x7b,0x0a,0x20,0x20,0x20,0x20,0x20,0x20,0x20,0x20,0x20,0x20,0x63,
0x6f,0x6e,0x73,0x74,0x20,0x70,0x20,0x3d,0x20,0x65,0x6c,0x2e,0x64,0x61,0x74,0x61,
0x73,0x65,0x74,0x2e,0x70,0x61,0x74,0x68,0x3b,0x0a,0x20,0x20,0x20,0x20,0x20,0x20,
0x20,0x20,0x20,0x20,0x24,0x28,0x22,0x70,0x61,0x74,0x68,0x49,0x6e,0x70,0x75,0x74,
0x22,0x29,0x2e,0x76,0x61,0x6c,0x75,0x65,0x20,0x3d,0x20,0x70,0x3b,0x0a,0x20,0x20,
0x20,0x20,0x20,0x20,0x20,0x20,0x20,0x20,0x64,0x6f,0x63,0x75,0x6d,0x65,0x6e,0x74,
0x2e,0x71,0x75,0x65,0x72,0x79,0x53,0x65,0x6c,0x65,0x63,0x74,0x6f,0x72,0x28,0x27,
0x2e,0x74,0x61,0x62,0x5b,0x64,0x61,0x74,0x61,0x2d,0x74,0x61,0x62,0x3d,0x22,0x73,
0x63,0x61,0x6e,0x22,0x5d,0x27,0x29,0x2e,0x63,0x6c,0x69,0x63,0x6b,0x28,0x29,0x3b,
0x0a,0x20,0x20,0x20,0x20,0x20,0x20,0x20,0x20,0x20,0x20,0x72,0x75,0x6e,0x53,0x63,
0x61,0x6e,0x28,0x70,0x29,0x3b,0x0a,0x20,0x20,0x20,0x20,0x20,0x20,0x20,0x20,0x7d,
0x29,0x3b,0x0a,0x20,0x20,0x20,0x20,0x20,0x20,0x7d,0x29,0x3b,0x0a,0x20,0x20,0x20,
0x20,0x7d,0x20,0x63,0x61,0x74,0x63,0x68,0x20,0x28,0x65,0x29,0x20,0x7b,0x20,0x2f,
0x2a,0x20,0xe5,0xbf,0xbd,0xe7,0x95,0xa5,0x20,0x2a,0x2f,0x20,0x7d,0x0a,0x20,0x20,
0x7d,0x0a,0x0a,0x20,0x20,0x24,0x28,0x22,0x63,0x6c,0x65,0x61,0x72,0x48,0x69,0x73,
0x74,0x6f,0x72,0x79,0x22,0x29,0x2e,0x61,0x64,0x64,0x45,0x76,0x65,0x6e,0x74,0x4c,
0x69,0x73,0x74,0x65,0x6e,0x65,0x72,0x28,0x22,0x63,0x6c,0x69,0x63,0x6b,0x22,0x2c,
0x20,0x61,0x73,0x79,0x6e,0x63,0x20,0x28,0x29,0x20,0x3d,0x3e,0x20,0x7b,0x0a,0x20,
0x20,0x20,0x20,0x69,0x66,0x20,0x28,0x21,0x63,0x6f,0x6e,0x66,0x69,0x72,0x6d,0x28,
0x22,0xe7,0xa1,0xae,0xe5,0xae,0x9a,0xe6,0xb8,0x85,0xe7,0xa9,0xba,0xe6,0xa3,0x80,
0xe6,0xb5,0x8b,0xe5,0x8e,0x86,0xe5,0x8f,0xb2,0xe5,0x90,0x97,0xef,0xbc,0x9f,0x22,
0x29,0x29,0x20,0x72,0x65,0x74,0x75,0x72,0x6e,0x3b,0x0a,0x20,0x20,0x20,0x20,0x61,
0x77,0x61,0x69,0x74,0x20,0x61,0x70,0x69,0x28,0x22,0x2f,0x61,0x70,0x69,0x2f,0x68,
0x69,0x73,0x74,0x6f,0x72,0x79,0x2f,0x63,0x6c,0x65,0x61,0x72,0x22,0x2c,0x20,0x7b,
0x7d,0x29,0x3b,0x0a,0x20,0x20,0x20,0x20,0x24,0x28,0x22,0x68,0x69,0x73,0x74,0x6f,
0x72,0x79,0x43,0x61,0x72,0x64,0x22,0x29,0x2e,0x63,0x6c,0x61,0x73,0x73,0x4c,0x69,
0x73,0x74,0x2e,0x61,0x64,0x64,0x28,0x22,0x68,0x69,0x64,0x64,0x65,0x6e,0x22,0x29,
0x3b,0x0a,0x20,0x20,0x7d,0x29,0x3b,0x0a,0x0a,0x20,0x20,0x6c,0x6f,0x61,0x64,0x48,
0x69,0x73,0x74,0x6f,0x72,0x79,0x28,0x29,0x3b,0x0a,0x0a,0x20,0x20,0x2f,0x2a,0x20,
0x2d,0x2d,0x2d,0x2d,0x2d,0x2d,0x2d,0x2d,0x2d,0x2d,0x20,0xe5,0xbc,0xba,0xe5,0x8a,
0x9b,0xe6,0xb8,0x85,0xe9,0x99,0xa4,0xef,0xbc,0x88,0xe9,0x87,0x8a,0xe6,0x94,0xbe,
0xe5,0x8f,0xa5,0xe6,0x9f,0x84,0x20,0xe2,0x86,0x92,0x20,0xe5,0x88,0xa0,0xe9,0x99,
0xa4,0x20,0xe2,0x86,0x92,0x20,0xe5,0xa4,0x8d,0xe6,0xb5,0x8b,0xef,0xbc,0x89,0x20,
0x2d,0x2d,0x2d,0x2d,0x2d,0x2d,0x2d,0x2d,0x2d,0x2d,0x20,0x2a,0x2f,0x0a,0x20,0x20,
0x24,0x28,0x22,0x66,0x6f,0x72,0x63,0x65,0x43,0x6c,0x65,0x61,0x6e,0x42,0x74,0x6e,
0x22,0x29,0x2e,0x61,0x64,0x64,0x45,0x76,0x65,0x6e,0x74,0x4c,0x69,0x73,0x74,0x65,
0x6e,0x65,0x72,0x28,0x22,0x63,0x6c,0x69,0x63,0x6b,0x22,0x2c,0x20,0x61,0x73,0x79,
0x6e,0x63,0x20,0x28,0x29,0x20,0x3d,0x3e,0x20,0x7b,0x0a,0x20,0x20,0x20,0x20,0x63,
0x6f,0x6e,0x73,0x74,0x20,0x70,0x61,0x74,0x68,0x20,0x3d,0x20,0x24,0x28,0x22,0x70,
0x61,0x74,0x68,0x49,0x6e,0x70,0x75,0x74,0x22,0x29,0x2e,0x76,0x61,0x6c,0x75,0x65,
0x2e,0x74,0x72,0x69,0x6d,0x28,0x29,0x3b,0x0a,0x20,0x20,0x20,0x20,0x69,0x66,0x20,
0x28,0x21,0x70,0x61,0x74,0x68,0x29,0x20,0x7b,0x20,0x73,0x68,0x6f,0x77,0x45,0x72,
0x72,0x6f,0x72,0x28,0x22,0xe8,0xaf,0xb7,0xe5,0x85,0x88,0xe8,0xbe,0x93,0xe5,0x85,
0xa5,0xe6,0x88,0x96,0xe9,0x80,0x89,0xe6,0x8b,0xa9,0xe4,0xb8,0x80,0xe4,0xb8,0xaa,
0xe8,0xb7,0xaf,0xe5,0xbe,0x84,0x22,0x29,0x3b,0x20,0x72,0x65,0x74,0x75,0x72,0x6e,
0x3b,0x20,0x7d,0x0a,0x20,0x20,0x20,0x20,0x69,0x66,0x20,0x28,0x21,0x63,0x6f,0x6e,
0x66,0x69,0x72,0x6d,0x28,0x22,0xe2,0x9a,0xa1,0x20,0xe5,0xbc,0xba,0xe5,0x8a,0x9b,
0xe6,0xb8,0x85,0xe9,0x99,0xa4,0xe6,0xb5,0x81,0xe7,0xa8,0x8b,0xef,0xbc,0x9a,0x5c,
0x6e,0x5c,0x6e,0x31,0x2e,0x20,0xe9,0x87,0x8a,0xe6,0x94,0xbe,0xe5,0x8d,0xa0,0xe7,
0x94,0xa8,0xe5,0x8f,0xa5,0xe6,0x9f,0x84,0xef,0xbc,0x88,0xe4,0xb8,0x8d,0xe7,0xbb,
0x93,0xe6,0x9d,0x9f,0xe8,0xbf,0x9b,0xe7,0xa8,0x8b,0xef,0xbc,0x89,0x5c,0x6e,0x32,
0x2e,0x20,0xe5,0xb0,0x9d,0xe8,0xaf,0x95,0xe5,0x88,0xa0,0xe9,0x99,0xa4,0x5c,0x6e,
0x33,0x2e,0x20,0xe8,0x87,0xaa,0xe5,0x8a,0xa8,0xe5,0xa4,0x8d,0xe6,0xb5,0x8b,0x5c,
0x6e,0x5c,0x6e,0xe7,0x9b,0xae,0xe6,0xa0,0x87,0xef,0xbc,0x9a,0x22,0x20,0x2b,0x20,
0x70,0x61,0x74,0x68,0x20,0x2b,0x0a,0x20,0x20,0x20,0x20,0x20,0x20,0x20,0x20,0x20,
0x20,0x20,0x20,0x20,0x20,0x20,0x20,0x20,0x22,0x5c,0x6e,0x5c,0x6e,0xe2,0x9a,0xa0,
0x20,0xe5,0x88,0xa0,0xe9,0x99,0xa4,0xe5,0x90,0x8e,0xe4,0xb8,0x8d,0xe5,0x8f,0xaf,
0xe6,0x81,0xa2,0xe5,0xa4,0x8d,0xef,0xbc,0x9b,0xe5,0x8f,0xa5,0xe6,0x9f,0x84,0xe9,
0x87,0x8a,0xe6,0x94,0xbe,0xe5,0x8f,0xaf,0xe8,0x83,0xbd,0xe5,0xaf,0xbc,0xe8,0x87,
0xb4,0xe5,0xaf,0xb9,0xe5,0xba,0x94,0xe7,0xa8,0x8b,0xe5,0xba,0x8f,0xe5,0xbc,0x82,
0xe5,0xb8,0xb8,0xe3,0x80,0x82,0xe7,0xbb,0xa7,0xe7,0xbb,0xad,0xef,0xbc,0x9f,0x22,
0x29,0x29,0x20,0x72,0x65,0x74,0x75,0x72,0x6e,0x3b,0x0a,0x20,0x20,0x20,0x20,0x63,
0x6f,0x6e,0x73,0x74,0x20,0x62,0x74,0x6e,0x20,0x3d,0x20,0x24,0x28,0x22,0x66,0x6f,
0x72,0x63,0x65,0x43,0x6c,0x65,0x61,0x6e,0x42,0x74,0x6e,0x22,0x29,0x3b,0x0a,0x20,
0x20,0x20,0x20,0x73,0x65,0x74,0x42,0x75,0x73,0x79,0x28,0x62,0x74,0x6e,0x2c,0x20,
0x74,0x72,0x75,0x65,0x2c,0x20,0x22,0xe6,0xb8,0x85,0xe9,0x99,0xa4,0xe4,0xb8,0xad,
0xe2,0x80,0xa6,0x22,0x29,0x3b,0x0a,0x20,0x20,0x20,0x20,0x74,0x72,0x79,0x20,0x7b,
0x0a,0x20,0x20,0x20,0x20,0x20,0x20,0x63,0x6f,0x6e,0x73,0x74,0x20,0x64,0x20,0x3d,
0x20,0x61,0x77,0x61,0x69,0x74,0x20,0x61,0x70,0x69,0x28,0x22,0x2f,0x61,0x70,0x69,
0x2f,0x66,0x6f,0x72,0x63,0x65,0x2d,0x63,0x6c,0x65,0x61,0x6e,0x22,0x2c,0x20,0x7b,
0x20,0x70,0x61,0x74,0x68,0x3a,0x20,0x70,0x61,0x74,0x68,0x20,0x7d,0x29,0x3b,0x0a,
0x20,0x20,0x20,0x20,0x20,0x20,0x69,0x66,0x20,0x28,0x21,0x64,0x2e,0x6f,0x6b,0x29,
0x20,0x7b,0x20,0x73,0x68,0x6f,0x77,0x45,0x72,0x72,0x6f,0x72,0x28,0x64,0x2e,0x65,
0x72,0x72,0x6f,0x72,0x20,0x7c,0x7c,0x20,0x22,0xe5,0xbc,0xba,0xe5,0x8a,0x9b,0xe6,
0xb8,0x85,0xe9,0x99,0xa4,0xe5,0xa4,0xb1,0xe8,0xb4,0xa5,0x22,0x29,0x3b,0x20,0x72,
0x65,0x74,0x75,0x72,0x6e,0x3b,0x20,0x7d,0x0a,0x20,0x20,0x20,0x20,0x20,0x20,0x63,
0x6f,0x6e,0x73,0x74,0x20,0x70,0x61,0x72,0x74,0x73,0x20,0x3d,0x20,0x5b,0x5d,0x3b,
0x0a,0x20,0x20,0x20,0x20,0x20,0x20,0x69,0x66,0x20,0x28,0x64,0x2e,0x63,0x6c,0x6f,
0x73,0x65,0x64,0x20,0x3e,0x20,0x30,0x29,0x20,0x70,0x61,0x72,0x74,0x73,0x2e,0x70,
0x75,0x73,0x68,0x28,0x22,0xe9,0x87,0x8a,0xe6,0x94,0xbe,0xe4,0xba,0x86,0x20,0x22,
0x20,0x2b,0x20,0x64,0x2e,0x63,0x6c,0x6f,0x73,0x65,0x64,0x20,0x2b,0x20,0x22,0x20,
0xe4,0xb8,0xaa,0xe5,0x8f,0xa5,0xe6,0x9f,0x84,0x22,0x29,0x3b,0x0a,0x20,0x20,0x20,
0x20,0x20,0x20,0x69,0x66,0x20,0x28,0x64,0x2e,0x64,0x65,0x6c,0x65,0x74,0x65,0x64,
0x29,0x20,0x70,0x61,0x72,0x74,0x73,0x2e,0x70,0x75,0x73,0x68,0x28,0x22,0xe6,0x96,
0x87,0xe4,0xbb,0xb6,0xe5,0xb7,0xb2,0xe5,0x88,0xa0,0xe9,0x99,0xa4,0x22,0x29,0x3b,
0x0a,0x20,0x20,0x20,0x20,0x20,0x20,0x65,0x6c,0x73,0x65,0x20,0x70,0x61,0x72,0x74,
0x73,0x2e,0x70,0x75,0x73,0x68,0x28,0x22,0xe5,0x88,0xa0,0xe9,0x99,0xa4,0xe5,0xa4,
0xb1,0xe8,0xb4,0xa5,0xef,0xbc,0x9a,0x22,0x20,0x2b,0x20,0x28,0x64,0x2e,0x64,0x65,
0x6c,0x65,0x74,0x65,0x45,0x72,0x72,0x6f,0x72,0x20,0x7c,0x7c,0x20,0x22,0xe6,0x9c,
0xaa,0xe7,0x9f,0xa5,0xe5,0x8e,0x9f,0xe5,0x9b,0xa0,0x22,0x29,0x29,0x3b,0x0a,0x20,
0x20,0x20,0x20,0x20,0x20,0x69,0x66,0x20,0x28,0x64,0x2e,0x73,0x74,0x69,0x6c,0x6c,
0x45,0x78,0x69,0x73,0x74,0x73,0x29,0x20,0x70,0x61,0x72,0x74,0x73,0x2e,0x70,0x75,
0x73,0x68,0x28,0x22,0xe6,0x96,0x87,0xe4,0xbb,0xb6,0xe4,0xbb,0x8d,0xe5,0xad,0x98,
0xe5,0x9c,0xa8,0xef,0xbc,0x8c,0xe5,0x89,0xa9,0xe4,0xbd,0x99,0x20,0x22,0x20,0x2b,
0x20,0x64,0x2e,0x72,0x65,0x6d,0x61,0x69,0x6e,0x4c,0x6f,0x63,0x6b,0x65,0x72,0x73,
0x20,0x2b,0x20,0x22,0x20,0xe4,0xb8,0xaa,0xe5,0x8d,0xa0,0xe7,0x94,0xa8,0xe8,0xbf,
0x9b,0xe7,0xa8,0x8b,0x22,0x29,0x3b,0x0a,0x20,0x20,0x20,0x20,0x20,0x20,0x69,0x66,
0x20,0x28,0x64,0x2e,0x64,0x65,0x6c,0x65,0x74,0x65,0x64,0x29,0x20,0x7b,0x0a,0x20,
0x20,0x20,0x20,0x20,0x20,0x20,0x20,0x73,0x68,0x6f,0x77,0x54,0x6f,0x61,0x73,0x74,
0x28,0x22,0xe2,0x9a,0xa1,0x20,0xe5,0xbc,0xba,0xe5,0x8a,0x9b,0xe6,0xb8,0x85,0xe9,
0x99,0xa4,0xe5,0xae,0x8c,0xe6,0x88,0x90,0x22,0x2c,0x20,0x70,0x61,0x72,0x74,0x73,
0x2e,0x6a,0x6f,0x69,0x6e,0x28,0x22,0xef,0xbc,0x9b,0x22,0x29,0x29,0x3b,0x0a,0x20,
0x20,0x20,0x20,0x20,0x20,0x20,0x20,0x24,0x28,0x22,0x72,0x65,0x73,0x75,0x6c,0x74,
0x43,0x61,0x72,0x64,0x22,0x29,0x2e,0x63,0x6c,0x61,0x73,0x73,0x4c,0x69,0x73,0x74,
0x2e,0x61,0x64,0x64,0x28,0x22,0x68,0x69,0x64,0x64,0x65,0x6e,0x22,0x29,0x3b,0x0a,
0x20,0x20,0x20,0x20,0x20,0x20,0x20,0x20,0x6c,0x6f,0x61,0x64,0x48,0x69,0x73,0x74,
0x6f,0x72,0x79,0x28,0x29,0x3b,0x0a,0x20,0x20,0x20,0x20,0x20,0x20,0x7d,0x20,0x65,
0x6c,0x73,0x65,0x20,0x7b,0x0a,0x20,0x20,0x20,0x20,0x20,0x20,0x20,0x20,0x73,0x68,
0x6f,0x77,0x54,0x6f,0x61,0x73,0x74,0x28,0x22,0xe2,0x9a,0xa0,0x20,0xe6,0x9c,0xaa,
0xe8,0x83,0xbd,0xe5,0xae,0x8c,0xe5,0x85,0xa8,0xe6,0xb8,0x85,0xe9,0x99,0xa4,0x22,
0x2c,0x20,0x70,0x61,0x72,0x74,0x73,0x2e,0x6a,0x6f,0x69,0x6e,0x28,0x22,0xef,0xbc,
0x9b,0x22,0x29,0x29,0x3b,0x0a,0x20,0x20,0x20,0x20,0x20,0x20,0x20,0x20,0x72,0x75,
0x6e,0x53,0x63,0x61,0x6e,0x28,0x70,0x61,0x74,0x68,0x29,0x3b,0x0a,0x20,0x20,0x20,
0x20,0x20,0x20,0x7d,0x0a,0x20,0x20,0x20,0x20,0x7d,0x20,0x63,0x61,0x74,0x63,0x68,
0x20,0x28,0x65,0x29,0x20,0x7b,0x0a,0x20,0x20,0x20,0x20,0x20,0x20,0x73,0x68,0x6f,
0x77,0x45,0x72,0x72,0x6f,0x72,0x28,0x22,0xe8,0xaf,0xb7,0xe6,0xb1,0x82,0xe5,0xa4,
0xb1,0xe8,0xb4,0xa5,0xef,0xbc,0x9a,0x22,0x20,0x2b,0x20,0x65,0x2e,0x6d,0x65,0x73,
0x73,0x61,0x67,0x65,0x29,0x3b,0x0a,0x20,0x20,0x20,0x20,0x7d,0x20,0x66,0x69,0x6e,
0x61,0x6c,0x6c,0x79,0x20,0x7b,0x0a,0x20,0x20,0x20,0x20,0x20,0x20,0x73,0x65,0x74,
0x42,0x75,0x73,0x79,0x28,0x62,0x74,0x6e,0x2c,0x20,0x66,0x61,0x6c,0x73,0x65,0x29,
0x3b,0x0a,0x20,0x20,0x20,0x20,0x7d,0x0a,0x20,0x20,0x7d,0x29,0x3b,0x0a,0x0a,0x20,
0x20,0x2f,0x2a,0x20,0x2d,0x2d,0x2d,0x2d,0x2d,0x2d,0x2d,0x2d,0x2d,0x2d,0x20,0xe9,
0x87,0x8a,0xe6,0x94,0xbe,0xe5,0x8d,0xa0,0xe7,0x94,0xa8,0xef,0xbc,0x88,0xe5,0x8f,
0xa5,0xe6,0x9f,0x84,0xe7,0xba,0xa7,0xef,0xbc,0x8c,0xe4,0xb8,0x8d,0xe6,0x9d,0x80,
0xe8,0xbf,0x9b,0xe7,0xa8,0x8b,0xef,0xbc,0x89,0x20,0x2d,0x2d,0x2d,0x2d,0x2d,0x2d,
0x2d,0x2d,0x2d,0x2d,0x20,0x2a,0x2f,0x0a,0x20,0x20,0x24,0x28,0x22,0x75,0x6e,0x6c,
0x6f,0x63,0x6b,0x42,0x74,0x6e,0x22,0x29,0x2e,0x61,0x64,0x64,0x45,0x76,0x65,0x6e,
0x74,0x4c,0x69,0x73,0x74,0x65,0x6e,0x65,0x72,0x28,0x22,0x63,0x6c,0x69,0x63,0x6b,
0x22,0x2c,0x20,0x61,0x73,0x79,0x6e,0x63,0x20,0x28,0x29,0x20,0x3d,0x3e,0x20,0x7b,
0x0a,0x20,0x20,0x20,0x20,0x63,0x6f,0x6e,0x73,0x74,0x20,0x70,0x61,0x74,0x68,0x20,
0x3d,0x20,0x24,0x28,0x22,0x70,0x61,0x74,0x68,0x49,0x6e,0x70,0x75,0x74,0x22,0x29,
0x2e,0x76,0x61,0x6c,0x75,0x65,0x2e,0x74,0x72,0x69,0x6d,0x28,0x29,0x3b,0x0a,0x20,
0x20,0x20,0x20,0x69,0x66,0x20,0x28,0x21,0x70,0x61,0x74,0x68,0x29,0x20,0x7b,0x20,
0x73,0x68,0x6f,0x77,0x45,0x72,0x72,0x6f,0x72,0x28,0x22,0xe8,0xaf,0xb7,0xe5,0x85,
0x88,0xe8,0xbe,0x93,0xe5,0x85,0xa5,0xe6,0x88,0x96,0xe9,0x80,0x89,0xe6,0x8b,0xa9,
0xe4,0xb8,0x80,0xe4,0xb8,0xaa,0xe8,0xb7,0xaf,0xe5,0xbe,0x84,0x22,0x29,0x3b,0x20,
0x72,0x65,0x74,0x75,0x72,0x6e,0x3b,0x20,0x7d,0x0a,0x20,0x20,0x20,0x20,0x69,0x66,
0x20,0x28,0x21,0x63,0x6f,0x6e,0x66,0x69,0x72,0x6d,0x28,0x22,0xe5,0xb0,0x86,0xe7,
0x9b,0xb4,0xe6,0x8e,0xa5,0xe5,0x85,0xb3,0xe9,0x97,0xad,0xe5,0x85,0xb6,0xe4,0xbb,
0x96,0xe8,0xbf,0x9b,0xe7,0xa8,0x8b,0xe6,0x8c,0x81,0xe6,0x9c,0x89,0xe7,0x9a,0x84,
0xe6,0x96,0x87,0xe4,0xbb,0xb6,0xe5,0x8f,0xa5,0xe6,0x9f,0x84,0xef,0xbc,0x88,0xe4,
0xb8,0x8d,0xe7,0xbb,0x93,0xe6,0x9d,0x9f,0xe8,0xbf,0x9b,0xe7,0xa8,0x8b,0xef,0xbc,
0x89,0xe3,0x80,0x82,0x5c,0x6e,0x5c,0x6e,0xe7,0x9b,0xae,0xe6,0xa0,0x87,0xef,0xbc,
0x9a,0x22,0x20,0x2b,0x20,0x70,0x61,0x74,0x68,0x20,0x2b,0x0a,0x20,0x20,0x20,0x20,
0x20,0x20,0x20,0x20,0x20,0x20,0x20,0x20,0x20,0x20,0x20,0x20,0x20,0x22,0x5c,0x6e,
0x5c,0x6e,0xe2,0x9a,0xa0,0x20,0xe5,0x8f,0xaf,0xe8,0x83,0xbd,0xe5,0xaf,0xbc,0xe8,
0x87,0xb4,0xe5,0xaf,0xb9,0xe5,0xba,0x94,0xe7,0xa8,0x8b,0xe5,0xba,0x8f,0xe5,0xbc,
0x82,0xe5,0xb8,0xb8,0xef,0xbc,0x88,0xe5,0xa6,0x82,0xe6,0x9c,0xaa,0xe4,0xbf,0x9d,
0xe5,0xad,0x98,0xe5,0x86,0x85,0xe5,0xae,0xb9,0xe4,0xb8,0xa2,0xe5,0xa4,0xb1,0xef,
0xbc,0x89,0xef,0xbc,0x8c,0xe8,0xaf,0xb7,0xe5,0x85,0x88,0xe4,0xbf,0x9d,0xe5,0xad,
0x98,0xe5,0xa5,0xbd,0xe5,0xb7,0xa5,0xe4,0xbd,0x9c,0xe3,0x80,0x82,0xe7,0xbb,0xa7,
0xe7,0xbb,0xad,0xef,0xbc,0x9f,0x22,0x29,0x29,0x20,0x72,0x65,0x74,0x75,0x72,0x6e,
0x3b,0x0a,0x20,0x20,0x20,0x20,0x63,0x6f,0x6e,0x73,0x74,0x20,0x62,0x74,0x6e,0x20,
0x3d,0x20,0x24,0x28,0x22,0x75,0x6e,0x6c,0x6f,0x63,0x6b,0x42,0x74,0x6e,0x22,0x29,
0x3b,0x0a,0x20,0x20,0x20,0x20,0x73,0x65,0x74,0x42,0x75,0x73,0x79,0x28,0x62,0x74,
0x6e,0x2c,0x20,0x74,0x72,0x75,0x65,0x2c,0x20,0x22,0xe9,0x87,0x8a,0xe6,0x94,0xbe,
0xe4,0xb8,0xad,0xe2,0x80,0xa6,0x22,0x29,0x3b,0x0a,0x20,0x20,0x20,0x20,0x74,0x72,
0x79,0x20,0x7b,0x0a,0x20,0x20,0x20,0x20,0x20,0x20,0x63,0x6f,0x6e,0x73,0x74,0x20,
0x64,0x20,0x3d,0x20,0x61,0x77,0x61,0x69,0x74,0x20,0x61,0x70,0x69,0x28,0x22,0x2f,
0x61,0x70,0x69,0x2f,0x75,0x6e,0x6c,0x6f,0x63,0x6b,0x22,0x2c,0x20,0x7b,0x20,0x70,
0x61,0x74,0x68,0x3a,0x20,0x70,0x61,0x74,0x68,0x20,0x7d,0x29,0x3b,0x0a,0x20,0x20,
0x20,0x20,0x20,0x20,0x69,0x66,0x20,0x28,0x21,0x64,0x2e,0x6f,0x6b,0x29,0x20,0x7b,
0x0a,0x20,0x20,0x20,0x20,0x20,0x20,0x20,0x20,0x73,0x68,0x6f,0x77,0x45,0x72,0x72,
0x6f,0x72,0x28,0x64,0x2e,0x65,0x72,0x72,0x6f,0x72,0x20,0x7c,0x7c,0x20,0x22,0xe9,
0x87,0x8a,0xe6,0x94,0xbe,0xe5,0xa4,0xb1,0xe8,0xb4,0xa5,0x22,0x29,0x3b,0x0a,0x20,
0x20,0x20,0x20,0x20,0x20,0x7d,0x20,0x65,0x6c,0x73,0x65,0x20,0x7b,0x0a,0x20,0x20,
0x20,0x20,0x20,0x20,0x20,0x20,0x63,0x6f,0x6e,0x73,0x74,0x20,0x6e,0x61,0x6d,0x65,
0x73,0x20,0x3d,0x20,0x28,0x64,0x2e,0x70,0x72,0x6f,0x63,0x65,0x73,0x73,0x65,0x73,
0x20,0x7c,0x7c,0x20,0x5b,0x5d,0x29,0x2e,0x6d,0x61,0x70,0x28,0x28,0x70,0x29,0x20,
0x3d,0x3e,0x20,0x70,0x2e,0x6e,0x61,0x6d,0x65,0x20,0x2b,0x20,0x22,0x28,0x50,0x49,
0x44,0x20,0x22,0x20,0x2b,0x20,0x70,0x2e,0x70,0x69,0x64,0x20,0x2b,0x20,0x22,0x29,
0x22,0x29,0x2e,0x6a,0x6f,0x69,0x6e,0x28,0x22,0xe3,0x80,0x81,0x22,0x29,0x3b,0x0a,
0x20,0x20,0x20,0x20,0x20,0x20,0x20,0x20,0x73,0x68,0x6f,0x77,0x54,0x6f,0x61,0x73,
0x74,0x28,0x22,0xf0,0x9f,0x94,0x93,0x20,0xe5,0xb7,0xb2,0xe9,0x87,0x8a,0xe6,0x94,
0xbe,0x20,0x22,0x20,0x2b,0x20,0x64,0x2e,0x63,0x6c,0x6f,0x73,0x65,0x64,0x20,0x2b,
0x20,0x22,0x20,0xe4,0xb8,0xaa,0xe5,0x8f,0xa5,0xe6,0x9f,0x84,0x22,0x2c,0x20,0x6e,
0x61,0x6d,0x65,0x73,0x20,0x7c,0x7c,0x20,0x22,0xe6,0x96,0x87,0xe4,0xbb,0xb6,0xe7,
0x8e,0xb0,0xe5,0x9c,0xa8,0xe5,0x8f,0xaf,0xe4,0xbb,0xa5,0xe6,0x93,0x8d,0xe4,0xbd,
0x9c,0xe4,0xba,0x86,0x22,0x29,0x3b,0x0a,0x20,0x20,0x20,0x20,0x20,0x20,0x20,0x20,
0x72,0x75,0x6e,0x53,0x63,0x61,0x6e,0x28,0x70,0x61,0x74,0x68,0x29,0x3b,0x0a,0x20,
0x20,0x20,0x20,0x20,0x20,0x7d,0x0a,0x20,0x20,0x20,0x20,0x7d,0x20,0x63,0x61,0x74,
0x63,0x68,0x20,0x28,0x65,0x29,0x20,0x7b,0x0a,0x20,0x20,0x20,0x20,0x20,0x20,0x73,
0x68,0x6f,0x77,0x45,0x72,0x72,0x6f,0x72,0x28,0x22,0xe8,0xaf,0xb7,0xe6,0xb1,0x82,
0xe5,0xa4,0xb1,0xe8,0xb4,0xa5,0xef,0xbc,0x9a,0x22,0x20,0x2b,0x20,0x65,0x2e,0x6d,
0x65,0x73,0x73,0x61,0x67,0x65,0x29,0x3b,0x0a,0x20,0x20,0x20,0x20,0x7d,0x20,0x66,
0x69,0x6e,0x61,0x6c,0x6c,0x79,0x20,0x7b,0x0a,0x20,0x20,0x20,0x20,0x20,0x20,0x73,
0x65,0x74,0x42,0x75,0x73,0x79,0x28,0x62,0x74,0x6e,0x2c,0x20,0x66,0x61,0x6c,0x73,
0x65,0x29,0x3b,0x0a,0x20,0x20,0x20,0x20,0x7d,0x0a,0x20,0x20,0x7d,0x29,0x3b,0x0a,
0x0a,0x20,0x20,0x2f,0x2a,0x20,0x2d,0x2d,0x2d,0x2d,0x2d,0x2d,0x2d,0x2d,0x2d,0x2d,
0x20,0xe7,0x9b,0xb4,0xe6,0x8e,0xa5,0xe5,0x88,0xa0,0xe9,0x99,0xa4,0x20,0x2d,0x2d,
0x2d,0x2d,0x2d,0x2d,0x2d,0x2d,0x2d,0x2d,0x20,0x2a,0x2f,0x0a,0x20,0x20,0x24,0x28,
0x22,0x64,0x65,0x6c,0x65,0x74,0x65,0x42,0x74,0x6e,0x22,0x29,0x2e,0x61,0x64,0x64,
0x45,0x76,0x65,0x6e,0x74,0x4c,0x69,0x73,0x74,0x65,0x6e,0x65,0x72,0x28,0x22,0x63,
0x6c,0x69,0x63,0x6b,0x22,0x2c,0x20,0x61,0x73,0x79,0x6e,0x63,0x20,0x28,0x29,0x20,
0x3d,0x3e,0x20,0x7b,0x0a,0x20,0x20,0x20,0x20,0x63,0x6f,0x6e,0x73,0x74,0x20,0x70,
0x61,0x74,0x68,0x20,0x3d,0x20,0x24,0x28,0x22,0x70,0x61,0x74,0x68,0x49,0x6e,0x70,
0x75,0x74,0x22,0x29,0x2e,0x76,0x61,0x6c,0x75,0x65,0x2e,0x74,0x72,0x69,0x6d,0x28,
0x29,0x3b,0x0a,0x20,0x20,0x20,0x20,0x69,0x66,0x20,0x28,0x21,0x70,0x61,0x74,0x68,
0x29,0x20,0x7b,0x20,0x73,0x68,0x6f,0x77,0x45,0x72,0x72,0x6f,0x72,0x28,0x22,0xe8,
0xaf,0xb7,0xe5,0x85,0x88,0xe8,0xbe,0x93,0xe5,0x85,0xa5,0xe6,0x88,0x96,0xe9,0x80,
0x89,0xe6,0x8b,0xa9,0xe4,0xb8,0x80,0xe4,0xb8,0xaa,0xe8,0xb7,0xaf,0xe5,0xbe,0x84,
0x22,0x29,0x3b,0x20,0x72,0x65,0x74,0x75,0x72,0x6e,0x3b,0x20,0x7d,0x0a,0x20,0x20,
0x20,0x20,0x69,0x66,0x20,0x28,0x21,0x63,0x6f,0x6e,0x66,0x69,0x72,0x6d,0x28,0x22,
0xe7,0xa1,0xae,0xe5,0xae,0x9a,0xe5,0x88,0xa0,0xe9,0x99,0xa4,0xe5,0x90,0x97,0xef,
0xbc,0x9f,0xe6,0xad,0xa4,0xe6,0x93,0x8d,0xe4,0xbd,0x9c,0xe4,0xb8,0x8d,0xe5,0x8f,
0xaf,0xe6,0x81,0xa2,0xe5,0xa4,0x8d,0xe3,0x80,0x82,0x5c,0x6e,0x5c,0x6e,0x22,0x20,
0x2b,0x20,0x70,0x61,0x74,0x68,0x29,0x29,0x20,0x72,0x65,0x74,0x75,0x72,0x6e,0x3b,
0x0a,0x20,0x20,0x20,0x20,0x63,0x6f,0x6e,0x73,0x74,0x20,0x62,0x74,0x6e,0x20,0x3d,
0x20,0x24,0x28,0x22,0x64,0x65,0x6c,0x65,0x74,0x65,0x42,0x74,0x6e,0x22,0x29,0x3b,
0x0a,0x20,0x20,0x20,0x20,0x73,0x65,0x74,0x42,0x75,0x73,0x79,0x28,0x62,0x74,0x6e,
0x2c,0x20,0x74,0x72,0x75,0x65,0x2c,0x20,0x22,0xe5,0x88,0xa0,0xe9,0x99,0xa4,0xe4,
0xb8,0xad,0xe2,0x80,0xa6,0x22,0x29,0x3b,0x0a,0x20,0x20,0x20,0x20,0x74,0x72,0x79,
0x20,0x7b,0x0a,0x20,0x20,0x20,0x20,0x20,0x20,0x63,0x6f,0x6e,0x73,0x74,0x20,0x64,
0x20,0x3d,0x20,0x61,0x77,0x61,0x69,0x74,0x20,0x61,0x70,0x69,0x28,0x22,0x2f,0x61,
0x70,0x69,0x2f,0x61,0x63,0x74,0x22,0x2c,0x20,0x7b,0x20,0x6f,0x70,0x3a,0x20,0x22,
0x64,0x65,0x6c,0x65,0x74,0x65,0x22,0x2c,0x20,0x70,0x61,0x74,0x68,0x3a,0x20,0x70,
0x61,0x74,0x68,0x20,0x7d,0x29,0x3b,0x0a,0x20,0x20,0x20,0x20,0x20,0x20,0x69,0x66,
0x20,0x28,0x64,0x2e,0x6f,0x6b,0x29,0x20,0x7b,0x0a,0x20,0x20,0x20,0x20,0x20,0x20,
0x20,0x20,0x73,0x68,0x6f,0x77,0x54,0x6f,0x61,0x73,0x74,0x28,0x22,0xf0,0x9f,0x97,
0x91,0x20,0xe5,0xb7,0xb2,0xe5,0x88,0xa0,0xe9,0x99,0xa4,0x22,0x2c,0x20,0x70,0x61,
0x74,0x68,0x29,0x3b,0x0a,0x20,0x20,0x20,0x20,0x20,0x20,0x20,0x20,0x24,0x28,0x22,
0x72,0x65,0x73,0x75,0x6c,0x74,0x43,0x61,0x72,0x64,0x22,0x29,0x2e,0x63,0x6c,0x61,
0x73,0x73,0x4c,0x69,0x73,0x74,0x2e,0x61,0x64,0x64,0x28,0x22,0x68,0x69,0x64,0x64,
0x65,0x6e,0x22,0x29,0x3b,0x0a,0x20,0x20,0x20,0x20,0x20,0x20,0x20,0x20,0x6c,0x6f,
0x61,0x64,0x48,0x69,0x73,0x74,0x6f,0x72,0x79,0x28,0x29,0x3b,0x0a,0x20,0x20,0x20,
0x20,0x20,0x20,0x7d,0x20,0x65,0x6c,0x73,0x65,0x20,0x7b,0x0a,0x20,0x20,0x20,0x20,
0x20,0x20,0x20,0x20,0x73,0x68,0x6f,0x77,0x45,0x72,0x72,0x6f,0x72,0x28,0x22,0xe5,
0x88,0xa0,0xe9,0x99,0xa4,0xe5,0xa4,0xb1,0xe8,0xb4,0xa5,0xef,0xbc,0x9a,0x22,0x20,
0x2b,0x20,0x28,0x64,0x2e,0x65,0x72,0x72,0x6f,0x72,0x20,0x7c,0x7c,0x20,0x22,0xe6,
0x9c,0xaa,0xe7,0x9f,0xa5,0xe5,0x8e,0x9f,0xe5,0x9b,0xa0,0x22,0x29,0x20,0x2b,0x0a,
0x20,0x20,0x20,0x20,0x20,0x20,0x20,0x20,0x20,0x20,0x20,0x20,0x20,0x20,0x20,0x20,
0x20,0x20,0x22,0xe3,0x80,0x82,0xe5,0x8f,0xaf,0xe5,0x85,0x88,0xe7,0x82,0xb9,0xe3,
0x80,0x8c,0xe9,0x87,0x8a,0xe6,0x94,0xbe,0xe5,0x8d,0xa0,0xe7,0x94,0xa8,0xe3,0x80,
0x8d,0xe5,0x86,0x8d,0xe9,0x87,0x8d,0xe8,0xaf,0x95,0xef,0xbc,0x9b,0xe9,0xa1,0xbd,
0xe5,0x9b,0xba,0xe6,0x96,0x87,0xe4,0xbb,0xb6,0xe8,0xaf,0xb7,0xe7,0x94,0xa8,0xe5,
0x91,0xbd,0xe4,0xbb,0xa4,0xe8,0xa1,0x8c,0xe5,0xbc,0xba,0xe5,0x88,0xb6,0xe5,0x88,
0xa0,0xe9,0x99,0xa4,0x22,0x29,0x3b,0x0a,0x20,0x20,0x20,0x20,0x20,0x20,0x7d,0x0a,
0x20,0x20,0x20,0x20,0x7d,0x20,0x63,0x61,0x74,0x63,0x68,0x20,0x28,0x65,0x29,0x20,
0x7b,0x0a,0x20,0x20,0x20,0x20,0x20,0x20,0x73,0x68,0x6f,0x77,0x45,0x72,0x72,0x6f,
0x72,0x28,0x22,0xe8,0xaf,0xb7,0xe6,0xb1,0x82,0xe5,0xa4,0xb1,0xe8,0xb4,0xa5,0xef,
0xbc,0x9a,0x22,0x20,0x2b,0x20,0x65,0x2e,0x6d,0x65,0x73,0x73,0x61,0x67,0x65,0x29,
0x3b,0x0a,0x20,0x20,0x20,0x20,0x7d,0x20,0x66,0x69,0x6e,0x61,0x6c,0x6c,0x79,0x20,
0x7b,0x0a,0x20,0x20,0x20,0x20,0x20,0x20,0x73,0x65,0x74,0x42,0x75,0x73,0x79,0x28,
0x62,0x74,0x6e,0x2c,0x20,0x66,0x61,0x6c,0x73,0x65,0x29,0x3b,0x0a,0x20,0x20,0x20,
0x20,0x7d,0x0a,0x20,0x20,0x7d,0x29,0x3b,0x0a,0x7d,0x29,0x28,0x29,0x3b,0x0a,
};
static const unsigned int EMB_APP_JS_LEN = 30815;

static const unsigned char EMB_STYLE_CSS[] = {
0x2f,0x2a,0x20,0x66,0x69,0x6c,0x65,0x6c,0x6f,0x63,0x6b,0x20,0xe2,0x80,0x94,0x20,
0xe7,0x95,0x8c,0xe9,0x9d,0xa2,0xe6,0xa0,0xb7,0xe5,0xbc,0x8f,0x20,0x2a,0x2f,0x0a,
0x3a,0x72,0x6f,0x6f,0x74,0x20,0x7b,0x0a,0x20,0x20,0x2d,0x2d,0x62,0x67,0x3a,0x20,
0x23,0x66,0x34,0x66,0x35,0x66,0x39,0x3b,0x0a,0x20,0x20,0x2d,0x2d,0x63,0x61,0x72,
0x64,0x3a,0x20,0x23,0x66,0x66,0x66,0x66,0x66,0x66,0x3b,0x0a,0x20,0x20,0x2d,0x2d,
0x69,0x6e,0x6b,0x3a,0x20,0x23,0x31,0x65,0x32,0x32,0x33,0x33,0x3b,0x0a,0x20,0x20,
0x2d,0x2d,0x6d,0x75,0x74,0x65,0x64,0x3a,0x20,0x23,0x36,0x62,0x37,0x32,0x38,0x30,
0x3b,0x0a,0x20,0x20,0x2d,0x2d,0x6c,0x69,0x6e,0x65,0x3a,0x20,0x23,0x65,0x36,0x65,
0x38,0x65,0x66,0x3b,0x0a,0x20,0x20,0x2d,0x2d,0x61,0x63,0x63,0x65,0x6e,0x74,0x3a,
0x20,0x23,0x34,0x66,0x34,0x36,0x65,0x35,0x3b,0x0a,0x20,0x20,0x2d,0x2d,0x61,0x63,
0x63,0x65,0x6e,0x74,0x2d,0x32,0x3a,0x20,0x23,0x36,0x33,0x36,0x36,0x66,0x31,0x3b,
0x0a,0x20,0x20,0x2d,0x2d,0x67,0x72,0x65,0x65,0x6e,0x3a,0x20,0x23,0x31,0x36,0x61,
0x33,0x34,0x61,0x3b,0x0a,0x20,0x20,0x2d,0x2d,0x72,0x65,0x64,0x3a,0x20,0x23,0x64,
0x63,0x32,0x36,0x32,0x36,0x3b,0x0a,0x20,0x20,0x2d,0x2d,0x61,0x6d,0x62,0x65,0x72,
0x3a,0x20,0x23,0x64,0x39,0x37,0x37,0x30,0x36,0x3b,0x0a,0x20,0x20,0x2d,0x2d,0x72,
0x61,0x64,0x69,0x75,0x73,0x3a,0x20,0x31,0x34,0x70,0x78,0x3b,0x0a,0x20,0x20,0x2d,
0x2d,0x73,0x68,0x61,0x64,0x6f,0x77,0x3a,0x20,0x30,0x20,0x34,0x70,0x78,0x20,0x31,
0x38,0x70,0x78,0x20,0x72,0x67,0x62,0x61,0x28,0x33,0x30,0x2c,0x20,0x33,0x34,0x2c,
0x20,0x35,0x31,0x2c,0x20,0x2e,0x30,0x37,0x29,0x3b,0x0a,0x20,0x20,0x2d,0x2d,0x6d,
0x6f,0x6e,0x6f,0x3a,0x20,0x22,0x53,0x46,0x20,0x4d,0x6f,0x6e,0x6f,0x22,0x2c,0x20,
0x22,0x43,0x61,0x73,0x63,0x61,0x64,0x69,0x61,0x20,0x43,0x6f,0x64,0x65,0x22,0x2c,
0x20,0x43,0x6f,0x6e,0x73,0x6f,0x6c,0x61,0x73,0x2c,0x20,0x22,0x43,0x6f,0x75,0x72,
0x69,0x65,0x72,0x20,0x4e,0x65,0x77,0x22,0x2c,0x20,0x6d,0x6f,0x6e,0x6f,0x73,0x70,
0x61,0x63,0x65,0x3b,0x0a,0x7d,0x0a,0x0a,0x2a,0x20,0x7b,0x20,0x62,0x6f,0x78,0x2d,
0x73,0x69,0x7a,0x69,0x6e,0x67,0x3a,0x20,0x62,0x6f,0x72,0x64,0x65,0x72,0x2d,0x62,
0x6f,0x78,0x3b,0x20,0x7d,0x0a,0x0a,0x62,0x6f,0x64,0x79,0x20,0x7b,0x0a,0x20,0x20,
0x6d,0x61,0x72,0x67,0x69,0x6e,0x3a,0x20,0x30,0x3b,0x0a,0x20,0x20,0x62,0x61,0x63,
0x6b,0x67,0x72,0x6f,0x75,0x6e,0x64,0x3a,0x20,0x76,0x61,0x72,0x28,0x2d,0x2d,0x62,
0x67,0x29,0x3b,0x0a,0x20,0x20,0x63,0x6f,0x6c,0x6f,0x72,0x3a,0x20,0x76,0x61,0x72,
0x28,0x2d,0x2d,0x69,0x6e,0x6b,0x29,0x3b,0x0a,0x20,0x20,0x66,0x6f,0x6e,0x74,0x2d,
0x66,0x61,0x6d,0x69,0x6c,0x79,0x3a,0x20,0x2d,0x61,0x70,0x70,0x6c,0x65,0x2d,0x73,
0x79,0x73,0x74,0x65,0x6d,0x2c,0x20,0x42,0x6c,0x69,0x6e,0x6b,0x4d,0x61,0x63,0x53,
0x79,0x73,0x74,0x65,0x6d,0x46,0x6f,0x6e,0x74,0x2c,0x20,0x22,0x53,0x65,0x67,0x6f,
0x65,0x20,0x55,0x49,0x22,0x2c,0x20,0x22,0x50,0x69,0x6e,0x67,0x46,0x61,0x6e,0x67,
0x20,0x53,0x43,0x22,0x2c,0x0a,0x20,0x20,0x20,0x20,0x20,0x20,0x20,0x20,0x20,0x20,
0x20,0x20,0x20,0x20,0x20,0x22,0x4d,0x69,0x63,0x72,0x6f,0x73,0x6f,0x66,0x74,0x20,
0x59,0x61,0x48,0x65,0x69,0x22,0x2c,0x20,0x22,0x48,0x65,0x6c,0x76,0x65,0x74,0x69,
0x63,0x61,0x20,0x4e,0x65,0x75,0x65,0x22,0x2c,0x20,0x41,0x72,0x69,0x61,0x6c,0x2c,
0x20,0x73,0x61,0x6e,0x73,0x2d,0x73,0x65,0x72,0x69,0x66,0x3b,0x0a,0x20,0x20,0x6c,
0x69,0x6e,0x65,0x2d,0x68,0x65,0x69,0x67,0x68,0x74,0x3a,0x20,0x31,0x2e,0x36,0x3b,
0x0a,0x7d,0x0a,0x0a,0x68,0x65,0x61,0x64,0x65,0x72,0x20,0x7b,0x0a,0x20,0x20,0x62,
0x61,0x63,0x6b,0x67,0x72,0x6f,0x75,0x6e,0x64,0x3a,0x20,0x6c,0x69,0x6e,0x65,0x61,
0x72,0x2d,0x67,0x72,0x61,0x64,0x69,0x65,0x6e,0x74,0x28,0x31,0x33,0x35,0x64,0x65,
0x67,0x2c,0x20,0x23,0x33,0x31,0x32,0x65,0x38,0x31,0x20,0x30,0x25,0x2c,0x20,0x23,
0x34,0x66,0x34,0x36,0x65,0x35,0x20,0x35,0x35,0x25,0x2c,0x20,0x23,0x36,0x33,0x36,
0x36,0x66,0x31,0x20,0x31,0x30,0x30,0x25,0x29,0x3b,0x0a,0x20,0x20,0x63,0x6f,0x6c,
0x6f,0x72,0x3a,0x20,0x23,0x66,0x66,0x66,0x3b,0x0a,0x20,0x20,0x70,0x61,0x64,0x64,
0x69,0x6e,0x67,0x3a,0x20,0x32,0x36,0x70,0x78,0x20,0x32,0x38,0x70,0x78,0x3b,0x0a,
0x20,0x20,0x64,0x69,0x73,0x70,0x6c,0x61,0x79,0x3a,0x20,0x66,0x6c,0x65,0x78,0x3b,
0x0a,0x20,0x20,0x61,0x6c,0x69,0x67,0x6e,0x2d,0x69,0x74,0x65,0x6d,0x73,0x3a,0x20,
0x63,0x65,0x6e,0x74,0x65,0x72,0x3b,0x0a,0x20,0x20,0x6a,0x75,0x73,0x74,0x69,0x66,
0x79,0x2d,0x63,0x6f,0x6e,0x74,0x65,0x6e,0x74,0x3a,0x20,0x73,0x70,0x61,0x63,0x65,
0x2d,0x62,0x65,0x74,0x77,0x65,0x65,0x6e,0x3b,0x0a,0x20,0x20,0x67,0x61,0x70,0x3a,
0x20,0x31,0x36,0x70,0x78,0x3b,0x0a,0x7d,0x0a,0x0a,0x2e,0x62,0x72,0x61,0x6e,0x64,
0x20,0x7b,0x20,0x64,0x69,0x73,0x70,0x6c,0x61,0x79,0x3a,0x20,0x66,0x6c,0x65,0x78,
0x3b,0x20,0x61,0x6c,0x69,0x67,0x6e,0x2d,0x69,0x74,0x65,0x6d,0x73,0x3a,0x20,0x63,
0x65,0x6e,0x74,0x65,0x72,0x3b,0x20,0x67,0x61,0x70,0x3a,0x20,0x31,0x36,0x70,0x78,
0x3b,0x20,0x7d,0x0a,0x0a,0x2e,0x6c,0x6f,0x67,0x6f,0x20,0x7b,0x0a,0x20,0x20,0x77,
0x69,0x64,0x74,0x68,0x3a,0x20,0x35,0x32,0x70,0x78,0x3b,0x20,0x68,0x65,0x69,0x67,
0x68,0x74,0x3a,0x20,0x35,0x32,0x70,0x78,0x3b,0x0a,0x20,0x20,0x62,0x61,0x63,0x6b,
0x67,0x72,0x6f,0x75,0x6e,0x64,0x3a,0x20,0x72,0x67,0x62,0x61,0x28,0x32,0x35,0x35,
0x2c,0x20,0x32,0x35,0x35,0x2c,0x20,0x32,0x35,0x35,0x2c,0x20,0x2e,0x31,0x36,0x29,
0x3b,0x0a,0x20,0x20,0x62,0x6f,0x72,0x64,0x65,0x72,0x2d,0x72,0x61,0x64,0x69,0x75,
0x73,0x3a,0x20,0x31,0x34,0x70,0x78,0x3b,0x0a,0x20,0x20,0x64,0x69,0x73,0x70,0x6c,
0x61,0x79,0x3a,0x20,0x66,0x6c,0x65,0x78,0x3b,0x20,0x61,0x6c,0x69,0x67,0x6e,0x2d,
0x69,0x74,0x65,0x6d,0x73,0x3a,0x20,0x63,0x65,0x6e,0x74,0x65,0x72,0x3b,0x20,0x6a,
0x75,0x73,0x74,0x69,0x66,0x79,0x2d,0x63,0x6f,0x6e,0x74,0x65,0x6e,0x74,0x3a,0x20,
0x63,0x65,0x6e,0x74,0x65,0x72,0x3b,0x0a,0x20,0x20,0x66,0x6f,0x6e,0x74,0x2d,0x73,
0x69,0x7a,0x65,0x3a,0x20,0x32,0x36,0x70,0x78,0x3b,0x0a,0x7d,0x0a,0x0a,0x68,0x65,
0x61,0x64,0x65,0x72,0x20,0x68,0x31,0x20,0x7b,0x20,0x6d,0x61,0x72,0x67,0x69,0x6e,
0x3a,0x20,0x30,0x3b,0x20,0x66,0x6f,0x6e,0x74,0x2d,0x73,0x69,0x7a,0x65,0x3a,0x20,
0x32,0x32,0x70,0x78,0x3b,0x20,0x6c,0x65,0x74,0x74,0x65,0x72,0x2d,0x73,0x70,0x61,
0x63,0x69,0x6e,0x67,0x3a,0x20,0x2e,0x35,0x70,0x78,0x3b,0x20,0x7d,0x0a,0x68,0x65,
0x61,0x64,0x65,0x72,0x20,0x70,0x20,0x20,0x7b,0x20,0x6d,0x61,0x72,0x67,0x69,0x6e,
0x3a,0x20,0x32,0x70,0x78,0x20,0x30,0x20,0x30,0x3b,0x20,0x6f,0x70,0x61,0x63,0x69,
0x74,0x79,0x3a,0x20,0x2e,0x38,0x35,0x3b,0x20,0x66,0x6f,0x6e,0x74,0x2d,0x73,0x69,
0x7a,0x65,0x3a,0x20,0x31,0x33,0x70,0x78,0x3b,0x20,0x7d,0x0a,0x0a,0x2e,0x62,0x61,
0x64,0x67,0x65,0x2e,0x70,0x6c,0x61,0x74,0x66,0x6f,0x72,0x6d,0x20,0x7b,0x0a,0x20,
0x20,0x62,0x61,0x63,0x6b,0x67,0x72,0x6f,0x75,0x6e,0x64,0x3a,0x20,0x72,0x67,0x62,
0x61,0x28,0x32,0x35,0x35,0x2c,0x20,0x32,0x35,0x35,0x2c,0x20,0x32,0x35,0x35,0x2c,
0x20,0x2e,0x31,0x38,0x29,0x3b,0x0a,0x20,0x20,0x62,0x6f,0x72,0x64,0x65,0x72,0x3a,
0x20,0x31,0x70,0x78,0x20,0x73,0x6f,0x6c,0x69,0x64,0x20,0x72,0x67,0x62,0x61,0x28,
0x32,0x35,0x35,0x2c,0x20,0x32,0x35,0x35,0x2c,0x20,0x32,0x35,0x35,0x2c,0x20,0x2e,
0x32,0x35,0x29,0x3b,0x0a,0x20,0x20,0x70,0x61,0x64,0x64,0x69,0x6e,0x67,0x3a,0x20,
0x36,0x70,0x78,0x20,0x31,0x34,0x70,0x78,0x3b,0x0a,0x20,0x20,0x62,0x6f,0x72,0x64,
0x65,0x72,0x2d,0x72,0x61,0x64,0x69,0x75,0x73,0x3a,0x20,0x39,0x39,0x39,0x70,0x78,
0x3b,0x0a,0x20,0x20,0x66,0x6f,0x6e,0x74,0x2d,0x73,0x69,0x7a,0x65,0x3a,0x20,0x31,
0x33,0x70,0x78,0x3b,0x0a,0x20,0x20,0x77,0x68,0x69,0x74,0x65,0x2d,0x73,0x70,0x61,
0x63,0x65,0x3a,0x20,0x6e,0x6f,0x77,0x72,0x61,0x70,0x3b,0x0a,0x7d,0x0a,0x0a,0x6d,
0x61,0x69,0x6e,0x20,0x7b,0x0a,0x20,0x20,0x6d,0x61,0x78,0x2d,0x77,0x69,0x64,0x74,
0x68,0x3a,0x20,0x39,0x30,0x30,0x70,0x78,0x3b,0x0a,0x20,0x20,0x6d,0x61,0x72,0x67,
0x69,0x6e,0x3a,0x20,0x2d,0x32,0x32,0x70,0x78,0x20,0x61,0x75,0x74,0x6f,0x20,0x34,
0x30,0x70,0x78,0x3b,0x0a,0x20,0x20,0x70,0x61,0x64,0x64,0x69,0x6e,0x67,0x3a,0x20,
0x30,0x20,0x31,0x38,0x70,0x78,0x3b,0x0a,0x20,0x20,0x64,0x69,0x73,0x70,0x6c,0x61,
0x79,0x3a,0x20,0x66,0x6c,0x65,0x78,0x3b,0x0a,0x20,0x20,0x66,0x6c,0x65,0x78,0x2d,
0x64,0x69,0x72,0x65,0x63,0x74,0x69,0x6f,0x6e,0x3a,0x20,0x63,0x6f,0x6c,0x75,0x6d,
0x6e,0x3b,0x0a,0x20,0x20,0x67,0x61,0x70,0x3a,0x20,0x31,0x38,0x70,0x78,0x3b,0x0a,
0x7d,0x0a,0x0a,0x2e,0x63,0x61,0x72,0x64,0x20,0x7b,0x0a,0x20,0x20,0x62,0x61,0x63,
0x6b,0x67,0x72,0x6f,0x75,0x6e,0x64,0x3a,0x20,0x76,0x61,0x72,0x28,0x2d,0x2d,0x63,
0x61,0x72,0x64,0x29,0x3b,0x0a,0x20,0x20,0x62,0x6f,0x72,0x64,0x65,0x72,0x2d,0x72,
0x61,0x64,0x69,0x75,0x73,0x3a,0x20,0x76,0x61,0x72,0x28,0x2d,0x2d,0x72,0x61,0x64,
0x69,0x75,0x73,0x29,0x3b,0x0a,0x20,0x20,0x62,0x6f,0x78,0x2d,0x73,0x68,0x61,0x64,
0x6f,0x77,0x3a,0x20,0x76,0x61,0x72,0x28,0x2d,0x2d,0x73,0x68,0x61,0x64,0x6f,0x77,
0x29,0x3b,0x0a,0x20,0x20,0x70,0x61,0x64,0x64,0x69,0x6e,0x67,0x3a,0x20,0x32,0x32,
0x70,0x78,0x20,0x32,0x34,0x70,0x78,0x3b,0x0a,0x7d,0x0a,0x0a,0x2f,0x2a,0x20,0x2d,
0x2d,0x2d,0x2d,0x20,0x74,0x61,0x62,0x73,0x20,0x2d,0x2d,0x2d,0x2d,0x20,0x2a,0x2f,
0x0a,0x2e,0x74,0x61,0x62,0x73,0x20,0x7b,0x20,0x64,0x69,0x73,0x70,0x6c,0x61,0x79,
0x3a,0x20,0x66,0x6c,0x65,0x78,0x3b,0x20,0x67,0x61,0x70,0x3a,0x20,0x38,0x70,0x78,
0x3b,0x20,0x6d,0x61,0x72,0x67,0x69,0x6e,0x2d,0x62,0x6f,0x74,0x74,0x6f,0x6d,0x3a,
0x20,0x31,0x38,0x70,0x78,0x3b,0x20,0x62,0x6f,0x72,0x64,0x65,0x72,0x2d,0x62,0x6f,
0x74,0x74,0x6f,0x6d,0x3a,0x20,0x32,0x70,0x78,0x20,0x73,0x6f,0x6c,0x69,0x64,0x20,
0x76,0x61,0x72,0x28,0x2d,0x2d,0x6c,0x69,0x6e,0x65,0x29,0x3b,0x20,0x7d,0x0a,0x0a,
0x2e,0x74,0x61,0x62,0x20,0x7b,0x0a,0x20,0x20,0x62,0x6f,0x72,0x64,0x65,0x72,0x3a,
0x20,0x6e,0x6f,0x6e,0x65,0x3b,0x0a,0x20,0x20,0x62,0x61,0x63,0x6b,0x67,0x72,0x6f,
0x75,0x6e,0x64,0x3a,0x20,0x6e,0x6f,0x6e,0x65,0x3b,0x0a,0x20,0x20,0x70,0x61,0x64,
0x64,0x69,0x6e,0x67,0x3a,0x20,0x31,0x30,0x70,0x78,0x20,0x31,0x36,0x70,0x78,0x3b,
0x0a,0x20,0x20,0x66,0x6f,0x6e,0x74,0x2d,0x73,0x69,0x7a,0x65,0x3a,0x20,0x31,0x35,
0x70,0x78,0x3b,0x0a,0x20,0x20,0x63,0x6f,0x6c,0x6f,0x72,0x3a,0x20,0x76,0x61,0x72,
0x28,0x2d,0x2d,0x6d,0x75,0x74,0x65,0x64,0x29,0x3b,0x0a,0x20,0x20,0x63,0x75,0x72,
0x73,0x6f,0x72,0x3a,0x20,0x70,0x6f,0x69,0x6e,0x74,0x65,0x72,0x3b,0x0a,0x20,0x20,
0x62,0x6f,0x72,0x64,0x65,0x72,0x2d,0x62,0x6f,0x74,0x74,0x6f,0x6d,0x3a,0x20,0x33,
0x70,0x78,0x20,0x73,0x6f,0x6c,0x69,0x64,0x20,0x74,0x72,0x61,0x6e,0x73,0x70,0x61,
0x72,0x65,0x6e,0x74,0x3b,0x0a,0x20,0x20,0x6d,0x61,0x72,0x67,0x69,0x6e,0x2d,0x62,
0x6f,0x74,0x74,0x6f,0x6d,0x3a,0x20,0x2d,0x32,0x70,0x78,0x3b,0x0a,0x20,0x20,0x62,
0x6f,0x72,0x64,0x65,0x72,0x2d,0x72,0x61,0x64,0x69,0x75,0x73,0x3a,0x20,0x38,0x70,
0x78,0x20,0x38,0x70,0x78,0x20,0x30,0x20,0x30,0x3b,0x0a,0x20,0x20,0x74,0x72,0x61,
0x6e,0x73,0x69,0x74,0x69,0x6f,0x6e,0x3a,0x20,0x61,0x6c,0x6c,0x20,0x2e,0x31,0x35,
0x73,0x3b,0x0a,0x7d,0x0a,0x2e,0x74,0x61,0x62,0x3a,0x68,0x6f,0x76,0x65,0x72,0x20,
0x7b,0x20,0x63,0x6f,0x6c,0x6f,0x72,0x3a,0x20,0x76,0x61,0x72,0x28,0x2d,0x2d,0x69,
0x6e,0x6b,0x29,0x3b,0x20,0x62,0x61,0x63,0x6b,0x67,0x72,0x6f,0x75,0x6e,0x64,0x3a,
0x20,0x23,0x66,0x37,0x66,0x38,0x66,0x63,0x3b,0x20,0x7d,0x0a,0x2e,0x74,0x61,0x62,
0x2e,0x61,0x63,0x74,0x69,0x76,0x65,0x20,0x7b,0x0a,0x20,0x20,0x63,0x6f,0x6c,0x6f,
0x72,0x3a,0x20,0x76,0x61,0x72,0x28,0x2d,0x2d,0x61,0x63,0x63,0x65,0x6e,0x74,0x29,
0x3b,0x0a,0x20,0x20,0x62,0x6f,0x72,0x64,0x65,0x72,0x2d,0x62,0x6f,0x74,0x74,0x6f,
0x6d,0x2d,0x63,0x6f,0x6c,0x6f,0x72,0x3a,0x20,0x76,0x61,0x72,0x28,0x2d,0x2d,0x61,
0x63,0x63,0x65,0x6e,0x74,0x29,0x3b,0x0a,0x20,0x20,0x66,0x6f,0x6e,0x74,0x2d,0x77,
0x65,0x69,0x67,0x68,0x74,0x3a,0x20,0x36,0x30,0x30,0x3b,0x0a,0x7d,0x0a,0x0a,0x2e,
0x70,0x61,0x6e,0x65,0x6c,0x20,0x7b,0x20,0x64,0x69,0x73,0x70,0x6c,0x61,0x79,0x3a,
0x20,0x6e,0x6f,0x6e,0x65,0x3b,0x20,0x7d,0x0a,0x2e,0x70,0x61,0x6e,0x65,0x6c,0x2e,
0x61,0x63,0x74,0x69,0x76,0x65,0x20,0x7b,0x20,0x64,0x69,0x73,0x70,0x6c,0x61,0x79,
0x3a,0x20,0x62,0x6c,0x6f,0x63,0x6b,0x3b,0x20,0x7d,0x0a,0x0a,0x2f,0x2a,0x20,0x2d,
0x2d,0x2d,0x2d,0x20,0x69,0x6e,0x70,0x75,0x74,0x73,0x20,0x2d,0x2d,0x2d,0x2d,0x20,
0x2a,0x2f,0x0a,0x2e,0x72,0x6f,0x77,0x20,0x7b,0x20,0x64,0x69,0x73,0x70,0x6c,0x61,
0x79,0x3a,0x20,0x66,0x6c,0x65,0x78,0x3b,0x20,0x67,0x61,0x70,0x3a,0x20,0x31,0x30,
0x70,0x78,0x3b,0x20,0x6d,0x61,0x72,0x67,0x69,0x6e,0x2d,0x62,0x6f,0x74,0x74,0x6f,
0x6d,0x3a,0x20,0x31,0x32,0x70,0x78,0x3b,0x20,0x7d,0x0a,0x2e,0x72,0x6f,0x77,0x2e,
0x62,0x74,0x6e,0x73,0x20,0x7b,0x20,0x6d,0x61,0x72,0x67,0x69,0x6e,0x2d,0x74,0x6f,
0x70,0x3a,0x20,0x34,0x70,0x78,0x3b,0x20,0x66,0x6c,0x65,0x78,0x2d,0x77,0x72,0x61,
0x70,0x3a,0x20,0x77,0x72,0x61,0x70,0x3b,0x20,0x7d,0x0a,0x0a,0x69,0x6e,0x70,0x75,
0x74,0x5b,0x74,0x79,0x70,0x65,0x3d,0x22,0x74,0x65,0x78,0x74,0x22,0x5d,0x2c,0x20,
0x74,0x65,0x78,0x74,0x61,0x72,0x65,0x61,0x20,0x7b,0x0a,0x20,0x20,0x77,0x69,0x64,
0x74,0x68,0x3a,0x20,0x31,0x30,0x30,0x25,0x3b,0x0a,0x20,0x20,0x70,0x61,0x64,0x64,
0x69,0x6e,0x67,0x3a,0x20,0x31,0x32,0x70,0x78,0x20,0x31,0x34,0x70,0x78,0x3b,0x0a,
0x20,0x20,0x62,0x6f,0x72,0x64,0x65,0x72,0x3a,0x20,0x31,0x2e,0x35,0x70,0x78,0x20,
0x73,0x6f,0x6c,0x69,0x64,0x20,0x76,0x61,0x72,0x28,0x2d,0x2d,0x6c,0x69,0x6e,0x65,
0x29,0x3b,0x0a,0x20,0x20,0x62,0x6f,0x72,0x64,0x65,0x72,0x2d,0x72,0x61,0x64,0x69,
0x75,0x73,0x3a,0x20,0x31,0x30,0x70,0x78,0x3b,0x0a,0x20,0x20,0x66,0x6f,0x6e,0x74,
0x2d,0x73,0x69,0x7a,0x65,0x3a,0x20,0x31,0x35,0x70,0x78,0x3b,0x0a,0x20,0x20,0x66,
0x6f,0x6e,0x74,0x2d,0x66,0x61,0x6d,0x69,0x6c,0x79,0x3a,0x20,0x69,0x6e,0x68,0x65,
0x72,0x69,0x74,0x3b,0x0a,0x20,0x20,0x63,0x6f,0x6c,0x6f,0x72,0x3a,0x20,0x76,0x61,
0x72,0x28,0x2d,0x2d,0x69,0x6e,0x6b,0x29,0x3b,0x0a,0x20,0x20,0x62,0x61,0x63,0x6b,
0x67,0x72,0x6f,0x75,0x6e,0x64,0x3a,0x20,0x23,0x66,0x62,0x66,0x62,0x66,0x65,0x3b,
0x0a,0x20,0x20,0x74,0x72,0x61,0x6e,0x73,0x69,0x74,0x69,0x6f,0x6e,0x3a,0x20,0x62,
0x6f,0x72,0x64,0x65,0x72,0x20,0x2e,0x31,0x35,0x73,0x2c,0x20,0x62,0x6f,0x78,0x2d,
0x73,0x68,0x61,0x64,0x6f,0x77,0x20,0x2e,0x31,0x35,0x73,0x3b,0x0a,0x20,0x20,0x72,
0x65,0x73,0x69,0x7a,0x65,0x3a,0x20,0x76,0x65,0x72,0x74,0x69,0x63,0x61,0x6c,0x3b,
0x0a,0x7d,0x0a,0x69,0x6e,0x70,0x75,0x74,0x5b,0x74,0x79,0x70,0x65,0x3d,0x22,0x74,
0x65,0x78,0x74,0x22,0x5d,0x3a,0x66,0x6f,0x63,0x75,0x73,0x2c,0x20,0x74,0x65,0x78,
0x74,0x61,0x72,0x65,0x61,0x3a,0x66,0x6f,0x63,0x75,0x73,0x20,0x7b,0x0a,0x20,0x20,
0x6f,0x75,0x74,0x6c,0x69,0x6e,0x65,0x3a,0x20,0x6e,0x6f,0x6e,0x65,0x3b,0x0a,0x20,
0x20,0x62,0x6f,0x72,0x64,0x65,0x72,0x2d,0x63,0x6f,0x6c,0x6f,0x72,0x3a,0x20,0x76,
0x61,0x72,0x28,0x2d,0x2d,0x61,0x63,0x63,0x65,0x6e,0x74,0x2d,0x32,0x29,0x3b,0x0a,
0x20,0x20,0x62,0x6f,0x78,0x2d,0x73,0x68,0x61,0x64,0x6f,0x77,0x3a,0x20,0x30,0x20,
0x30,0x20,0x30,0x20,0x33,0x70,0x78,0x20,0x72,0x67,0x62,0x61,0x28,0x39,0x39,0x2c,
0x20,0x31,0x30,0x32,0x2c,0x20,0x32,0x34,0x31,0x2c,0x20,0x2e,0x31,0x35,0x29,0x3b,
0x0a,0x7d,0x0a,0x0a,0x2e,0x63,0x68,0x65,0x63,0x6b,0x20,0x7b,0x0a,0x20,0x20,0x64,
0x69,0x73,0x70,0x6c,0x61,0x79,0x3a,0x20,0x66,0x6c,0x65,0x78,0x3b,0x20,0x61,0x6c,
0x69,0x67,0x6e,0x2d,0x69,0x74,0x65,0x6d,0x73,0x3a,0x20,0x63,0x65,0x6e,0x74,0x65,
0x72,0x3b,0x20,0x67,0x61,0x70,0x3a,0x20,0x38,0x70,0x78,0x3b,0x0a,0x20,0x20,0x63,
0x6f,0x6c,0x6f,0x72,0x3a,0x20,0x76,0x61,0x72,0x28,0x2d,0x2d,0x6d,0x75,0x74,0x65,
0x64,0x29,0x3b,0x20,0x66,0x6f,0x6e,0x74,0x2d,0x73,0x69,0x7a,0x65,0x3a,0x20,0x31,
0x33,0x70,0x78,0x3b,0x20,0x63,0x75,0x72,0x73,0x6f,0x72,0x3a,0x20,0x70,0x6f,0x69,
0x6e,0x74,0x65,0x72,0x3b,0x20,0x75,0x73,0x65,0x72,0x2d,0x73,0x65,0x6c,0x65,0x63,
0x74,0x3a,0x20,0x6e,0x6f,0x6e,0x65,0x3b,0x0a,0x7d,0x0a,0x0a,0x2f,0x2a,0x20,0x2d,
0x2d,0x2d,0x2d,0x20,0x62,0x75,0x74,0x74,0x6f,0x6e,0x73,0x20,0x2d,0x2d,0x2d,0x2d,
0x20,0x2a,0x2f,0x0a,0x2e,0x62,0x74,0x6e,0x20,0x7b,0x0a,0x20,0x20,0x62,0x6f,0x72,
0x64,0x65,0x72,0x3a,0x20,0x6e,0x6f,0x6e,0x65,0x3b,0x0a,0x20,0x20,0x62,0x6f,0x72,
0x64,0x65,0x72,0x2d,0x72,0x61,0x64,0x69,0x75,0x73,0x3a,0x20,0x31,0x30,0x70,0x78,
0x3b,0x0a,0x20,0x20,0x70,0x61,0x64,0x64,0x69,0x6e,0x67,0x3a,0x20,0x31,0x31,0x70,
0x78,0x20,0x32,0x30,0x70,0x78,0x3b,0x0a,0x20,0x20,0x66,0x6f,0x6e,0x74,0x2d,0x73,
0x69,0x7a,0x65,0x3a,0x20,0x31,0x34,0x2e,0x35,0x70,0x78,0x3b,0x0a,0x20,0x20,0x66,
0x6f,0x6e,0x74,0x2d,0x77,0x65,0x69,0x67,0x68,0x74,0x3a,0x20,0x36,0x30,0x30,0x3b,
0x0a,0x20,0x20,0x63,0x75,0x72,0x73,0x6f,0x72,0x3a,0x20,0x70,0x6f,0x69,0x6e,0x74,
0x65,0x72,0x3b,0x0a,0x20,0x20,0x74,0x72,0x61,0x6e,0x73,0x69,0x74,0x69,0x6f,0x6e,
0x3a,0x20,0x61,0x6c,0x6c,0x20,0x2e,0x31,0x35,0x73,0x3b,0x0a,0x20,0x20,0x66,0x6f,
0x6e,0x74,0x2d,0x66,0x61,0x6d,0x69,0x6c,0x79,0x3a,0x20,0x69,0x6e,0x68,0x65,0x72,
0x69,0x74,0x3b,0x0a,0x7d,0x0a,0x2e,0x62,0x74,0x6e,0x3a,0x61,0x63,0x74,0x69,0x76,
0x65,0x20,0x7b,0x20,0x74,0x72,0x61,0x6e,0x73,0x66,0x6f,0x72,0x6d,0x3a,0x20,0x74,
0x72,0x61,0x6e,0x73,0x6c,0x61,0x74,0x65,0x59,0x28,0x31,0x70,0x78,0x29,0x3b,0x20,
0x7d,0x0a,0x2e,0x62,0x74,0x6e,0x2e,0x70,0x72,0x69,0x6d,0x61,0x72,0x79,0x20,0x7b,
0x0a,0x20,0x20,0x62,0x61,0x63,0x6b,0x67,0x72,0x6f,0x75,0x6e,0x64,0x3a,0x20,0x76,
0x61,0x72,0x28,0x2d,0x2d,0x61,0x63,0x63,0x65,0x6e,0x74,0x29,0x3b,0x0a,0x20,0x20,
0x63,0x6f,0x6c,0x6f,0x72,0x3a,0x20,0x23,0x66,0x66,0x66,0x3b,0x0a,0x20,0x20,0x62,
0x6f,0x78,0x2d,0x73,0x68,0x61,0x64,0x6f,0x77,0x3a,0x20,0x30,0x20,0x34,0x70,0x78,
0x20,0x31,0x32,0x70,0x78,0x20,0x72,0x67,0x62,0x61,0x28,0x37,0x39,0x2c,0x20,0x37,
0x30,0x2c,0x20,0x32,0x32,0x39,0x2c,0x20,0x2e,0x33,0x29,0x3b,0x0a,0x7d,0x0a,0x2e,
0x62,0x74,0x6e,0x2e,0x70,0x72,0x69,0x6d,0x61,0x72,0x79,0x3a,0x68,0x6f,0x76,0x65,
0x72,0x20,0x7b,0x20,0x62,0x61,0x63,0x6b,0x67,0x72,0x6f,0x75,0x6e,0x64,0x3a,0x20,
0x23,0x34,0x33,0x33,0x38,0x63,0x61,0x3b,0x20,0x7d,0x0a,0x2e,0x62,0x74,0x6e,0x2e,
0x70,0x72,0x69,0x6d,0x61,0x72,0x79,0x3a,0x64,0x69,0x73,0x61,0x62,0x6c,0x65,0x64,
0x20,0x7b,0x20,0x62,0x61,0x63,0x6b,0x67,0x72,0x6f,0x75,0x6e,0x64,0x3a,0x20,0x23,
0x61,0x35,0x62,0x34,0x66,0x63,0x3b,0x20,0x63,0x75,0x72,0x73,0x6f,0x72,0x3a,0x20,
0x6e,0x6f,0x74,0x2d,0x61,0x6c,0x6c,0x6f,0x77,0x65,0x64,0x3b,0x20,0x62,0x6f,0x78,
0x2d,0x73,0x68,0x61,0x64,0x6f,0x77,0x3a,0x20,0x6e,0x6f,0x6e,0x65,0x3b,0x20,0x7d,
0x0a,0x2e,0x62,0x74,0x6e,0x2e,0x67,0x68,0x6f,0x73,0x74,0x20,0x7b,0x0a,0x20,0x20,
0x62,0x61,0x63,0x6b,0x67,0x72,0x6f,0x75,0x6e,0x64,0x3a,0x20,0x23,0x65,0x65,0x66,
0x30,0x66,0x62,0x3b,0x0a,0x20,0x20,0x63,0x6f,0x6c,0x6f,0x72,0x3a,0x20,0x76,0x61,
0x72,0x28,0x2d,0x2d,0x61,0x63,0x63,0x65,0x6e,0x74,0x29,0x3b,0x0a,0x7d,0x0a,0x2e,
0x62,0x74,0x6e,0x2e,0x67,0x68,0x6f,0x73,0x74,0x3a,0x68,0x6f,0x76,0x65,0x72,0x20,
0x7b,0x20,0x62,0x61,0x63,0x6b,0x67,0x72,0x6f,0x75,0x6e,0x64,0x3a,0x20,0x23,0x65,
0x33,0x65,0x36,0x66,0x61,0x3b,0x20,0x7d,0x0a,0x2e,0x62,0x74,0x6e,0x2e,0x64,0x61,
0x6e,0x67,0x65,0x72,0x20,0x7b,0x0a,0x20,0x20,0x62,0x61,0x63,0x6b,0x67,0x72,0x6f,
0x75,0x6e,0x64,0x3a,0x20,0x23,0x66,0x65,0x65,0x32,0x65,0x32,0x3b,0x0a,0x20,0x20,
0x63,0x6f,0x6c,0x6f,0x72,0x3a,0x20,0x76,0x61,0x72,0x28,0x2d,0x2d,0x72,0x65,0x64,
0x29,0x3b,0x0a,0x20,0x20,0x70,0x61,0x64,0x64,0x69,0x6e,0x67,0x3a,0x20,0x36,0x70,
0x78,0x20,0x31,0x32,0x70,0x78,0x3b,0x0a,0x20,0x20,0x66,0x6f,0x6e,0x74,0x2d,0x73,
0x69,0x7a,0x65,0x3a,0x20,0x31,0x32,0x2e,0x35,0x70,0x78,0x3b,0x0a,0x7d,0x0a,0x2e,
0x62,0x74,0x6e,0x2e,0x64,0x61,0x6e,0x67,0x65,0x72,0x3a,0x68,0x6f,0x76,0x65,0x72,
0x20,0x7b,0x20,0x62,0x61,0x63,0x6b,0x67,0x72,0x6f,0x75,0x6e,0x64,0x3a,0x20,0x23,
0x66,0x65,0x63,0x61,0x63,0x61,0x3b,0x20,0x7d,0x0a,0x0a,0x2f,0x2a,0x20,0x2d,0x2d,
0x2d,0x2d,0x20,0x63,0x68,0x69,0x70,0x73,0x20,0x2d,0x2d,0x2d,0x2d,0x20,0x2a,0x2f,
0x0a,0x2e,0x63,0x68,0x69,0x70,0x73,0x20,0x7b,0x20,0x64,0x69,0x73,0x70,0x6c,0x61,
0x79,0x3a,0x20,0x66,0x6c,0x65,0x78,0x3b,0x20,0x67,0x61,0x70,0x3a,0x20,0x38,0x70,
0x78,0x3b,0x20,0x61,0x6c,0x69,0x67,0x6e,0x2d,0x69,0x74,0x65,0x6d,0x73,0x3a,0x20,
0x63,0x65,0x6e,0x74,0x65,0x72,0x3b,0x20,0x66,0x6c,0x65,0x78,0x2d,0x77,0x72,0x61,
0x70,0x3a,0x20,0x77,0x72,0x61,0x70,0x3b,0x20,0x6d,0x61,0x72,0x67,0x69,0x6e,0x3a,
0x20,0x31,0x30,0x70,0x78,0x20,0x30,0x3b,0x20,0x7d,0x0a,0x2e,0x63,0x68,0x69,0x70,
0x2d,0x6c,0x61,0x62,0x65,0x6c,0x20,0x7b,0x20,0x63,0x6f,0x6c,0x6f,0x72,0x3a,0x20,
0x76,0x61,0x72,0x28,0x2d,0x2d,0x6d,0x75,0x74,0x65,0x64,0x29,0x3b,0x20,0x66,0x6f,
0x6e,0x74,0x2d,0x73,0x69,0x7a,0x65,0x3a,0x20,0x31,0x33,0x70,0x78,0x3b,0x20,0x7d,
0x0a,0x2e,0x63,0x68,0x69,0x70,0x20,0x7b,0x0a,0x20,0x20,0x62,0x6f,0x72,0x64,0x65,
0x72,0x3a,0x20,0x31,0x70,0x78,0x20,0x73,0x6f,0x6c,0x69,0x64,0x20,0x76,0x61,0x72,
0x28,0x2d,0x2d,0x6c,0x69,0x6e,0x65,0x29,0x3b,0x0a,0x20,0x20,0x62,0x61,0x63,0x6b,
0x67,0x72,0x6f,0x75,0x6e,0x64,0x3a,0x20,0x23,0x66,0x61,0x66,0x61,0x66,0x65,0x3b,
0x0a,0x20,0x20,0x63,0x6f,0x6c,0x6f,0x72,0x3a,0x20,0x76,0x61,0x72,0x28,0x2d,0x2d,
0x69,0x6e,0x6b,0x29,0x3b,0x0a,0x20,0x20,0x70,0x61,0x64,0x64,0x69,0x6e,0x67,0x3a,
0x20,0x35,0x70,0x78,0x20,0x31,0x32,0x70,0x78,0x3b,0x0a,0x20,0x20,0x62,0x6f,0x72,
0x64,0x65,0x72,0x2d,0x72,0x61,0x64,0x69,0x75,0x73,0x3a,0x20,0x39,0x39,0x39,0x70,
0x78,0x3b,0x0a,0x20,0x20,0x66,0x6f,0x6e,0x74,0x2d,0x73,0x69,0x7a,0x65,0x3a,0x20,
0x31,0x32,0x2e,0x35,0x70,0x78,0x3b,0x0a,0x20,0x20,0x63,0x75,0x72,0x73,0x6f,0x72,
0x3a,0x20,0x70,0x6f,0x69,0x6e,0x74,0x65,0x72,0x3b,0x0a,0x20,0x20,0x74,0x72,0x61,
0x6e,0x73,0x69,0x74,0x69,0x6f,0x6e,0x3a,0x20,0x61,0x6c,0x6c,0x20,0x2e,0x31,0x35,
0x73,0x3b,0x0a,0x7d,0x0a,0x2e,0x63,0x68,0x69,0x70,0x3a,0x68,0x6f,0x76,0x65,0x72,
0x20,0x7b,0x20,0x62,0x6f,0x72,0x64,0x65,0x72,0x2d,0x63,0x6f,0x6c,0x6f,0x72,0x3a,
0x20,0x76,0x61,0x72,0x28,0x2d,0x2d,0x61,0x63,0x63,0x65,0x6e,0x74,0x2d,0x32,0x29,
0x3b,0x20,0x63,0x6f,0x6c,0x6f,0x72,0x3a,0x20,0x76,0x61,0x72,0x28,0x2d,0x2d,0x61,
0x63,0x63,0x65,0x6e,0x74,0x29,0x3b,0x20,0x62,0x61,0x63,0x6b,0x67,0x72,0x6f,0x75,
0x6e,0x64,0x3a,0x20,0x23,0x65,0x65,0x66,0x30,0x66,0x62,0x3b,0x20,0x7d,0x0a,0x0a,
0x2f,0x2a,0x20,0x2d,0x2d,0x2d,0x2d,0x20,0x72,0x65,0x73,0x75,0x6c,0x74,0x20,0x2d,
0x2d,0x2d,0x2d,0x20,0x2a,0x2f,0x0a,0x2e,0x68,0x69,0x64,0x64,0x65,0x6e,0x20,0x7b,
0x20,0x64,0x69,0x73,0x70,0x6c,0x61,0x79,0x3a,0x20,0x6e,0x6f,0x6e,0x65,0x20,0x21,
0x69,0x6d,0x70,0x6f,0x72,0x74,0x61,0x6e,0x74,0x3b,0x20,0x7d,0x0a,0x0a,0x2e,0x72,
0x65,0x73,0x75,0x6c,0x74,0x2d,0x68,0x65,0x61,0x64,0x20,0x7b,0x0a,0x20,0x20,0x64,
0x69,0x73,0x70,0x6c,0x61,0x79,0x3a,0x20,0x66,0x6c,0x65,0x78,0x3b,0x20,0x61,0x6c,
0x69,0x67,0x6e,0x2d,0x69,0x74,0x65,0x6d,0x73,0x3a,0x20,0x62,0x61,0x73,0x65,0x6c,
0x69,0x6e,0x65,0x3b,0x20,0x6a,0x75,0x73,0x74,0x69,0x66,0x79,0x2d,0x63,0x6f,0x6e,
0x74,0x65,0x6e,0x74,0x3a,0x20,0x73,0x70,0x61,0x63,0x65,0x2d,0x62,0x65,0x74,0x77,
0x65,0x65,0x6e,0x3b,0x0a,0x20,0x20,0x67,0x61,0x70,0x3a,0x20,0x31,0x34,0x70,0x78,
0x3b,0x20,0x66,0x6c,0x65,0x78,0x2d,0x77,0x72,0x61,0x70,0x3a,0x20,0x77,0x72,0x61,
0x70,0x3b,0x0a,0x20,0x20,0x62,0x6f,0x72,0x64,0x65,0x72,0x2d,0x62,0x6f,0x74,0x74,
0x6f,0x6d,0x3a,0x20,0x31,0x70,0x78,0x20,0x73,0x6f,0x6c,0x69,0x64,0x20,0x76,0x61,
0x72,0x28,0x2d,0x2d,0x6c,0x69,0x6e,0x65,0x29,0x3b,0x0a,0x20,0x20,0x70,0x61,0x64,
0x64,0x69,0x6e,0x67,0x2d,0x62,0x6f,0x74,0x74,0x6f,0x6d,0x3a,0x20,0x31,0x34,0x70,
0x78,0x3b,0x20,0x6d,0x61,0x72,0x67,0x69,0x6e,0x2d,0x62,0x6f,0x74,0x74,0x6f,0x6d,
0x3a,0x20,0x31,0x36,0x70,0x78,0x3b,0x0a,0x7d,0x0a,0x2e,0x72,0x65,0x73,0x75,0x6c,
0x74,0x2d,0x68,0x65,0x61,0x64,0x20,0x68,0x32,0x20,0x7b,0x20,0x6d,0x61,0x72,0x67,
0x69,0x6e,0x3a,0x20,0x30,0x3b,0x20,0x66,0x6f,0x6e,0x74,0x2d,0x73,0x69,0x7a,0x65,
0x3a,0x20,0x31,0x39,0x70,0x78,0x3b,0x20,0x7d,0x0a,0x0a,0x2e,0x63,0x6f,0x6e,0x63,
0x6c,0x75,0x73,0x69,0x6f,0x6e,0x20,0x7b,0x0a,0x20,0x20,0x70,0x61,0x64,0x64,0x69,
0x6e,0x67,0x3a,0x20,0x38,0x70,0x78,0x20,0x31,0x36,0x70,0x78,0x3b,0x0a,0x20,0x20,
0x62,0x6f,0x72,0x64,0x65,0x72,0x2d,0x72,0x61,0x64,0x69,0x75,0x73,0x3a,0x20,0x39,
0x39,0x39,0x70,0x78,0x3b,0x0a,0x20,0x20,0x66,0x6f,0x6e,0x74,0x2d,0x73,0x69,0x7a,
0x65,0x3a,0x20,0x31,0x34,0x70,0x78,0x3b,0x0a,0x20,0x20,0x66,0x6f,0x6e,0x74,0x2d,
0x77,0x65,0x69,0x67,0x68,0x74,0x3a,0x20,0x36,0x30,0x30,0x3b,0x0a,0x20,0x20,0x62,
0x61,0x63,0x6b,0x67,0x72,0x6f,0x75,0x6e,0x64,0x3a,0x20,0x23,0x65,0x65,0x66,0x30,
0x66,0x62,0x3b,0x0a,0x20,0x20,0x63,0x6f,0x6c,0x6f,0x72,0x3a,0x20,0x76,0x61,0x72,
0x28,0x2d,0x2d,0x61,0x63,0x63,0x65,0x6e,0x74,0x29,0x3b,0x0a,0x7d,0x0a,0x2e,0x63,
0x6f,0x6e,0x63,0x6c,0x75,0x73,0x69,0x6f,0x6e,0x2e,0x6f,0x6b,0x20,0x20,0x20,0x7b,
0x20,0x62,0x61,0x63,0x6b,0x67,0x72,0x6f,0x75,0x6e,0x64,0x3a,0x20,0x23,0x64,0x63,
0x66,0x63,0x65,0x37,0x3b,0x20,0x63,0x6f,0x6c,0x6f,0x72,0x3a,0x20,0x76,0x61,0x72,
0x28,0x2d,0x2d,0x67,0x72,0x65,0x65,0x6e,0x29,0x3b,0x20,0x7d,0x0a,0x2e,0x63,0x6f,
0x6e,0x63,0x6c,0x75,0x73,0x69,0x6f,0x6e,0x2e,0x77,0x61,0x72,0x6e,0x20,0x7b,0x20,
0x62,0x61,0x63,0x6b,0x67,0x72,0x6f,0x75,0x6e,0x64,0x3a,0x20,0x23,0x66,0x65,0x66,
0x33,0x63,0x37,0x3b,0x20,0x63,0x6f,0x6c,0x6f,0x72,0x3a,0x20,0x76,0x61,0x72,0x28,
0x2d,0x2d,0x61,0x6d,0x62,0x65,0x72,0x29,0x3b,0x20,0x7d,0x0a,0x2e,0x63,0x6f,0x6e,
0x63,0x6c,0x75,0x73,0x69,0x6f,0x6e,0x2e,0x62,0x61,0x64,0x20,0x20,0x7b,0x20,0x62,
0x61,0x63,0x6b,0x67,0x72,0x6f,0x75,0x6e,0x64,0x3a,0x20,0x23,0x66,0x65,0x65,0x32,
0x65,0x32,0x3b,0x20,0x63,0x6f,0x6c,0x6f,0x72,0x3a,0x20,0x76,0x61,0x72,0x28,0x2d,
0x2d,0x72,0x65,0x64,0x29,0x3b,0x20,0x7d,0x0a,0x0a,0x2e,0x73,0x74,0x61,0x74,0x75,
0x73,0x2d,0x72,0x6f,0x77,0x20,0x7b,0x20,0x64,0x69,0x73,0x70,0x6c,0x61,0x79,0x3a,
0x20,0x66,0x6c,0x65,0x78,0x3b,0x20,0x67,0x61,0x70,0x3a,0x20,0x31,0x30,0x70,0x78,
0x3b,0x20,0x66,0x6c,0x65,0x78,0x2d,0x77,0x72,0x61,0x70,0x3a,0x20,0x77,0x72,0x61,
0x70,0x3b,0x20,0x6d,0x61,0x72,0x67,0x69,0x6e,0x2d,0x62,0x6f,0x74,0x74,0x6f,0x6d,
0x3a,0x20,0x36,0x70,0x78,0x3b,0x20,0x7d,0x0a,0x2e,0x62,0x61,0x64,0x67,0x65,0x20,
0x7b,0x0a,0x20,0x20,0x70,0x61,0x64,0x64,0x69,0x6e,0x67,0x3a,0x20,0x36,0x70,0x78,
0x20,0x31,0x34,0x70,0x78,0x3b,0x0a,0x20,0x20,0x62,0x6f,0x72,0x64,0x65,0x72,0x2d,
0x72,0x61,0x64,0x69,0x75,0x73,0x3a,0x20,0x39,0x39,0x39,0x70,0x78,0x3b,0x0a,0x20,
0x20,0x66,0x6f,0x6e,0x74,0x2d,0x73,0x69,0x7a,0x65,0x3a,0x20,0x31,0x33,0x70,0x78,
0x3b,0x0a,0x20,0x20,0x62,0x61,0x63,0x6b,0x67,0x72,0x6f,0x75,0x6e,0x64,0x3a,0x20,
0x23,0x66,0x31,0x66,0x33,0x66,0x39,0x3b,0x0a,0x20,0x20,0x63,0x6f,0x6c,0x6f,0x72,
0x3a,0x20,0x76,0x61,0x72,0x28,0x2d,0x2d,0x6d,0x75,0x74,0x65,0x64,0x29,0x3b,0x0a,
0x7d,0x0a,0x2e,0x62,0x61,0x64,0x67,0x65,0x20,0x2e,0x6b,0x20,0x7b,0x20,0x66,0x6f,
0x6e,0x74,0x2d,0x77,0x65,0x69,0x67,0x68,0x74,0x3a,0x20,0x36,0x30,0x30,0x3b,0x20,
0x63,0x6f,0x6c,0x6f,0x72,0x3a,0x20,0x76,0x61,0x72,0x28,0x2d,0x2d,0x69,0x6e,0x6b,
0x29,0x3b,0x20,0x7d,0x0a,0x2e,0x62,0x61,0x64,0x67,0x65,0x2e,0x6f,0x6b,0x20,0x20,
0x20,0x7b,0x20,0x62,0x61,0x63,0x6b,0x67,0x72,0x6f,0x75,0x6e,0x64,0x3a,0x20,0x23,
0x64,0x63,0x66,0x63,0x65,0x37,0x3b,0x20,0x63,0x6f,0x6c,0x6f,0x72,0x3a,0x20,0x76,
0x61,0x72,0x28,0x2d,0x2d,0x67,0x72,0x65,0x65,0x6e,0x29,0x3b,0x20,0x7d,0x0a,0x2e,
0x62,0x61,0x64,0x67,0x65,0x2e,0x62,0x61,0x64,0x20,0x20,0x7b,0x20,0x62,0x61,0x63,
0x6b,0x67,0x72,0x6f,0x75,0x6e,0x64,0x3a,0x20,0x23,0x66,0x65,0x65,0x32,0x65,0x32,
0x3b,0x20,0x63,0x6f,0x6c,0x6f,0x72,0x3a,0x20,0x76,0x61,0x72,0x28,0x2d,0x2d,0x72,
0x65,0x64,0x29,0x3b,0x20,0x7d,0x0a,0x2e,0x62,0x61,0x64,0x67,0x65,0x2e,0x6e,0x65,
0x75,0x74,0x72,0x61,0x6c,0x20,0x7b,0x20,0x62,0x61,0x63,0x6b,0x67,0x72,0x6f,0x75,
0x6e,0x64,0x3a,0x20,0x23,0x65,0x38,0x65,0x61,0x66,0x36,0x3b,0x20,0x63,0x6f,0x6c,
0x6f,0x72,0x3a,0x20,0x76,0x61,0x72,0x28,0x2d,0x2d,0x61,0x63,0x63,0x65,0x6e,0x74,
0x29,0x3b,0x20,0x7d,0x0a,0x0a,0x2e,0x62,0x6c,0x6f,0x63,0x6b,0x20,0x7b,0x20,0x6d,
0x61,0x72,0x67,0x69,0x6e,0x2d,0x74,0x6f,0x70,0x3a,0x20,0x32,0x32,0x70,0x78,0x3b,
0x20,0x7d,0x0a,0x2e,0x62,0x6c,0x6f,0x63,0x6b,0x20,0x68,0x33,0x20,0x7b,0x0a,0x20,
0x20,0x6d,0x61,0x72,0x67,0x69,0x6e,0x3a,0x20,0x30,0x20,0x30,0x20,0x31,0x30,0x70,
0x78,0x3b,0x0a,0x20,0x20,0x66,0x6f,0x6e,0x74,0x2d,0x73,0x69,0x7a,0x65,0x3a,0x20,
0x31,0x35,0x2e,0x35,0x70,0x78,0x3b,0x0a,0x20,0x20,0x63,0x6f,0x6c,0x6f,0x72,0x3a,
0x20,0x76,0x61,0x72,0x28,0x2d,0x2d,0x69,0x6e,0x6b,0x29,0x3b,0x0a,0x7d,0x0a,0x0a,
0x2e,0x69,0x74,0x65,0x6d,0x73,0x20,0x7b,0x20,0x6d,0x61,0x72,0x67,0x69,0x6e,0x3a,
0x20,0x30,0x3b,0x20,0x70,0x61,0x64,0x64,0x69,0x6e,0x67,0x2d,0x6c,0x65,0x66,0x74,
0x3a,0x20,0x32,0x32,0x70,0x78,0x3b,0x20,0x7d,0x0a,0x2e,0x69,0x74,0x65,0x6d,0x73,
0x20,0x6c,0x69,0x20,0x7b,0x20,0x6d,0x61,0x72,0x67,0x69,0x6e,0x2d,0x62,0x6f,0x74,
0x74,0x6f,0x6d,0x3a,0x20,0x39,0x70,0x78,0x3b,0x20,0x66,0x6f,0x6e,0x74,0x2d,0x73,
0x69,0x7a,0x65,0x3a,0x20,0x31,0x34,0x2e,0x35,0x70,0x78,0x3b,0x20,0x7d,0x0a,0x2e,
0x69,0x74,0x65,0x6d,0x73,0x2e,0x66,0x69,0x78,0x65,0x73,0x20,0x6c,0x69,0x3a,0x3a,
0x6d,0x61,0x72,0x6b,0x65,0x72,0x20,0x7b,0x20,0x63,0x6f,0x6c,0x6f,0x72,0x3a,0x20,
0x76,0x61,0x72,0x28,0x2d,0x2d,0x61,0x63,0x63,0x65,0x6e,0x74,0x29,0x3b,0x20,0x66,
0x6f,0x6e,0x74,0x2d,0x77,0x65,0x69,0x67,0x68,0x74,0x3a,0x20,0x37,0x30,0x30,0x3b,
0x20,0x7d,0x0a,0x0a,0x2f,0x2a,0x20,0x2d,0x2d,0x2d,0x2d,0x20,0x6c,0x6f,0x63,0x6b,
0x65,0x72,0x73,0x20,0x74,0x61,0x62,0x6c,0x65,0x20,0x2d,0x2d,0x2d,0x2d,0x20,0x2a,
0x2f,0x0a,0x2e,0x6c,0x6f,0x63,0x6b,0x65,0x72,0x2d,0x74,0x61,0x62,0x6c,0x65,0x20,
0x7b,0x0a,0x20,0x20,0x77,0x69,0x64,0x74,0x68,0x3a,0x20,0x31,0x30,0x30,0x25,0x3b,
0x0a,0x20,0x20,0x62,0x6f,0x72,0x64,0x65,0x72,0x2d,0x63,0x6f,0x6c,0x6c,0x61,0x70,
0x73,0x65,0x3a,0x20,0x63,0x6f,0x6c,0x6c,0x61,0x70,0x73,0x65,0x3b,0x0a,0x20,0x20,
0x66,0x6f,0x6e,0x74,0x2d,0x73,0x69,0x7a,0x65,0x3a,0x20,0x31,0x34,0x70,0x78,0x3b,
0x0a,0x7d,0x0a,0x2e,0x6c,0x6f,0x63,0x6b,0x65,0x72,0x2d,0x74,0x61,0x62,0x6c,0x65,
0x20,0x74,0x68,0x20,0x7b,0x0a,0x20,0x20,0x74,0x65,0x78,0x74,0x2d,0x61,0x6c,0x69,
0x67,0x6e,0x3a,0x20,0x6c,0x65,0x66,0x74,0x3b,0x0a,0x20,0x20,0x70,0x61,0x64,0x64,
0x69,0x6e,0x67,0x3a,0x20,0x39,0x70,0x78,0x20,0x31,0x32,0x70,0x78,0x3b,0x0a,0x20,
0x20,0x62,0x61,0x63,0x6b,0x67,0x72,0x6f,0x75,0x6e,0x64,0x3a,0x20,0x23,0x66,0x37,
0x66,0x38,0x66,0x63,0x3b,0x0a,0x20,0x20,0x63,0x6f,0x6c,0x6f,0x72,0x3a,0x20,0x76,
0x61,0x72,0x28,0x2d,0x2d,0x6d,0x75,0x74,0x65,0x64,0x29,0x3b,0x0a,0x20,0x20,0x66,
0x6f,0x6e,0x74,0x2d,0x77,0x65,0x69,0x67,0x68,0x74,0x3a,0x20,0x36,0x30,0x30,0x3b,
0x0a,0x20,0x20,0x62,0x6f,0x72,0x64,0x65,0x72,0x2d,0x62,0x6f,0x74,0x74,0x6f,0x6d,
0x3a,0x20,0x31,0x70,0x78,0x20,0x73,0x6f,0x6c,0x69,0x64,0x20,0x76,0x61,0x72,0x28,
0x2d,0x2d,0x6c,0x69,0x6e,0x65,0x29,0x3b,0x0a,0x7d,0x0a,0x2e,0x6c,0x6f,0x63,0x6b,
0x65,0x72,0x2d,0x74,0x61,0x62,0x6c,0x65,0x20,0x74,0x64,0x20,0x7b,0x0a,0x20,0x20,
0x70,0x61,0x64,0x64,0x69,0x6e,0x67,0x3a,0x20,0x31,0x30,0x70,0x78,0x20,0x31,0x32,
0x70,0x78,0x3b,0x0a,0x20,0x20,0x62,0x6f,0x72,0x64,0x65,0x72,0x2d,0x62,0x6f,0x74,
0x74,0x6f,0x6d,0x3a,0x20,0x31,0x70,0x78,0x20,0x73,0x6f,0x6c,0x69,0x64,0x20,0x76,
0x61,0x72,0x28,0x2d,0x2d,0x6c,0x69,0x6e,0x65,0x29,0x3b,0x0a,0x20,0x20,0x76,0x65,
0x72,0x74,0x69,0x63,0x61,0x6c,0x2d,0x61,0x6c,0x69,0x67,0x6e,0x3a,0x20,0x74,0x6f,
0x70,0x3b,0x0a,0x20,0x20,0x77,0x6f,0x72,0x64,0x2d,0x62,0x72,0x65,0x61,0x6b,0x3a,
0x20,0x62,0x72,0x65,0x61,0x6b,0x2d,0x61,0x6c,0x6c,0x3b,0x0a,0x7d,0x0a,0x2e,0x6c,
0x6f,0x63,0x6b,0x65,0x72,0x2d,0x74,0x61,0x62,0x6c,0x65,0x20,0x74,0x72,0x3a,0x6c,
0x61,0x73,0x74,0x2d,0x63,0x68,0x69,0x6c,0x64,0x20,0x74,0x64,0x20,0x7b,0x20,0x62,
0x6f,0x72,0x64,0x65,0x72,0x2d,0x62,0x6f,0x74,0x74,0x6f,0x6d,0x3a,0x20,0x6e,0x6f,
0x6e,0x65,0x3b,0x20,0x7d,0x0a,0x2e,0x6c,0x6f,0x63,0x6b,0x65,0x72,0x2d,0x74,0x61,
0x62,0x6c,0x65,0x20,0x2e,0x70,0x69,0x64,0x20,0x7b,0x20,0x66,0x6f,0x6e,0x74,0x2d,
0x66,0x61,0x6d,0x69,0x6c,0x79,0x3a,0x20,0x76,0x61,0x72,0x28,0x2d,0x2d,0x6d,0x6f,
0x6e,0x6f,0x29,0x3b,0x20,0x63,0x6f,0x6c,0x6f,0x72,0x3a,0x20,0x76,0x61,0x72,0x28,
0x2d,0x2d,0x61,0x63,0x63,0x65,0x6e,0x74,0x29,0x3b,0x20,0x7d,0x0a,0x2e,0x6c,0x6f,
0x63,0x6b,0x65,0x72,0x2d,0x74,0x61,0x62,0x6c,0x65,0x20,0x2e,0x70,0x6e,0x61,0x6d,
0x65,0x20,0x7b,0x20,0x66,0x6f,0x6e,0x74,0x2d,0x77,0x65,0x69,0x67,0x68,0x74,0x3a,
0x20,0x36,0x30,0x30,0x3b,0x20,0x7d,0x0a,0x2e,0x6c,0x6f,0x63,0x6b,0x65,0x72,0x2d,
0x74,0x61,0x62,0x6c,0x65,0x20,0x2e,0x64,0x65,0x74,0x61,0x69,0x6c,0x20,0x7b,0x20,
0x63,0x6f,0x6c,0x6f,0x72,0x3a,0x20,0x76,0x61,0x72,0x28,0x2d,0x2d,0x6d,0x75,0x74,
0x65,0x64,0x29,0x3b,0x20,0x66,0x6f,0x6e,0x74,0x2d,0x73,0x69,0x7a,0x65,0x3a,0x20,
0x31,0x33,0x70,0x78,0x3b,0x20,0x7d,0x0a,0x0a,0x2f,0x2a,0x20,0x2d,0x2d,0x2d,0x2d,
0x20,0x70,0x61,0x74,0x68,0x20,0x6c,0x69,0x6e,0x6b,0x73,0x20,0x2d,0x2d,0x2d,0x2d,
0x20,0x2a,0x2f,0x0a,0x2e,0x70,0x61,0x74,0x68,0x2d,0x6c,0x69,0x6e,0x6b,0x73,0x20,
0x7b,0x20,0x64,0x69,0x73,0x70,0x6c,0x61,0x79,0x3a,0x20,0x66,0x6c,0x65,0x78,0x3b,
0x20,0x66,0x6c,0x65,0x78,0x2d,0x64,0x69,0x72,0x65,0x63,0x74,0x69,0x6f,0x6e,0x3a,
0x20,0x63,0x6f,0x6c,0x75,0x6d,0x6e,0x3b,0x20,0x67,0x61,0x70,0x3a,0x20,0x38,0x70,
0x78,0x3b,0x20,0x7d,0x0a,0x2e,0x70,0x61,0x74,0x68,0x2d,0x6c,0x69,0x6e,0x6b,0x20,
0x7b,0x0a,0x20,0x20,0x74,0x65,0x78,0x74,0x2d,0x61,0x6c,0x69,0x67,0x6e,0x3a,0x20,
0x6c,0x65,0x66,0x74,0x3b,0x0a,0x20,0x20,0x62,0x6f,0x72,0x64,0x65,0x72,0x3a,0x20,
0x31,0x70,0x78,0x20,0x73,0x6f,0x6c,0x69,0x64,0x20,0x76,0x61,0x72,0x28,0x2d,0x2d,
0x6c,0x69,0x6e,0x65,0x29,0x3b,0x0a,0x20,0x20,0x62,0x61,0x63,0x6b,0x67,0x72,0x6f,
0x75,0x6e,0x64,0x3a,0x20,0x23,0x66,0x61,0x66,0x61,0x66,0x65,0x3b,0x0a,0x20,0x20,
0x62,0x6f,0x72,0x64,0x65,0x72,0x2d,0x72,0x61,0x64,0x69,0x75,0x73,0x3a,0x20,0x31,
0x30,0x70,0x78,0x3b,0x0a,0x20,0x20,0x70,0x61,0x64,0x64,0x69,0x6e,0x67,0x3a,0x20,
0x31,0x30,0x70,0x78,0x20,0x31,0x34,0x70,0x78,0x3b,0x0a,0x20,0x20,0x66,0x6f,0x6e,
0x74,0x2d,0x66,0x61,0x6d,0x69,0x6c,0x79,0x3a,0x20,0x76,0x61,0x72,0x28,0x2d,0x2d,
0x6d,0x6f,0x6e,0x6f,0x29,0x3b,0x0a,0x20,0x20,0x66,0x6f,0x6e,0x74,0x2d,0x73,0x69,
0x7a,0x65,0x3a,0x20,0x31,0x33,0x70,0x78,0x3b,0x0a,0x20,0x20,0x63,0x75,0x72,0x73,
0x6f,0x72,0x3a,0x20,0x70,0x6f,0x69,0x6e,0x74,0x65,0x72,0x3b,0x0a,0x20,0x20,0x74,
0x72,0x61,0x6e,0x73,0x69,0x74,0x69,0x6f,0x6e,0x3a,0x20,0x61,0x6c,0x6c,0x20,0x2e,
0x31,0x35,0x73,0x3b,0x0a,0x20,0x20,0x77,0x6f,0x72,0x64,0x2d,0x62,0x72,0x65,0x61,
0x6b,0x3a,0x20,0x62,0x72,0x65,0x61,0x6b,0x2d,0x61,0x6c,0x6c,0x3b,0x0a,0x7d,0x0a,
0x2e,0x70,0x61,0x74,0x68,0x2d,0x6c,0x69,0x6e,0x6b,0x3a,0x68,0x6f,0x76,0x65,0x72,
0x20,0x7b,0x20,0x62,0x6f,0x72,0x64,0x65,0x72,0x2d,0x63,0x6f,0x6c,0x6f,0x72,0x3a,
0x20,0x76,0x61,0x72,0x28,0x2d,0x2d,0x61,0x63,0x63,0x65,0x6e,0x74,0x2d,0x32,0x29,
0x3b,0x20,0x62,0x61,0x63,0x6b,0x67,0x72,0x6f,0x75,0x6e,0x64,0x3a,0x20,0x23,0x65,
0x65,0x66,0x30,0x66,0x62,0x3b,0x20,0x63,0x6f,0x6c,0x6f,0x72,0x3a,0x20,0x76,0x61,
0x72,0x28,0x2d,0x2d,0x61,0x63,0x63,0x65,0x6e,0x74,0x29,0x3b,0x20,0x7d,0x0a,0x0a,
0x2f,0x2a,0x20,0x2d,0x2d,0x2d,0x2d,0x20,0x74,0x69,0x70,0x73,0x20,0x26,0x20,0x66,
0x6f,0x6f,0x74,0x65,0x72,0x20,0x2d,0x2d,0x2d,0x2d,0x20,0x2a,0x2f,0x0a,0x2e,0x74,
0x69,0x70,0x73,0x20,0x68,0x33,0x20,0x7b,0x20,0x6d,0x61,0x72,0x67,0x69,0x6e,0x3a,
0x20,0x30,0x20,0x30,0x20,0x38,0x70,0x78,0x3b,0x20,0x66,0x6f,0x6e,0x74,0x2d,0x73,
0x69,0x7a,0x65,0x3a,0x20,0x31,0x35,0x70,0x78,0x3b,0x20,0x7d,0x0a,0x2e,0x74,0x69,
0x70,0x73,0x20,0x75,0x6c,0x20,0x7b,0x20,0x6d,0x61,0x72,0x67,0x69,0x6e,0x3a,0x20,
0x30,0x3b,0x20,0x70,0x61,0x64,0x64,0x69,0x6e,0x67,0x2d,0x6c,0x65,0x66,0x74,0x3a,
0x20,0x32,0x30,0x70,0x78,0x3b,0x20,0x63,0x6f,0x6c,0x6f,0x72,0x3a,0x20,0x76,0x61,
0x72,0x28,0x2d,0x2d,0x6d,0x75,0x74,0x65,0x64,0x29,0x3b,0x20,0x66,0x6f,0x6e,0x74,
0x2d,0x73,0x69,0x7a,0x65,0x3a,0x20,0x31,0x33,0x2e,0x35,0x70,0x78,0x3b,0x20,0x7d,
0x0a,0x2e,0x74,0x69,0x70,0x73,0x20,0x6c,0x69,0x20,0x7b,0x20,0x6d,0x61,0x72,0x67,
0x69,0x6e,0x2d,0x62,0x6f,0x74,0x74,0x6f,0x6d,0x3a,0x20,0x35,0x70,0x78,0x3b,0x20,
0x7d,0x0a,0x0a,0x66,0x6f,0x6f,0x74,0x65,0x72,0x20,0x7b,0x0a,0x20,0x20,0x74,0x65,
0x78,0x74,0x2d,0x61,0x6c,0x69,0x67,0x6e,0x3a,0x20,0x63,0x65,0x6e,0x74,0x65,0x72,
0x3b,0x0a,0x20,0x20,0x63,0x6f,0x6c,0x6f,0x72,0x3a,0x20,0x76,0x61,0x72,0x28,0x2d,
0x2d,0x6d,0x75,0x74,0x65,0x64,0x29,0x3b,0x0a,0x20,0x20,0x66,0x6f,0x6e,0x74,0x2d,
0x73,0x69,0x7a,0x65,0x3a,0x20,0x31,0x32,0x2e,0x35,0x70,0x78,0x3b,0x0a,0x20,0x20,
0x70,0x61,0x64,0x64,0x69,0x6e,0x67,0x3a,0x20,0x30,0x20,0x30,0x20,0x32,0x38,0x70,
0x78,0x3b,0x0a,0x7d,0x0a,0x0a,0x2f,0x2a,0x20,0x2d,0x2d,0x2d,0x2d,0x20,0x6c,0x6f,
0x61,0x64,0x69,0x6e,0x67,0x20,0x2d,0x2d,0x2d,0x2d,0x20,0x2a,0x2f,0x0a,0x2e,0x6c,
0x6f,0x61,0x64,0x69,0x6e,0x67,0x20,0x7b,0x0a,0x20,0x20,0x64,0x69,0x73,0x70,0x6c,
0x61,0x79,0x3a,0x20,0x69,0x6e,0x6c,0x69,0x6e,0x65,0x2d,0x62,0x6c,0x6f,0x63,0x6b,
0x3b,0x0a,0x20,0x20,0x77,0x69,0x64,0x74,0x68,0x3a,0x20,0x31,0x38,0x70,0x78,0x3b,
0x20,0x68,0x65,0x69,0x67,0x68,0x74,0x3a,0x20,0x31,0x38,0x70,0x78,0x3b,0x0a,0x20,
0x20,0x62,0x6f,0x72,0x64,0x65,0x72,0x3a,0x20,0x33,0x70,0x78,0x20,0x73,0x6f,0x6c,
0x69,0x64,0x20,0x23,0x63,0x37,0x64,0x32,0x66,0x65,0x3b,0x0a,0x20,0x20,0x62,0x6f,
0x72,0x64,0x65,0x72,0x2d,0x74,0x6f,0x70,0x2d,0x63,0x6f,0x6c,0x6f,0x72,0x3a,0x20,
0x76,0x61,0x72,0x28,0x2d,0x2d,0x61,0x63,0x63,0x65,0x6e,0x74,0x29,0x3b,0x0a,0x20,
0x20,0x62,0x6f,0x72,0x64,0x65,0x72,0x2d,0x72,0x61,0x64,0x69,0x75,0x73,0x3a,0x20,
0x35,0x30,0x25,0x3b,0x0a,0x20,0x20,0x61,0x6e,0x69,0x6d,0x61,0x74,0x69,0x6f,0x6e,
0x3a,0x20,0x73,0x70,0x69,0x6e,0x20,0x2e,0x38,0x73,0x20,0x6c,0x69,0x6e,0x65,0x61,
0x72,0x20,0x69,0x6e,0x66,0x69,0x6e,0x69,0x74,0x65,0x3b,0x0a,0x20,0x20,0x76,0x65,
0x72,0x74,0x69,0x63,0x61,0x6c,0x2d,0x61,0x6c,0x69,0x67,0x6e,0x3a,0x20,0x2d,0x34,
0x70,0x78,0x3b,0x0a,0x20,0x20,0x6d,0x61,0x72,0x67,0x69,0x6e,0x2d,0x72,0x69,0x67,
0x68,0x74,0x3a,0x20,0x38,0x70,0x78,0x3b,0x0a,0x7d,0x0a,0x40,0x6b,0x65,0x79,0x66,
0x72,0x61,0x6d,0x65,0x73,0x20,0x73,0x70,0x69,0x6e,0x20,0x7b,0x20,0x74,0x6f,0x20,
0x7b,0x20,0x74,0x72,0x61,0x6e,0x73,0x66,0x6f,0x72,0x6d,0x3a,0x20,0x72,0x6f,0x74,
0x61,0x74,0x65,0x28,0x33,0x36,0x30,0x64,0x65,0x67,0x29,0x3b,0x20,0x7d,0x20,0x7d,
0x0a,0x0a,0x2f,0x2a,0x20,0x2d,0x2d,0x2d,0x2d,0x20,0x64,0x72,0x61,0x67,0x20,0x26,
0x20,0x64,0x72,0x6f,0x70,0x20,0x2d,0x2d,0x2d,0x2d,0x20,0x2a,0x2f,0x0a,0x2e,0x64,
0x72,0x6f,0x70,0x2d,0x6f,0x76,0x65,0x72,0x6c,0x61,0x79,0x20,0x7b,0x0a,0x20,0x20,
0x70,0x6f,0x73,0x69,0x74,0x69,0x6f,0x6e,0x3a,0x20,0x66,0x69,0x78,0x65,0x64,0x3b,
0x0a,0x20,0x20,0x69,0x6e,0x73,0x65,0x74,0x3a,0x20,0x30,0x3b,0x0a,0x20,0x20,0x62,
0x61,0x63,0x6b,0x67,0x72,0x6f,0x75,0x6e,0x64,0x3a,0x20,0x72,0x67,0x62,0x61,0x28,
0x37,0x39,0x2c,0x20,0x37,0x30,0x2c,0x20,0x32,0x32,0x39,0x2c,0x20,0x2e,0x31,0x38,
0x29,0x3b,0x0a,0x20,0x20,0x62,0x61,0x63,0x6b,0x64,0x72,0x6f,0x70,0x2d,0x66,0x69,
0x6c,0x74,0x65,0x72,0x3a,0x20,0x62,0x6c,0x75,0x72,0x28,0x32,0x70,0x78,0x29,0x3b,
0x0a,0x20,0x20,0x64,0x69,0x73,0x70,0x6c,0x61,0x79,0x3a,0x20,0x66,0x6c,0x65,0x78,
0x3b,0x0a,0x20,0x20,0x61,0x6c,0x69,0x67,0x6e,0x2d,0x69,0x74,0x65,0x6d,0x73,0x3a,
0x20,0x63,0x65,0x6e,0x74,0x65,0x72,0x3b,0x0a,0x20,0x20,0x6a,0x75,0x73,0x74,0x69,
0x66,0x79,0x2d,0x63,0x6f,0x6e,0x74,0x65,0x6e,0x74,0x3a,0x20,0x63,0x65,0x6e,0x74,
0x65,0x72,0x3b,0x0a,0x20,0x20,0x7a,0x2d,0x69,0x6e,0x64,0x65,0x78,0x3a,0x20,0x31,
0x30,0x30,0x30,0x3b,0x0a,0x20,0x20,0x70,0x6f,0x69,0x6e,0x74,0x65,0x72,0x2d,0x65,
0x76,0x65,0x6e,0x74,0x73,0x3a,0x20,0x6e,0x6f,0x6e,0x65,0x3b,0x0a,0x7d,0x0a,0x2e,
0x64,0x72,0x6f,0x70,0x2d,0x69,0x6e,0x6e,0x65,0x72,0x20,0x7b,0x0a,0x20,0x20,0x62,
0x61,0x63,0x6b,0x67,0x72,0x6f,0x75,0x6e,0x64,0x3a,0x20,0x23,0x66,0x66,0x66,0x3b,
0x0a,0x20,0x20,0x63,0x6f,0x6c,0x6f,0x72,0x3a,0x20,0x76,0x61,0x72,0x28,0x2d,0x2d,
0x61,0x63,0x63,0x65,0x6e,0x74,0x29,0x3b,0x0a,0x20,0x20,0x66,0x6f,0x6e,0x74,0x2d,
0x73,0x69,0x7a,0x65,0x3a,0x20,0x32,0x30,0x70,0x78,0x3b,0x0a,0x20,0x20,0x66,0x6f,
0x6e,0x74,0x2d,0x77,0x65,0x69,0x67,0x68,0x74,0x3a,0x20,0x37,0x30,0x30,0x3b,0x0a,
0x20,0x20,0x70,0x61,0x64,0x64,0x69,0x6e,0x67,0x3a,0x20,0x32,0x38,0x70,0x78,0x20,
0x34,0x36,0x70,0x78,0x3b,0x0a,0x20,0x20,0x62,0x6f,0x72,0x64,0x65,0x72,0x2d,0x72,
0x61,0x64,0x69,0x75,0x73,0x3a,0x20,0x31,0x38,0x70,0x78,0x3b,0x0a,0x20,0x20,0x62,
0x6f,0x78,0x2d,0x73,0x68,0x61,0x64,0x6f,0x77,0x3a,0x20,0x30,0x20,0x31,0x32,0x70,
0x78,0x20,0x34,0x30,0x70,0x78,0x20,0x72,0x67,0x62,0x61,0x28,0x33,0x30,0x2c,0x20,
0x33,0x34,0x2c,0x20,0x35,0x31,0x2c,0x20,0x2e,0x32,0x32,0x29,0x3b,0x0a,0x20,0x20,
0x62,0x6f,0x72,0x64,0x65,0x72,0x3a,0x20,0x32,0x70,0x78,0x20,0x64,0x61,0x73,0x68,
0x65,0x64,0x20,0x76,0x61,0x72,0x28,0x2d,0x2d,0x61,0x63,0x63,0x65,0x6e,0x74,0x2d,
0x32,0x29,0x3b,0x0a,0x7d,0x0a,0x2e,0x64,0x72,0x6f,0x70,0x2d,0x68,0x69,0x6e,0x74,
0x20,0x7b,0x0a,0x20,0x20,0x63,0x6f,0x6c,0x6f,0x72,0x3a,0x20,0x76,0x61,0x72,0x28,
0x2d,0x2d,0x6d,0x75,0x74,0x65,0x64,0x29,0x3b,0x0a,0x20,0x20,0x66,0x6f,0x6e,0x74,
0x2d,0x73,0x69,0x7a,0x65,0x3a,0x20,0x31,0x32,0x2e,0x35,0x70,0x78,0x3b,0x0a,0x20,
0x20,0x6d,0x61,0x72,0x67,0x69,0x6e,0x2d,0x74,0x6f,0x70,0x3a,0x20,0x32,0x70,0x78,
0x3b,0x0a,0x7d,0x0a,0x0a,0x2f,0x2a,0x20,0x2d,0x2d,0x2d,0x2d,0x20,0x74,0x6f,0x61,
0x73,0x74,0x20,0x2d,0x2d,0x2d,0x2d,0x20,0x2a,0x2f,0x0a,0x23,0x74,0x6f,0x61,0x73,
0x74,0x57,0x72,0x61,0x70,0x20,0x7b,0x0a,0x20,0x20,0x70,0x6f,0x73,0x69,0x74,0x69,
0x6f,0x6e,0x3a,0x20,0x66,0x69,0x78,0x65,0x64,0x3b,0x0a,0x20,0x20,0x72,0x69,0x67,
0x68,0x74,0x3a,0x20,0x31,0x38,0x70,0x78,0x3b,0x0a,0x20,0x20,0x62,0x6f,0x74,0x74,
0x6f,0x6d,0x3a,0x20,0x31,0x38,0x70,0x78,0x3b,0x0a,0x20,0x20,0x64,0x69,0x73,0x70,
0x6c,0x61,0x79,0x3a,0x20,0x66,0x6c,0x65,0x78,0x3b,0x0a,0x20,0x20,0x66,0x6c,0x65,
0x78,0x2d,0x64,0x69,0x72,0x65,0x63,0x74,0x69,0x6f,0x6e,0x3a,0x20,0x63,0x6f,0x6c,
0x75,0x6d,0x6e,0x3b,0x0a,0x20,0x20,0x67,0x61,0x70,0x3a,0x20,0x31,0x30,0x70,0x78,
0x3b,0x0a,0x20,0x20,0x7a,0x2d,0x69,0x6e,0x64,0x65,0x78,0x3a,0x20,0x31,0x32,0x30,
0x30,0x3b,0x0a,0x20,0x20,0x6d,0x61,0x78,0x2d,0x77,0x69,0x64,0x74,0x68,0x3a,0x20,
0x33,0x38,0x30,0x70,0x78,0x3b,0x0a,0x7d,0x0a,0x2e,0x74,0x6f,0x61,0x73,0x74,0x20,
0x7b,0x0a,0x20,0x20,0x62,0x61,0x63,0x6b,0x67,0x72,0x6f,0x75,0x6e,0x64,0x3a,0x20,
0x23,0x66,0x66,0x66,0x3b,0x0a,0x20,0x20,0x62,0x6f,0x72,0x64,0x65,0x72,0x2d,0x72,
0x61,0x64,0x69,0x75,0x73,0x3a,0x20,0x31,0x34,0x70,0x78,0x3b,0x0a,0x20,0x20,0x62,
0x6f,0x78,0x2d,0x73,0x68,0x61,0x64,0x6f,0x77,0x3a,0x20,0x30,0x20,0x31,0x30,0x70,
0x78,0x20,0x33,0x30,0x70,0x78,0x20,0x72,0x67,0x62,0x61,0x28,0x33,0x30,0x2c,0x20,
0x33,0x34,0x2c,0x20,0x35,0x31,0x2c,0x20,0x2e,0x31,0x38,0x29,0x3b,0x0a,0x20,0x20,
0x62,0x6f,0x72,0x64,0x65,0x72,0x2d,0x6c,0x65,0x66,0x74,0x3a,0x20,0x35,0x70,0x78,
0x20,0x73,0x6f,0x6c,0x69,0x64,0x20,0x76,0x61,0x72,0x28,0x2d,0x2d,0x61,0x63,0x63,
0x65,0x6e,0x74,0x29,0x3b,0x0a,0x20,0x20,0x70,0x61,0x64,0x64,0x69,0x6e,0x67,0x3a,
0x20,0x31,0x34,0x70,0x78,0x20,0x31,0x36,0x70,0x78,0x3b,0x0a,0x20,0x20,0x61,0x6e,
0x69,0x6d,0x61,0x74,0x69,0x6f,0x6e,0x3a,0x20,0x73,0x6c,0x69,0x64,0x65,0x69,0x6e,
0x20,0x2e,0x32,0x35,0x73,0x20,0x65,0x61,0x73,0x65,0x3b,0x0a,0x7d,0x0a,0x40,0x6b,
0x65,0x79,0x66,0x72,0x61,0x6d,0x65,0x73,0x20,0x73,0x6c,0x69,0x64,0x65,0x69,0x6e,
0x20,0x7b,0x20,0x66,0x72,0x6f,0x6d,0x20,0x7b,0x20,0x6f,0x70,0x61,0x63,0x69,0x74,
0x79,0x3a,0x20,0x30,0x3b,0x20,0x74,0x72,0x61,0x6e,0x73,0x66,0x6f,0x72,0x6d,0x3a,
0x20,0x74,0x72,0x61,0x6e,0x73,0x6c,0x61,0x74,0x65,0x59,0x28,0x31,0x32,0x70,0x78,
0x29,0x3b,0x20,0x7d,0x20,0x7d,0x0a,0x2e,0x74,0x6f,0x61,0x73,0x74,0x20,0x2e,0x74,
0x2d,0x74,0x69,0x74,0x6c,0x65,0x20,0x7b,0x20,0x66,0x6f,0x6e,0x74,0x2d,0x77,0x65,
0x69,0x67,0x68,0x74,0x3a,0x20,0x37,0x30,0x30,0x3b,0x20,0x6d,0x61,0x72,0x67,0x69,
0x6e,0x2d,0x62,0x6f,0x74,0x74,0x6f,0x6d,0x3a,0x20,0x36,0x70,0x78,0x3b,0x20,0x66,
0x6f,0x6e,0x74,0x2d,0x73,0x69,0x7a,0x65,0x3a,0x20,0x31,0x34,0x70,0x78,0x3b,0x20,
0x7d,0x0a,0x2e,0x74,0x6f,0x61,0x73,0x74,0x20,0x2e,0x74,0x2d,0x74,0x65,0x78,0x74,
0x20,0x7b,0x0a,0x20,0x20,0x63,0x6f,0x6c,0x6f,0x72,0x3a,0x20,0x76,0x61,0x72,0x28,
0x2d,0x2d,0x6d,0x75,0x74,0x65,0x64,0x29,0x3b,0x0a,0x20,0x20,0x66,0x6f,0x6e,0x74,
0x2d,0x73,0x69,0x7a,0x65,0x3a,0x20,0x31,0x32,0x2e,0x35,0x70,0x78,0x3b,0x0a,0x20,
0x20,0x6d,0x61,0x78,0x2d,0x68,0x65,0x69,0x67,0x68,0x74,0x3a,0x20,0x37,0x36,0x70,
0x78,0x3b,0x0a,0x20,0x20,0x6f,0x76,0x65,0x72,0x66,0x6c,0x6f,0x77,0x3a,0x20,0x68,
0x69,0x64,0x64,0x65,0x6e,0x3b,0x0a,0x20,0x20,0x77,0x6f,0x72,0x64,0x2d,0x62,0x72,
0x65,0x61,0x6b,0x3a,0x20,0x62,0x72,0x65,0x61,0x6b,0x2d,0x61,0x6c,0x6c,0x3b,0x0a,
0x20,0x20,0x6d,0x61,0x72,0x67,0x69,0x6e,0x2d,0x62,0x6f,0x74,0x74,0x6f,0x6d,0x3a,
0x20,0x31,0x30,0x70,0x78,0x3b,0x0a,0x7d,0x0a,0x2e,0x74,0x6f,0x61,0x73,0x74,0x20,
0x2e,0x74,0x2d,0x62,0x74,0x6e,0x73,0x20,0x7b,0x20,0x64,0x69,0x73,0x70,0x6c,0x61,
0x79,0x3a,0x20,0x66,0x6c,0x65,0x78,0x3b,0x20,0x67,0x61,0x70,0x3a,0x20,0x38,0x70,
0x78,0x3b,0x20,0x7d,0x0a,0x2e,0x74,0x69,0x70,0x73,0x2d,0x68,0x65,0x61,0x64,0x20,
0x7b,0x0a,0x20,0x20,0x64,0x69,0x73,0x70,0x6c,0x61,0x79,0x3a,0x20,0x66,0x6c,0x65,
0x78,0x3b,0x0a,0x20,0x20,0x61,0x6c,0x69,0x67,0x6e,0x2d,0x69,0x74,0x65,0x6d,0x73,
0x3a,0x20,0x63,0x65,0x6e,0x74,0x65,0x72,0x3b,0x0a,0x20,0x20,0x6a,0x75,0x73,0x74,
0x69,0x66,0x79,0x2d,0x63,0x6f,0x6e,0x74,0x65,0x6e,0x74,0x3a,0x20,0x73,0x70,0x61,
0x63,0x65,0x2d,0x62,0x65,0x74,0x77,0x65,0x65,0x6e,0x3b,0x0a,0x20,0x20,0x67,0x61,
0x70,0x3a,0x20,0x31,0x32,0x70,0x78,0x3b,0x0a,0x20,0x20,0x66,0x6c,0x65,0x78,0x2d,
0x77,0x72,0x61,0x70,0x3a,0x20,0x77,0x72,0x61,0x70,0x3b,0x0a,0x7d,0x0a,0x0a,0x2f,
0x2a,0x20,0x2d,0x2d,0x2d,0x2d,0x20,0x72,0x65,0x73,0x75,0x6c,0x74,0x20,0x68,0x65,
0x61,0x64,0x20,0x72,0x69,0x67,0x68,0x74,0x20,0x2d,0x2d,0x2d,0x2d,0x20,0x2a,0x2f,
0x0a,0x2e,0x68,0x65,0x61,0x64,0x2d,0x72,0x69,0x67,0x68,0x74,0x20,0x7b,0x20,0x64,
0x69,0x73,0x70,0x6c,0x61,0x79,0x3a,0x20,0x66,0x6c,0x65,0x78,0x3b,0x20,0x61,0x6c,
0x69,0x67,0x6e,0x2d,0x69,0x74,0x65,0x6d,0x73,0x3a,0x20,0x63,0x65,0x6e,0x74,0x65,
0x72,0x3b,0x20,0x67,0x61,0x70,0x3a,0x20,0x31,0x32,0x70,0x78,0x3b,0x20,0x66,0x6c,
0x65,0x78,0x2d,0x77,0x72,0x61,0x70,0x3a,0x20,0x77,0x72,0x61,0x70,0x3b,0x20,0x7d,
0x0a,0x0a,0x2f,0x2a,0x20,0x2d,0x2d,0x2d,0x2d,0x20,0x68,0x69,0x73,0x74,0x6f,0x72,
0x79,0x20,0x2d,0x2d,0x2d,0x2d,0x20,0x2a,0x2f,0x0a,0x2e,0x68,0x69,0x73,0x74,0x6f,
0x72,0x79,0x2d,0x6c,0x69,0x73,0x74,0x20,0x7b,0x20,0x64,0x69,0x73,0x70,0x6c,0x61,
0x79,0x3a,0x20,0x66,0x6c,0x65,0x78,0x3b,0x20,0x66,0x6c,0x65,0x78,0x2d,0x64,0x69,
0x72,0x65,0x63,0x74,0x69,0x6f,0x6e,0x3a,0x20,0x63,0x6f,0x6c,0x75,0x6d,0x6e,0x3b,
0x20,0x67,0x61,0x70,0x3a,0x20,0x38,0x70,0x78,0x3b,0x20,0x6d,0x61,0x72,0x67,0x69,
0x6e,0x2d,0x74,0x6f,0x70,0x3a,0x20,0x31,0x32,0x70,0x78,0x3b,0x20,0x7d,0x0a,0x2e,
0x68,0x69,0x73,0x74,0x2d,0x69,0x74,0x65,0x6d,0x20,0x7b,0x0a,0x20,0x20,0x64,0x69,
0x73,0x70,0x6c,0x61,0x79,0x3a,0x20,0x66,0x6c,0x65,0x78,0x3b,0x0a,0x20,0x20,0x61,
0x6c,0x69,0x67,0x6e,0x2d,0x69,0x74,0x65,0x6d,0x73,0x3a,0x20,0x63,0x65,0x6e,0x74,
0x65,0x72,0x3b,0x0a,0x20,0x20,0x67,0x61,0x70,0x3a,0x20,0x31,0x32,0x70,0x78,0x3b,
0x0a,0x20,0x20,0x70,0x61,0x64,0x64,0x69,0x6e,0x67,0x3a,0x20,0x31,0x30,0x70,0x78,
0x20,0x31,0x32,0x70,0x78,0x3b,0x0a,0x20,0x20,0x62,0x6f,0x72,0x64,0x65,0x72,0x3a,
0x20,0x31,0x70,0x78,0x20,0x73,0x6f,0x6c,0x69,0x64,0x20,0x76,0x61,0x72,0x28,0x2d,
0x2d,0x6c,0x69,0x6e,0x65,0x29,0x3b,0x0a,0x20,0x20,0x62,0x6f,0x72,0x64,0x65,0x72,
0x2d,0x72,0x61,0x64,0x69,0x75,0x73,0x3a,0x20,0x31,0x30,0x70,0x78,0x3b,0x0a,0x20,
0x20,0x63,0x75,0x72,0x73,0x6f,0x72,0x3a,0x20,0x70,0x6f,0x69,0x6e,0x74,0x65,0x72,
0x3b,0x0a,0x20,0x20,0x74,0x72,0x61,0x6e,0x73,0x69,0x74,0x69,0x6f,0x6e,0x3a,0x20,
0x61,0x6c,0x6c,0x20,0x2e,0x31,0x35,0x73,0x3b,0x0a,0x20,0x20,0x62,0x61,0x63,0x6b,
0x67,0x72,0x6f,0x75,0x6e,0x64,0x3a,0x20,0x23,0x66,0x61,0x66,0x61,0x66,0x65,0x3b,
0x0a,0x7d,0x0a,0x2e,0x68,0x69,0x73,0x74,0x2d,0x69,0x74,0x65,0x6d,0x3a,0x68,0x6f,
0x76,0x65,0x72,0x20,0x7b,0x20,0x62,0x6f,0x72,0x64,0x65,0x72,0x2d,0x63,0x6f,0x6c,
0x6f,0x72,0x3a,0x20,0x76,0x61,0x72,0x28,0x2d,0x2d,0x61,0x63,0x63,0x65,0x6e,0x74,
0x2d,0x32,0x29,0x3b,0x20,0x62,0x61,0x63,0x6b,0x67,0x72,0x6f,0x75,0x6e,0x64,0x3a,
0x20,0x23,0x65,0x65,0x66,0x30,0x66,0x62,0x3b,0x20,0x7d,0x0a,0x2e,0x68,0x69,0x73,
0x74,0x2d,0x69,0x74,0x65,0x6d,0x20,0x2e,0x68,0x2d,0x70,0x61,0x74,0x68,0x20,0x7b,
0x0a,0x20,0x20,0x66,0x6c,0x65,0x78,0x3a,0x20,0x31,0x3b,0x0a,0x20,0x20,0x66,0x6f,
0x6e,0x74,0x2d,0x66,0x61,0x6d,0x69,0x6c,0x79,0x3a,0x20,0x76,0x61,0x72,0x28,0x2d,
0x2d,0x6d,0x6f,0x6e,0x6f,0x29,0x3b,0x0a,0x20,0x20,0x66,0x6f,0x6e,0x74,0x2d,0x73,
0x69,0x7a,0x65,0x3a,0x20,0x31,0x32,0x2e,0x35,0x70,0x78,0x3b,0x0a,0x20,0x20,0x77,
0x6f,0x72,0x64,0x2d,0x62,0x72,0x65,0x61,0x6b,0x3a,0x20,0x62,0x72,0x65,0x61,0x6b,
0x2d,0x61,0x6c,0x6c,0x3b,0x0a,0x20,0x20,0x63,0x6f,0x6c,0x6f,0x72,0x3a,0x20,0x76,
0x61,0x72,0x28,0x2d,0x2d,0x69,0x6e,0x6b,0x29,0x3b,0x0a,0x7d,0x0a,0x2e,0x68,0x69,
0x73,0x74,0x2d,0x69,0x74,0x65,0x6d,0x20,0x2e,0x68,0x2d,0x74,0x69,0x6d,0x65,0x20,
0x7b,0x20,0x63,0x6f,0x6c,0x6f,0x72,0x3a,0x20,0x76,0x61,0x72,0x28,0x2d,0x2d,0x6d,
0x75,0x74,0x65,0x64,0x29,0x3b,0x20,0x66,0x6f,0x6e,0x74,0x2d,0x73,0x69,0x7a,0x65,
0x3a,0x20,0x31,0x31,0x2e,0x35,0x70,0x78,0x3b,0x20,0x77,0x68,0x69,0x74,0x65,0x2d,
0x73,0x70,0x61,0x63,0x65,0x3a,0x20,0x6e,0x6f,0x77,0x72,0x61,0x70,0x3b,0x20,0x7d,
0x0a,0x2e,0x68,0x69,0x73,0x74,0x2d,0x65,0x6d,0x70,0x74,0x79,0x20,0x7b,0x20,0x63,
0x6f,0x6c,0x6f,0x72,0x3a,0x20,0x76,0x61,0x72,0x28,0x2d,0x2d,0x6d,0x75,0x74,0x65,
0x64,0x29,0x3b,0x20,0x66,0x6f,0x6e,0x74,0x2d,0x73,0x69,0x7a,0x65,0x3a,0x20,0x31,
0x33,0x70,0x78,0x3b,0x20,0x70,0x61,0x64,0x64,0x69,0x6e,0x67,0x3a,0x20,0x38,0x70,
0x78,0x20,0x32,0x70,0x78,0x3b,0x20,0x7d,0x0a,0x0a,0x40,0x6d,0x65,0x64,0x69,0x61,
0x20,0x28,0x6d,0x61,0x78,0x2d,0x77,0x69,0x64,0x74,0x68,0x3a,0x20,0x36,0x34,0x30,
0x70,0x78,0x29,0x20,0x7b,0x0a,0x20,0x20,0x68,0x65,0x61,0x64,0x65,0x72,0x20,0x7b,
0x20,0x66,0x6c,0x65,0x78,0x2d,0x64,0x69,0x72,0x65,0x63,0x74,0x69,0x6f,0x6e,0x3a,
0x20,0x63,0x6f,0x6c,0x75,0x6d,0x6e,0x3b,0x20,0x61,0x6c,0x69,0x67,0x6e,0x2d,0x69,
0x74,0x65,0x6d,0x73,0x3a,0x20,0x66,0x6c,0x65,0x78,0x2d,0x73,0x74,0x61,0x72,0x74,
0x3b,0x20,0x7d,0x0a,0x20,0x20,0x2e,0x72,0x6f,0x77,0x20,0x7b,0x20,0x66,0x6c,0x65,
0x78,0x2d,0x64,0x69,0x72,0x65,0x63,0x74,0x69,0x6f,0x6e,0x3a,0x20,0x63,0x6f,0x6c,
0x75,0x6d,0x6e,0x3b,0x20,0x7d,0x0a,0x20,0x20,0x2e,0x72,0x6f,0x77,0x2e,0x62,0x74,
0x6e,0x73,0x20,0x2e,0x62,0x74,0x6e,0x20,0x7b,0x20,0x77,0x69,0x64,0x74,0x68,0x3a,
0x20,0x31,0x30,0x30,0x25,0x3b,0x20,0x7d,0x0a,0x20,0x20,0x23,0x74,0x6f,0x61,0x73,
0x74,0x57,0x72,0x61,0x70,0x20,0x7b,0x20,0x6c,0x65,0x66,0x74,0x3a,0x20,0x31,0x32,
0x70,0x78,0x3b,0x20,0x72,0x69,0x67,0x68,0x74,0x3a,0x20,0x31,0x32,0x70,0x78,0x3b,
0x20,0x6d,0x61,0x78,0x2d,0x77,0x69,0x64,0x74,0x68,0x3a,0x20,0x6e,0x6f,0x6e,0x65,
0x3b,0x20,0x7d,0x0a,0x7d,0x0a,0x0a,0x2f,0x2a,0x20,0x2d,0x2d,0x2d,0x2d,0x20,0xe8,
0xbf,0x9b,0xe7,0xa8,0x8b,0xe6,0xa0,0x91,0xe5,0x8f,0xaf,0xe8,0xa7,0x86,0xe5,0x8c,
0x96,0xef,0xbc,0x88,0xe5,0x8d,0xa0,0xe7,0x94,0xa8,0xe8,0xbf,0x9b,0xe7,0xa8,0x8b,
0xe8,0xa1,0xa8,0xe6,0xa0,0xbc,0xe5,0x86,0x85,0xe5,0xb5,0x8c,0xe5,0xb1,0x82,0xe7,
0xba,0xa7,0xef,0xbc,0x89,0x20,0x2d,0x2d,0x2d,0x2d,0x20,0x2a,0x2f,0x0a,0x2e,0x6c,
0x6f,0x63,0x6b,0x65,0x72,0x2d,0x74,0x61,0x62,0x6c,0x65,0x20,0x2e,0x70,0x69,0x64,
0x20,0x7b,0x20,0x77,0x68,0x69,0x74,0x65,0x2d,0x73,0x70,0x61,0x63,0x65,0x3a,0x20,
0x6e,0x6f,0x77,0x72,0x61,0x70,0x3b,0x20,0x7d,0x0a,0x2e,0x74,0x77,0x2d,0x69,0x6e,
0x64,0x65,0x6e,0x74,0x20,0x7b,0x20,0x64,0x69,0x73,0x70,0x6c,0x61,0x79,0x3a,0x20,
0x69,0x6e,0x6c,0x69,0x6e,0x65,0x2d,0x62,0x6c,0x6f,0x63,0x6b,0x3b,0x20,0x76,0x65,
0x72,0x74,0x69,0x63,0x61,0x6c,0x2d,0x61,0x6c,0x69,0x67,0x6e,0x3a,0x20,0x2d,0x32,
0x70,0x78,0x3b,0x20,0x7d,0x0a,0x2e,0x61,0x72,0x72,0x6f,0x77,0x2c,0x20,0x2e,0x61,
0x72,0x72,0x6f,0x77,0x2d,0x73,0x70,0x61,0x63,0x65,0x72,0x20,0x7b,0x0a,0x20,0x20,
0x64,0x69,0x73,0x70,0x6c,0x61,0x79,0x3a,0x20,0x69,0x6e,0x6c,0x69,0x6e,0x65,0x2d,
0x62,0x6c,0x6f,0x63,0x6b,0x3b,0x0a,0x20,0x20,0x77,0x69,0x64,0x74,0x68,0x3a,0x20,
0x31,0x38,0x70,0x78,0x3b,0x0a,0x20,0x20,0x74,0x65,0x78,0x74,0x2d,0x61,0x6c,0x69,
0x67,0x6e,0x3a,0x20,0x63,0x65,0x6e,0x74,0x65,0x72,0x3b,0x0a,0x7d,0x0a,0x2e,0x61,
0x72,0x72,0x6f,0x77,0x20,0x7b,0x0a,0x20,0x20,0x63,0x75,0x72,0x73,0x6f,0x72,0x3a,
0x20,0x70,0x6f,0x69,0x6e,0x74,0x65,0x72,0x3b,0x0a,0x20,0x20,0x66,0x6f,0x6e,0x74,
0x2d,0x73,0x69,0x7a,0x65,0x3a,0x20,0x31,0x31,0x70,0x78,0x3b,0x0a,0x20,0x20,0x63,
0x6f,0x6c,0x6f,0x72,0x3a,0x20,0x76,0x61,0x72,0x28,0x2d,0x2d,0x6d,0x75,0x74,0x65,
0x64,0x29,0x3b,0x0a,0x20,0x20,0x74,0x72,0x61,0x6e,0x73,0x69,0x74,0x69,0x6f,0x6e,
0x3a,0x20,0x74,0x72,0x61,0x6e,0x73,0x66,0x6f,0x72,0x6d,0x20,0x2e,0x31,0x38,0x73,
0x20,0x65,0x61,0x73,0x65,0x3b,0x0a,0x20,0x20,0x75,0x73,0x65,0x72,0x2d,0x73,0x65,
0x6c,0x65,0x63,0x74,0x3a,0x20,0x6e,0x6f,0x6e,0x65,0x3b,0x0a,0x7d,0x0a,0x2e,0x74,
0x72,0x65,0x65,0x2d,0x72,0x6f,0x77,0x2e,0x63,0x6f,0x6c,0x6c,0x61,0x70,0x73,0x65,
0x64,0x20,0x2e,0x61,0x72,0x72,0x6f,0x77,0x20,0x7b,0x20,0x74,0x72,0x61,0x6e,0x73,
0x66,0x6f,0x72,0x6d,0x3a,0x20,0x72,0x6f,0x74,0x61,0x74,0x65,0x28,0x2d,0x39,0x30,
0x64,0x65,0x67,0x29,0x3b,0x20,0x7d,0x0a,0x2e,0x6e,0x6f,0x64,0x65,0x2d,0x69,0x63,
0x6f,0x6e,0x20,0x7b,0x20,0x6d,0x61,0x72,0x67,0x69,0x6e,0x2d,0x72,0x69,0x67,0x68,
0x74,0x3a,0x20,0x34,0x70,0x78,0x3b,0x20,0x7d,0x0a,0x74,0x72,0x2e,0x68,0x69,0x64,
0x64,0x65,0x6e,0x20,0x7b,0x20,0x64,0x69,0x73,0x70,0x6c,0x61,0x79,0x3a,0x20,0x6e,
0x6f,0x6e,0x65,0x3b,0x20,0x7d,0x0a,0x2e,0x74,0x72,0x65,0x65,0x2d,0x72,0x6f,0x77,
0x20,0x74,0x64,0x2e,0x70,0x6e,0x61,0x6d,0x65,0x20,0x7b,0x20,0x62,0x6f,0x72,0x64,
0x65,0x72,0x2d,0x6c,0x65,0x66,0x74,0x3a,0x20,0x33,0x70,0x78,0x20,0x73,0x6f,0x6c,
0x69,0x64,0x20,0x74,0x72,0x61,0x6e,0x73,0x70,0x61,0x72,0x65,0x6e,0x74,0x3b,0x20,
0x7d,0x0a,0x2e,0x74,0x72,0x65,0x65,0x2d,0x72,0x6f,0x77,0x5b,0x64,0x61,0x74,0x61,
0x2d,0x6c,0x65,0x76,0x65,0x6c,0x5d,0x3a,0x6e,0x6f,0x74,0x28,0x5b,0x64,0x61,0x74,
0x61,0x2d,0x6c,0x65,0x76,0x65,0x6c,0x3d,0x22,0x30,0x22,0x5d,0x29,0x20,0x74,0x64,
0x2e,0x70,0x6e,0x61,0x6d,0x65,0x20,0x7b,0x20,0x62,0x6f,0x72,0x64,0x65,0x72,0x2d,
0x6c,0x65,0x66,0x74,0x2d,0x63,0x6f,0x6c,0x6f,0x72,0x3a,0x20,0x76,0x61,0x72,0x28,
0x2d,0x2d,0x6c,0x69,0x6e,0x65,0x29,0x3b,0x20,0x7d,0x0a,0x0a,0x2f,0x2a,0x20,0x2d,
0x2d,0x2d,0x2d,0x20,0xe6,0xb7,0xb1,0xe8,0x89,0xb2,0xe6,0xa8,0xa1,0xe5,0xbc,0x8f,
0xef,0xbc,0x88,0xe8,0x87,0xaa,0xe5,0x8a,0xa8,0xe8,0xb7,0x9f,0xe9,0x9a,0x8f,0xe7,
0xb3,0xbb,0xe7,0xbb,0x9f,0x20,0x70,0x72,0x65,0x66,0x65,0x72,0x73,0x2d,0x63,0x6f,
0x6c,0x6f,0x72,0x2d,0x73,0x63,0x68,0x65,0x6d,0x65,0xef,0xbc,0x89,0x20,0x2d,0x2d,
0x2d,0x2d,0x20,0x2a,0x2f,0x0a,0x40,0x6d,0x65,0x64,0x69,0x61,0x20,0x28,0x70,0x72,
0x65,0x66,0x65,0x72,0x73,0x2d,0x63,0x6f,0x6c,0x6f,0x72,0x2d,0x73,0x63,0x68,0x65,
0x6d,0x65,0x3a,0x20,0x64,0x61,0x72,0x6b,0x29,0x20,0x7b,0x0a,0x20,0x20,0x3a,0x72,
0x6f,0x6f,0x74,0x20,0x7b,0x0a,0x20,0x20,0x20,0x20,0x2d,0x2d,0x62,0x67,0x3a,0x20,
0x23,0x30,0x66,0x31,0x37,0x32,0x61,0x3b,0x0a,0x20,0x20,0x20,0x20,0x2d,0x2d,0x63,
0x61,0x72,0x64,0x3a,0x20,0x23,0x31,0x65,0x32,0x39,0x33,0x62,0x3b,0x0a,0x20,0x20,
0x20,0x20,0x2d,0x2d,0x69,0x6e,0x6b,0x3a,0x20,0x23,0x66,0x38,0x66,0x61,0x66,0x63,
0x3b,0x0a,0x20,0x20,0x20,0x20,0x2d,0x2d,0x6d,0x75,0x74,0x65,0x64,0x3a,0x20,0x23,
0x39,0x34,0x61,0x33,0x62,0x38,0x3b,0x0a,0x20,0x20,0x20,0x20,0x2d,0x2d,0x6c,0x69,
0x6e,0x65,0x3a,0x20,0x23,0x33,0x33,0x34,0x31,0x35,0x35,0x3b,0x0a,0x20,0x20,0x20,
0x20,0x2d,0x2d,0x61,0x63,0x63,0x65,0x6e,0x74,0x3a,0x20,0x23,0x38,0x31,0x38,0x63,
0x66,0x38,0x3b,0x0a,0x20,0x20,0x20,0x20,0x2d,0x2d,0x61,0x63,0x63,0x65,0x6e,0x74,
0x2d,0x32,0x3a,0x20,0x23,0x36,0x33,0x36,0x36,0x66,0x31,0x3b,0x0a,0x20,0x20,0x20,
0x20,0x2d,0x2d,0x67,0x72,0x65,0x65,0x6e,0x3a,0x20,0x23,0x34,0x61,0x64,0x65,0x38,
0x30,0x3b,0x0a,0x20,0x20,0x20,0x20,0x2d,0x2d,0x72,0x65,0x64,0x3a,0x20,0x23,0x66,
0x38,0x37,0x31,0x37,0x31,0x3b,0x0a,0x20,0x20,0x20,0x20,0x2d,0x2d,0x61,0x6d,0x62,
0x65,0x72,0x3a,0x20,0x23,0x66,0x62,0x62,0x66,0x32,0x34,0x3b,0x0a,0x20,0x20,0x20,
0x20,0x2d,0x2d,0x73,0x68,0x61,0x64,0x6f,0x77,0x3a,0x20,0x30,0x20,0x34,0x70,0x78,
0x20,0x31,0x38,0x70,0x78,0x20,0x72,0x67,0x62,0x61,0x28,0x30,0x2c,0x20,0x30,0x2c,
0x20,0x30,0x2c,0x20,0x2e,0x34,0x29,0x3b,0x0a,0x20,0x20,0x7d,0x0a,0x0a,0x20,0x20,
0x68,0x65,0x61,0x64,0x65,0x72,0x20,0x7b,0x20,0x62,0x61,0x63,0x6b,0x67,0x72,0x6f,
0x75,0x6e,0x64,0x3a,0x20,0x6c,0x69,0x6e,0x65,0x61,0x72,0x2d,0x67,0x72,0x61,0x64,
0x69,0x65,0x6e,0x74,0x28,0x31,0x33,0x35,0x64,0x65,0x67,0x2c,0x20,0x23,0x31,0x65,
0x31,0x62,0x34,0x62,0x20,0x30,0x25,0x2c,0x20,0x23,0x33,0x31,0x32,0x65,0x38,0x31,
0x20,0x35,0x35,0x25,0x2c,0x20,0x23,0x34,0x33,0x33,0x38,0x63,0x61,0x20,0x31,0x30,
0x30,0x25,0x29,0x3b,0x20,0x7d,0x0a,0x0a,0x20,0x20,0x69,0x6e,0x70,0x75,0x74,0x5b,
0x74,0x79,0x70,0x65,0x3d,0x22,0x74,0x65,0x78,0x74,0x22,0x5d,0x2c,0x20,0x74,0x65,
0x78,0x74,0x61,0x72,0x65,0x61,0x2c,0x20,0x73,0x65,0x6c,0x65,0x63,0x74,0x20,0x7b,
0x0a,0x20,0x20,0x20,0x20,0x62,0x61,0x63,0x6b,0x67,0x72,0x6f,0x75,0x6e,0x64,0x3a,
0x20,0x23,0x30,0x66,0x31,0x37,0x32,0x61,0x3b,0x0a,0x20,0x20,0x20,0x20,0x63,0x6f,
0x6c,0x6f,0x72,0x3a,0x20,0x76,0x61,0x72,0x28,0x2d,0x2d,0x69,0x6e,0x6b,0x29,0x3b,
0x0a,0x20,0x20,0x20,0x20,0x62,0x6f,0x72,0x64,0x65,0x72,0x2d,0x63,0x6f,0x6c,0x6f,
0x72,0x3a,0x20,0x76,0x61,0x72,0x28,0x2d,0x2d,0x6c,0x69,0x6e,0x65,0x29,0x3b,0x0a,
0x20,0x20,0x7d,0x0a,0x20,0x20,0x3a,0x3a,0x70,0x6c,0x61,0x63,0x65,0x68,0x6f,0x6c,
0x64,0x65,0x72,0x20,0x7b,0x20,0x63,0x6f,0x6c,0x6f,0x72,0x3a,0x20,0x23,0x36,0x34,
0x37,0x34,0x38,0x62,0x3b,0x20,0x6f,0x70,0x61,0x63,0x69,0x74,0x79,0x3a,0x20,0x31,
0x3b,0x20,0x7d,0x0a,0x0a,0x20,0x20,0x2e,0x63,0x61,0x72,0x64,0x20,0x7b,0x20,0x62,
0x6f,0x72,0x64,0x65,0x72,0x3a,0x20,0x31,0x70,0x78,0x20,0x73,0x6f,0x6c,0x69,0x64,
0x20,0x76,0x61,0x72,0x28,0x2d,0x2d,0x6c,0x69,0x6e,0x65,0x29,0x3b,0x20,0x7d,0x0a,
0x20,0x20,0x2e,0x74,0x61,0x62,0x20,0x7b,0x20,0x62,0x61,0x63,0x6b,0x67,0x72,0x6f,
0x75,0x6e,0x64,0x3a,0x20,0x23,0x30,0x66,0x31,0x37,0x32,0x61,0x3b,0x20,0x63,0x6f,
0x6c,0x6f,0x72,0x3a,0x20,0x76,0x61,0x72,0x28,0x2d,0x2d,0x6d,0x75,0x74,0x65,0x64,
0x29,0x3b,0x20,0x7d,0x0a,0x20,0x20,0x2e,0x74,0x61,0x62,0x2e,0x61,0x63,0x74,0x69,
0x76,0x65,0x20,0x7b,0x20,0x62,0x61,0x63,0x6b,0x67,0x72,0x6f,0x75,0x6e,0x64,0x3a,
0x20,0x76,0x61,0x72,0x28,0x2d,0x2d,0x61,0x63,0x63,0x65,0x6e,0x74,0x29,0x3b,0x20,
0x63,0x6f,0x6c,0x6f,0x72,0x3a,0x20,0x23,0x30,0x66,0x31,0x37,0x32,0x61,0x3b,0x20,
0x7d,0x0a,0x20,0x20,0x2e,0x63,0x68,0x69,0x70,0x20,0x7b,0x20,0x62,0x61,0x63,0x6b,
0x67,0x72,0x6f,0x75,0x6e,0x64,0x3a,0x20,0x23,0x30,0x66,0x31,0x37,0x32,0x61,0x3b,
0x20,0x63,0x6f,0x6c,0x6f,0x72,0x3a,0x20,0x76,0x61,0x72,0x28,0x2d,0x2d,0x69,0x6e,
0x6b,0x29,0x3b,0x20,0x62,0x6f,0x72,0x64,0x65,0x72,0x2d,0x63,0x6f,0x6c,0x6f,0x72,
0x3a,0x20,0x76,0x61,0x72,0x28,0x2d,0x2d,0x6c,0x69,0x6e,0x65,0x29,0x3b,0x20,0x7d,
0x0a,0x20,0x20,0x2e,0x62,0x74,0x6e,0x2e,0x67,0x68,0x6f,0x73,0x74,0x20,0x7b,0x20,
0x62,0x61,0x63,0x6b,0x67,0x72,0x6f,0x75,0x6e,0x64,0x3a,0x20,0x23,0x30,0x66,0x31,
0x37,0x32,0x61,0x3b,0x20,0x63,0x6f,0x6c,0x6f,0x72,0x3a,0x20,0x76,0x61,0x72,0x28,
0x2d,0x2d,0x69,0x6e,0x6b,0x29,0x3b,0x20,0x62,0x6f,0x72,0x64,0x65,0x72,0x2d,0x63,
0x6f,0x6c,0x6f,0x72,0x3a,0x20,0x76,0x61,0x72,0x28,0x2d,0x2d,0x6c,0x69,0x6e,0x65,
0x29,0x3b,0x20,0x7d,0x0a,0x20,0x20,0x2e,0x62,0x74,0x6e,0x2e,0x67,0x68,0x6f,0x73,
0x74,0x3a,0x68,0x6f,0x76,0x65,0x72,0x20,0x7b,0x20,0x62,0x61,0x63,0x6b,0x67,0x72,
0x6f,0x75,0x6e,0x64,0x3a,0x20,0x23,0x31,0x65,0x32,0x39,0x33,0x62,0x3b,0x20,0x62,
0x6f,0x72,0x64,0x65,0x72,0x2d,0x63,0x6f,0x6c,0x6f,0x72,0x3a,0x20,0x76,0x61,0x72,
0x28,0x2d,0x2d,0x61,0x63,0x63,0x65,0x6e,0x74,0x2d,0x32,0x29,0x3b,0x20,0x7d,0x0a,
0x20,0x20,0x2e,0x6c,0x6f,0x63,0x6b,0x65,0x72,0x2d,0x74,0x61,0x62,0x6c,0x65,0x20,
0x74,0x68,0x20,0x7b,0x20,0x62,0x61,0x63,0x6b,0x67,0x72,0x6f,0x75,0x6e,0x64,0x3a,
0x20,0x23,0x31,0x36,0x32,0x30,0x33,0x61,0x3b,0x20,0x7d,0x0a,0x20,0x20,0x2e,0x62,
0x61,0x64,0x67,0x65,0x20,0x7b,0x20,0x62,0x61,0x63,0x6b,0x67,0x72,0x6f,0x75,0x6e,
0x64,0x3a,0x20,0x23,0x31,0x65,0x32,0x39,0x33,0x62,0x3b,0x20,0x63,0x6f,0x6c,0x6f,
0x72,0x3a,0x20,0x76,0x61,0x72,0x28,0x2d,0x2d,0x6d,0x75,0x74,0x65,0x64,0x29,0x3b,
0x20,0x7d,0x0a,0x20,0x20,0x2e,0x62,0x61,0x64,0x67,0x65,0x2e,0x6f,0x6b,0x20,0x7b,
0x20,0x62,0x61,0x63,0x6b,0x67,0x72,0x6f,0x75,0x6e,0x64,0x3a,0x20,0x72,0x67,0x62,
0x61,0x28,0x32,0x32,0x2c,0x20,0x31,0x30,0x31,0x2c,0x20,0x35,0x32,0x2c,0x20,0x2e,
0x33,0x35,0x29,0x3b,0x20,0x7d,0x0a,0x20,0x20,0x2e,0x62,0x61,0x64,0x67,0x65,0x2e,
0x62,0x61,0x64,0x20,0x7b,0x20,0x62,0x61,0x63,0x6b,0x67,0x72,0x6f,0x75,0x6e,0x64,
0x3a,0x20,0x72,0x67,0x62,0x61,0x28,0x31,0x32,0x37,0x2c,0x20,0x32,0x39,0x2c,0x20,
0x32,0x39,0x2c,0x20,0x2e,0x34,0x29,0x3b,0x20,0x7d,0x0a,0x20,0x20,0x2e,0x62,0x61,
0x64,0x67,0x65,0x2e,0x6e,0x65,0x75,0x74,0x72,0x61,0x6c,0x20,0x7b,0x20,0x62,0x61,
0x63,0x6b,0x67,0x72,0x6f,0x75,0x6e,0x64,0x3a,0x20,0x72,0x67,0x62,0x61,0x28,0x34,
0x39,0x2c,0x20,0x34,0x36,0x2c,0x20,0x31,0x32,0x39,0x2c,0x20,0x2e,0x35,0x29,0x3b,
0x20,0x63,0x6f,0x6c,0x6f,0x72,0x3a,0x20,0x76,0x61,0x72,0x28,0x2d,0x2d,0x61,0x63,
0x63,0x65,0x6e,0x74,0x29,0x3b,0x20,0x7d,0x0a,0x20,0x20,0x2e,0x70,0x61,0x74,0x68,
0x2d,0x6c,0x69,0x6e,0x6b,0x20,0x7b,0x20,0x62,0x61,0x63,0x6b,0x67,0x72,0x6f,0x75,
0x6e,0x64,0x3a,0x20,0x23,0x31,0x36,0x32,0x30,0x33,0x61,0x3b,0x20,0x63,0x6f,0x6c,
0x6f,0x72,0x3a,0x20,0x76,0x61,0x72,0x28,0x2d,0x2d,0x69,0x6e,0x6b,0x29,0x3b,0x20,
0x7d,0x0a,0x20,0x20,0x2e,0x70,0x61,0x74,0x68,0x2d,0x6c,0x69,0x6e,0x6b,0x3a,0x68,
0x6f,0x76,0x65,0x72,0x20,0x7b,0x20,0x62,0x61,0x63,0x6b,0x67,0x72,0x6f,0x75,0x6e,
0x64,0x3a,0x20,0x23,0x31,0x65,0x32,0x39,0x33,0x62,0x3b,0x20,0x7d,0x0a,0x20,0x20,
0x2e,0x68,0x69,0x73,0x74,0x2d,0x69,0x74,0x65,0x6d,0x20,0x7b,0x20,0x62,0x61,0x63,
0x6b,0x67,0x72,0x6f,0x75,0x6e,0x64,0x3a,0x20,0x23,0x31,0x36,0x32,0x30,0x33,0x61,
0x3b,0x20,0x7d,0x0a,0x20,0x20,0x2e,0x68,0x69,0x73,0x74,0x2d,0x69,0x74,0x65,0x6d,
0x3a,0x68,0x6f,0x76,0x65,0x72,0x20,0x7b,0x20,0x62,0x61,0x63,0x6b,0x67,0x72,0x6f,
0x75,0x6e,0x64,0x3a,0x20,0x23,0x31,0x65,0x32,0x39,0x33,0x62,0x3b,0x20,0x7d,0x0a,
0x20,0x20,0x2e,0x74,0x6f,0x61,0x73,0x74,0x20,0x7b,0x20,0x62,0x61,0x63,0x6b,0x67,
0x72,0x6f,0x75,0x6e,0x64,0x3a,0x20,0x23,0x31,0x65,0x32,0x39,0x33,0x62,0x3b,0x20,
0x63,0x6f,0x6c,0x6f,0x72,0x3a,0x20,0x76,0x61,0x72,0x28,0x2d,0x2d,0x69,0x6e,0x6b,
0x29,0x3b,0x20,0x62,0x6f,0x78,0x2d,0x73,0x68,0x61,0x64,0x6f,0x77,0x3a,0x20,0x30,
0x20,0x31,0x30,0x70,0x78,0x20,0x33,0x30,0x70,0x78,0x20,0x72,0x67,0x62,0x61,0x28,
0x30,0x2c,0x20,0x30,0x2c,0x20,0x30,0x2c,0x20,0x2e,0x35,0x29,0x3b,0x20,0x7d,0x0a,
0x20,0x20,0x2e,0x64,0x72,0x6f,0x70,0x2d,0x69,0x6e,0x6e,0x65,0x72,0x20,0x7b,0x20,
0x62,0x61,0x63,0x6b,0x67,0x72,0x6f,0x75,0x6e,0x64,0x3a,0x20,0x23,0x31,0x65,0x32,
0x39,0x33,0x62,0x3b,0x20,0x7d,0x0a,0x20,0x20,0x2e,0x63,0x6f,0x6e,0x63,0x6c,0x75,
0x73,0x69,0x6f,0x6e,0x2e,0x77,0x61,0x72,0x6e,0x20,0x7b,0x20,0x62,0x61,0x63,0x6b,
0x67,0x72,0x6f,0x75,0x6e,0x64,0x3a,0x20,0x72,0x67,0x62,0x61,0x28,0x31,0x32,0x30,
0x2c,0x20,0x35,0x33,0x2c,0x20,0x31,0x35,0x2c,0x20,0x2e,0x33,0x35,0x29,0x3b,0x20,
0x63,0x6f,0x6c,0x6f,0x72,0x3a,0x20,0x76,0x61,0x72,0x28,0x2d,0x2d,0x61,0x6d,0x62,
0x65,0x72,0x29,0x3b,0x20,0x7d,0x0a,0x7d,0x0a,
};
static const unsigned int EMB_STYLE_CSS_LEN = 11977;

#endif /* WEB_EMBEDDED_H */
